split,cycle_id,relpath,nominal_temp_c,test_type,is_trise,n_samples,duration_s,soc_start,soc_end,temp_min_c,temp_max_c,I_max_A,I_min_A
test_ood,06-24-17_04.29 n20degC_Cycle_1_Pan18650PF,-20degC/Drive cycles/06-24-17_04.29 n20degC_Cycle_1_Pan18650PF.mat,-20.0,cycle,False,5081,5080.0,0.9999827586206896,0.3999896551724138,-20.331744399999998,-3.149422,14.794480997430053,0.0
test_ood,06-24-17_11.58 n20degC_Cycle_2_Pan18650PF,-20degC/Drive cycles/06-24-17_11.58 n20degC_Cycle_2_Pan18650PF.mat,-20.0,cycle,False,5047,5046.0,1.0,0.3999931034482759,-20.331744399999998,-4.2872776,14.099466621248952,0.0
test_ood,06-24-17_19.29 n20degC_Cycle_3_Pan18650PF,-20degC/Drive cycles/06-24-17_19.29 n20degC_Cycle_3_Pan18650PF.mat,-20.0,cycle,False,5024,5023.0,1.0,0.3999931034482759,-20.3203102,-6.5508928,15.370904538043522,0.0
test_ood,06-25-17_03.01 n20degC_Cycle_4_Pan18650PF,-20degC/Drive cycles/06-25-17_03.01 n20degC_Cycle_4_Pan18650PF.mat,-20.0,cycle,False,5044,5043.0,1.0,0.39996896551724137,-20.3431684,-5.1951472,14.236435047301011,0.0
test_ood,06-30-17_19.27 n20degC_trise_Cycle_1_Pan18650PF,-20degC Trise/06-30-17_19.27 n20degC_trise_Cycle_1_Pan18650PF.mat,-20.0,cycle,True,6948,6947.0,0.9999896551724138,0.19997931034482763,-19.9316086,12.852410333333333,13.476478560071893,0.0
test_ood,07-01-17_01.30 n20degC_trise_Cycle_2_Pan18650PF,-20degC Trise/07-01-17_01.30 n20degC_trise_Cycle_2_Pan18650PF.mat,-20.0,cycle,True,6968,6967.0,0.9999724137931034,0.19998965517241374,-19.9316086,12.006937,13.503879145400639,0.0
test_ood,07-01-17_07.36 n20degC_trise_Cycle_3_Pan18650PF,-20degC Trise/07-01-17_07.36 n20degC_trise_Cycle_3_Pan18650PF.mat,-20.0,cycle,True,6089,6088.0,1.0,0.199996551724138,-20.1373936,16.53542733333333,13.854236209508821,0.0
test_ood,07-01-17_13.42 n20degC_trise_Cycle_4_Pan18650PF,-20degC Trise/07-01-17_13.42 n20degC_trise_Cycle_4_Pan18650PF.mat,-20.0,cycle,True,7596,7595.0,1.0,0.1999931034482758,-19.9316086,12.863983666666666,13.528217184732146,0.0
test_ood,06-23-17_23.35 n20degC_HWFET_Pan18650PF,-20degC/Drive cycles/06-23-17_23.35 n20degC_HWFET_Pan18650PF.mat,-20.0,hwfet,False,11371,11370.0,1.0,0.4,-20.343148425179034,16.118477333333335,5.809356471818633,0.0
test_ood,06-23-17_23.35 n20degC_LA92_Pan18650PF,-20degC/Drive cycles/06-23-17_23.35 n20degC_LA92_Pan18650PF.mat,-20.0,la92,False,12850,12849.0,1.0,0.39998275862068955,-20.1145252,16.106893666666664,10.123194657941694,0.0
test_ood,06-23-17_23.35 n20degC_NN_Pan18650PF,-20degC/Drive cycles/06-23-17_23.35 n20degC_NN_Pan18650PF.mat,-20.0,nn,False,11679,11678.0,1.0,0.39995862068965515,-20.343168208614763,16.570168000000002,15.328590768041723,0.0
test_ood,06-23-17_23.35 n20degC_UDDS_Pan18650PF,-20degC/Drive cycles/06-23-17_23.35 n20degC_UDDS_Pan18650PF.mat,-20.0,udds,False,16082,16081.0,1.0,0.39997241379310344,-20.125959400000003,16.326952333333335,7.277734674243399,0.0
test_ood,06-25-17_10.31 n20degC_US06_Pan18650PF,-20degC/Drive cycles/06-25-17_10.31 n20degC_US06_Pan18650PF.mat,-20.0,us06,False,2662,2661.0,1.0,0.39995862068965515,-20.1145252,-0.11703720000000017,12.372794852199316,0.0
test_ood,07-01-17_19.59 n20degC_trise_US06_Pan18650PF,-20degC Trise/07-01-17_19.59 n20degC_trise_US06_Pan18650PF.mat,-20.0,us06,True,3534,3533.0,1.0,0.1999827586206896,-19.9316086,12.840826666666667,13.42970896996499,0.0
test_ood,06-10-17_11.25 n10degC_Cycle_1_Pan18650PF,-10degC/Drive Cycles/06-10-17_11.25 n10degC_Cycle_1_Pan18650PF.mat,-10.0,cycle,False,6035,6034.0,0.9999827586206896,0.29999655172413797,-10.158484505552954,1.3998716999999998,14.155999527044292,0.0
test_ood,06-10-17_18.35 n10degC_Cycle_2_Pan18650PF,-10degC/Drive Cycles/06-10-17_18.35 n10degC_Cycle_2_Pan18650PF.mat,-10.0,cycle,False,5983,5982.0,1.0,0.29998620689655164,-9.928149999999999,0.3357659999999998,13.981894994079715,0.0
test_ood,06-11-17_01.39 n10degC_Cycle_3_Pan18650PF,-10degC/Drive Cycles/06-11-17_01.39 n10degC_Cycle_3_Pan18650PF.mat,-10.0,cycle,False,5697,5696.0,0.9999862068965517,0.29998620689655164,-10.1460292,2.8715124000000003,13.35645487869793,0.0
test_ood,06-11-17_08.42 n10degC_Cycle_4_Pan18650PF,-10degC/Drive Cycles/06-11-17_08.42 n10degC_Cycle_4_Pan18650PF.mat,-10.0,cycle,False,6120,6119.0,1.0,0.29999655172413797,-10.158135999999999,-0.08308099999999996,14.435586800624277,0.0
test_ood,06-07-17_08.39 n10degC_HWFET_Pan18650PF,-10degC/Drive Cycles/06-07-17_08.39 n10degC_HWFET_Pan18650PF.mat,-10.0,hwfet,False,12280,12279.0,1.0,0.2999793103448275,-10.1702428,16.998691333333333,5.182479218694815,0.0
test_ood,06-07-17_08.39 n10degC_LA92_Pan18650PF,-10degC/Drive Cycles/06-07-17_08.39 n10degC_LA92_Pan18650PF.mat,-10.0,la92,False,14094,14093.0,1.0,0.29999655172413797,-10.158135982954228,17.010275,9.91170400415569,0.0
test_ood,06-14-17_13.12 n10degC_NN_Pan18650PF,-10degC/Drive Cycles/06-14-17_13.12 n10degC_NN_Pan18650PF.mat,-10.0,nn,False,5268,5267.0,1.0,0.29993793103448274,-10.1702428,0.5474149290666929,14.865211542486344,0.0
test_ood,06-07-17_08.39 n10degC_UDDS_Pan18650PF,-10degC/Drive Cycles/06-07-17_08.39 n10degC_UDDS_Pan18650PF.mat,-10.0,udds,False,18115,18114.0,1.0,0.2999896551724137,-10.29385891181874,16.790226666666666,7.143237036210878,0.0
test_ood,06-07-17_08.39 n10degC_US06_Pan18650PF,-10degC/Drive Cycles/06-07-17_08.39 n10degC_US06_Pan18650PF.mat,-10.0,us06,False,10258,10257.0,1.0,0.2999793103448275,-10.158135999999999,16.998691333333333,13.02106162829746,0.0
test_id,05-30-17_12.56 0degC_Cycle_1_Pan18650PF,0degC/Drive cycles/05-30-17_12.56 0degC_Cycle_1_Pan18650PF.mat,0.0,cycle,False,8816,8815.0,1.0,0.09999999999999998,0.3244539999999996,8.1580847,12.44815713168011,0.0
test_id,05-30-17_20.16 0degC_Cycle_2_Pan18650PF,0degC/Drive cycles/05-30-17_20.16 0degC_Cycle_2_Pan18650PF.mat,0.0,cycle,False,8389,8388.0,1.0,0.09999999999999998,0.5395334999999997,9.227301333333333,12.361018526968952,0.0
test_id,06-01-17_15.36 0degC_Cycle_3_Pan18650PF,0degC/Drive cycles/06-01-17_15.36 0degC_Cycle_3_Pan18650PF.mat,0.0,cycle,False,6260,6259.0,0.9999862068965517,0.1999586206896551,0.9697026000000002,12.667092333333333,12.62095414069333,0.0
test_id,06-01-17_22.03 0degC_Cycle_4_Pan18650PF,0degC/Drive cycles/06-01-17_22.03 0degC_Cycle_4_Pan18650PF.mat,0.0,cycle,False,7718,7717.0,1.0,0.19995517241379313,0.7546231000000001,7.3203907,12.786653062571785,0.0
train,06-02-17_10.43 0degC_HWFET_Pan18650PF,0degC/Drive cycles/06-02-17_10.43 0degC_HWFET_Pan18650PF.mat,0.0,hwfet,False,5999,5998.0,1.0,0.19998620689655167,0.5286728592551837,5.611026300000001,5.88312749680237,0.0
train,06-01-17_10.36 0degC_LA92_Pan18650PF,0degC/Drive cycles/06-01-17_10.36 0degC_LA92_Pan18650PF.mat,0.0,la92,False,15406,15405.0,1.0,0.1999931034482758,0.3018105554225197,18.284282,9.42913065579664,0.0
train,06-01-17_10.36 0degC_NN_Pan18650PF,0degC/Drive cycles/06-01-17_10.36 0degC_NN_Pan18650PF.mat,0.0,nn,False,13477,13476.0,1.0,0.1999931034482758,0.31313906507434647,18.272698333333334,15.056689912397736,0.0
val,06-02-17_17.14 0degC_UDDS_Pan18650PF,0degC/Drive cycles/06-02-17_17.14 0degC_UDDS_Pan18650PF.mat,0.0,udds,False,12869,12868.0,1.0,0.19996551724137923,0.5508555876988611,3.4941269,6.931037006761102,0.0
train,06-02-17_04.58 0degC_US06_Pan18650PF,0degC/Drive cycles/06-02-17_04.58 0degC_US06_Pan18650PF.mat,0.0,us06,False,3673,3672.0,1.0,0.1999724137931035,0.5508556,13.987423666666666,13.425983697140968,0.0
test_ood,03-28-17_12.51 10degC_Cycle_1_Pan18650PF,10degC/Drive Cycles/03-28-17_12.51 10degC_Cycle_1_Pan18650PF.mat,10.0,cycle,False,9396,9395.0,1.0,0.2444827586206897,10.767681,15.296171333333334,17.298549389860607,-8.927735493399213
test_ood,03-28-17_18.18 10degC_Cycle_2_Pan18650PF,10degC/Drive Cycles/03-28-17_18.18 10degC_Cycle_2_Pan18650PF.mat,10.0,cycle,False,8124,8123.0,0.9999724137931034,0.26505862068965513,10.536038666666666,17.033442333333333,21.00394997794914,-8.899180172062417
test_ood,04-05-17_17.04 10degC_Cycle_3_Pan18650PF,10degC/Drive Cycles/04-05-17_17.04 10degC_Cycle_3_Pan18650PF.mat,10.0,cycle,False,10098,10097.0,0.9999862068965517,0.12392758620689648,10.525547703076091,15.944753333333333,18.102334926422593,-9.150835810641098
test_ood,04-05-17_22.50 10degC_Cycle_4_Pan18650PF,10degC/Drive Cycles/04-05-17_22.50 10degC_Cycle_4_Pan18650PF.mat,10.0,cycle,False,9918,9917.0,1.0,0.14284827586206894,10.559206,16.396444,19.27875794124386,-9.279207858185092
test_ood,07-09-17_19.11 10degC_trise_Cycle_1_Pan18650PF,10degC Trise/07-09-17_19.11 10degC_trise_Cycle_1_Pan18650PF.mat,10.0,cycle,True,9819,9818.0,1.0,0.199996551724138,10.303489289591047,27.28951,12.712809858181455,-8.984828546843996
test_ood,07-10-17_01.57 10degC_trise_Cycle_2_Pan18650PF,10degC Trise/07-10-17_01.57 10degC_trise_Cycle_2_Pan18650PF.mat,10.0,cycle,True,9835,9834.0,0.9999758620689655,0.1999827586206896,10.072774666666668,25.18237,12.676508597563977,-8.957607891198638
test_ood,07-10-17_08.45 10degC_trise_Cycle_3_Pan18650PF,10degC Trise/07-10-17_08.45 10degC_trise_Cycle_3_Pan18650PF.mat,10.0,cycle,True,9827,9826.0,1.0,0.199996551724138,10.084347999999999,23.727726999999998,12.676510110696759,-9.288229209365111
test_ood,07-10-17_15.34 10degC_trise_Cycle_4_Pan18650PF,10degC Trise/07-10-17_15.34 10degC_trise_Cycle_4_Pan18650PF.mat,10.0,cycle,True,9663,9662.0,1.0,0.19998965517241374,10.084347999999999,25.39533,13.25882885853174,-9.014477869030308
test_ood,03-27-17_09.06 10degC_HWFET_Pan18650PF,10degC/Drive Cycles/03-27-17_09.06 10degC_HWFET_Pan18650PF.mat,10.0,hwfet,False,10592,10591.0,1.0,0.12117931034482765,10.559230317871334,23.727726999999998,5.263800695522356,-5.294433817425317
test_ood,03-27-17_09.06 10degC_LA92_Pan18650PF,10degC/Drive Cycles/03-27-17_09.06 10degC_LA92_Pan18650PF.mat,10.0,la92,False,16146,16145.0,1.0,0.18162068965517242,10.304406666666667,23.924618333333335,10.078377464923747,-9.117276442604364
test_ood,03-27-17_09.06 10degC_NN_Pan18650PF,10degC/Drive Cycles/03-27-17_09.06 10degC_NN_Pan18650PF.mat,10.0,nn,False,14079,14078.0,1.0,0.18588620689655166,10.524465333333334,23.484511333333334,14.979820806109714,-7.608943800835245
test_ood,03-27-17_09.06 10degC_UDDS_Pan18650PF,10degC/Drive Cycles/03-27-17_09.06 10degC_UDDS_Pan18650PF.mat,10.0,udds,False,24610,24609.0,1.0,0.11090344827586196,10.539524830568725,23.716143333333335,6.609529607986357,-3.813980980092931
test_ood,03-27-17_09.06 10degC_US06_Pan18650PF,10degC/Drive Cycles/03-27-17_09.06 10degC_US06_Pan18650PF.mat,10.0,us06,False,4211,4210.0,1.0,0.21403793103448276,10.756097333333333,18.990772,19.81957931980997,-7.319040789385956
test_ood,03-18-17_02.17 25degC_Cycle_1_Pan18650PF,Panasonic 18650PF Data/25degC/Drive cycles/03-18-17_02.17 25degC_Cycle_1_Pan18650PF.mat,25.0,cycle,False,10984,10983.0,1.0,0.07049310344827586,21.781981,30.02432,18.85341407501736,-10.280233217538761
test_ood,03-19-17_03.25 25degC_Cycle_2_Pan18650PF,Panasonic 18650PF Data/25degC/Drive cycles/03-19-17_03.25 25degC_Cycle_2_Pan18650PF.mat,25.0,cycle,False,11148,11147.0,0.9999724137931034,0.06503448275862078,25.6307,29.40786,18.00899085796101,-9.560172517723798
test_ood,03-19-17_09.07 25degC_Cycle_3_Pan18650PF,Panasonic 18650PF Data/25degC/Drive cycles/03-19-17_09.07 25degC_Cycle_3_Pan18650PF.mat,25.0,cycle,False,10265,10264.0,0.9999862068965517,0.1274793103448275,25.42895,29.407626592778865,17.075401807194755,-9.236730341194095
test_ood,03-19-17_14.31 25degC_Cycle_4_Pan18650PF,Panasonic 18650PF Data/25degC/Drive cycles/03-19-17_14.31 25degC_Cycle_4_Pan18650PF.mat,25.0,cycle,False,12107,12106.0,1.0,0.03511379310344831,25.426998191586435,29.1837,17.50219319465804,-9.468993473458424
test_ood,03-20-17_05.56 25degC_HWFTa_Pan18650PF,Panasonic 18650PF Data/25degC/Drive cycles/03-20-17_05.56 25degC_HWFTa_Pan18650PF.mat,25.0,hwfet,False,7613,7612.0,1.0,0.0661793103448276,25.61949,29.83378,5.456150877332164,-5.343099581951818
test_ood,03-20-17_19.27 25degC_HWFTb_Pan18650PF,Panasonic 18650PF Data/25degC/Drive cycles/03-20-17_19.27 25degC_HWFTb_Pan18650PF.mat,25.0,hwfet,False,7598,7597.0,1.0,0.06791724137931032,25.60828,29.81136,5.556926687489887,-5.34370475729913
test_ood,03-21-17_09.38 25degC_LA92_Pan18650PF,Panasonic 18650PF Data/25degC/Drive cycles/03-21-17_09.38 25degC_LA92_Pan18650PF.mat,25.0,la92,False,14104,14103.0,1.0,0.10792068965517243,25.6307,27.9508,9.799033635082164,-9.425096009233147
test_ood,03-21-17_16.27 25degC_NN_Pan18650PF,Panasonic 18650PF Data/25degC/Drive cycles/03-21-17_16.27 25degC_NN_Pan18650PF.mat,25.0,nn,False,11734,11733.0,1.0,0.12082068965517234,25.41774,29.81136,14.599513286889007,-7.747549218106494
test_ood,03-21-17_00.29 25degC_UDDS_Pan18650PF,Panasonic 18650PF Data/25degC/Drive cycles/03-21-17_00.29 25degC_UDDS_Pan18650PF.mat,25.0,udds,False,22448,22447.0,1.0,0.06845172413793099,25.61949,27.09897,7.326796591944901,-4.106447139140347
test_ood,03-20-17_01.43 25degC_US06_Pan18650PF,Panasonic 18650PF Data/25degC/Drive cycles/03-20-17_01.43 25degC_US06_Pan18650PF.mat,25.0,us06,False,4819,4818.0,1.0,0.10828965517241373,25.60828,32.77033,19.7985168997966,-7.4817746854760365
