exp,seed,eval_group,cycle_id,RMSE,temperature_C,span_pp,soc_min,soc_max,rmse_rel_pct
A2-0,7,test_id(25C),03-18-17_02.17 25degC_Cycle_1_Pan18650PF,0.7303272485733032,25.0,88.72409617395462,0.0704931034482758,0.957734065187822,0.8231441965228993
A2-0,13,test_id(25C),03-18-17_02.17 25degC_Cycle_1_Pan18650PF,0.7562857866287231,25.0,88.72409617395462,0.0704931034482758,0.957734065187822,0.8524017930212902
A2-0,42,test_id(25C),03-18-17_02.17 25degC_Cycle_1_Pan18650PF,0.7014502882957458,25.0,88.72409617395462,0.0704931034482758,0.957734065187822,0.7905972768890938
A2-0,7,test_id(25C),03-19-17_03.25 25degC_Cycle_2_Pan18650PF,0.6679958701133728,25.0,88.96038624527624,0.0650344827586207,0.954638345211383,0.7508913779573918
A2-0,13,test_id(25C),03-19-17_03.25 25degC_Cycle_2_Pan18650PF,0.6428241729736328,25.0,88.96038624527624,0.0650344827586207,0.954638345211383,0.722595977946045
A2-0,42,test_id(25C),03-19-17_03.25 25degC_Cycle_2_Pan18650PF,0.6811798214912415,25.0,88.96038624527624,0.0650344827586207,0.954638345211383,0.7657114028407356
A2-0,7,test_id(25C),03-19-17_09.07 25degC_Cycle_3_Pan18650PF,0.3936609029769897,25.0,83.80947249679896,0.1274793103448275,0.9655740353128172,0.46970931954263917
A2-0,13,test_id(25C),03-19-17_09.07 25degC_Cycle_3_Pan18650PF,0.3486994802951813,25.0,83.80947249679896,0.1274793103448275,0.9655740353128172,0.41606213463340863
A2-0,42,test_id(25C),03-19-17_09.07 25degC_Cycle_3_Pan18650PF,0.3834105730056762,25.0,83.80947249679896,0.1274793103448275,0.9655740353128172,0.45747880470232083
A2-0,7,test_id(25C),03-19-17_14.31 25degC_Cycle_4_Pan18650PF,0.5927048325538635,25.0,93.77206896551725,0.0351137931034483,0.9728344827586208,0.6320696973976532
A2-0,13,test_id(25C),03-19-17_14.31 25degC_Cycle_4_Pan18650PF,0.6166596412658691,25.0,93.77206896551725,0.0351137931034483,0.9728344827586208,0.6576154798212174
A2-0,42,test_id(25C),03-19-17_14.31 25degC_Cycle_4_Pan18650PF,0.9239816665649414,25.0,93.77206896551725,0.0351137931034483,0.9728344827586208,0.9853484910359787
A2-0,7,ood(10C),03-27-17_09.06 10degC_HWFET_Pan18650PF,3.0105068683624268,10.0,87.88206896551725,0.1211793103448276,1.0,3.425621294309394
A2-0,13,ood(10C),03-27-17_09.06 10degC_HWFET_Pan18650PF,2.9517221450805664,10.0,87.88206896551725,0.1211793103448276,1.0,3.358730830789554
A2-0,42,ood(10C),03-27-17_09.06 10degC_HWFET_Pan18650PF,2.7588298320770264,10.0,87.88206896551725,0.1211793103448276,1.0,3.1392408764972553
A2-0,7,ood(10C),03-27-17_09.06 10degC_LA92_Pan18650PF,3.30226731300354,10.0,81.83793103448276,0.1816206896551724,1.0,4.035130496654559
A2-0,13,ood(10C),03-27-17_09.06 10degC_LA92_Pan18650PF,3.441810846328736,10.0,81.83793103448276,0.1816206896551724,1.0,4.205642545971151
A2-0,42,ood(10C),03-27-17_09.06 10degC_LA92_Pan18650PF,3.1685941219329834,10.0,81.83793103448276,0.1816206896551724,1.0,3.871791578648149
A2-0,7,ood(10C),03-27-17_09.06 10degC_NN_Pan18650PF,2.664272785186768,10.0,81.41137931034483,0.1858862068965516,1.0,3.2726048959696503
A2-0,13,ood(10C),03-27-17_09.06 10degC_NN_Pan18650PF,2.7356832027435303,10.0,81.41137931034483,0.1858862068965516,1.0,3.360320419477171
A2-0,42,ood(10C),03-27-17_09.06 10degC_NN_Pan18650PF,2.517010450363159,10.0,81.41137931034483,0.1858862068965516,1.0,3.091718223773327
A2-0,7,ood(10C),03-27-17_09.06 10degC_UDDS_Pan18650PF,2.18516492843628,10.0,88.9096551724138,0.1109034482758619,1.0,2.4577363664259
A2-0,13,ood(10C),03-27-17_09.06 10degC_UDDS_Pan18650PF,2.2976365089416504,10.0,88.9096551724138,0.1109034482758619,1.0,2.584237341249461
A2-0,42,ood(10C),03-27-17_09.06 10degC_UDDS_Pan18650PF,2.0464906692504883,10.0,88.9096551724138,0.1109034482758619,1.0,2.3017642631522177
A2-0,7,ood(10C),03-27-17_09.06 10degC_US06_Pan18650PF,3.8886351585388175,10.0,70.89251148171051,0.2140379310344827,0.922963045851588,5.485255180361388
A2-0,13,ood(10C),03-27-17_09.06 10degC_US06_Pan18650PF,3.813828468322754,10.0,70.89251148171051,0.2140379310344827,0.922963045851588,5.3797338937649
A2-0,42,ood(10C),03-27-17_09.06 10degC_US06_Pan18650PF,3.6280086040496826,10.0,70.89251148171051,0.2140379310344827,0.922963045851588,5.117618953287709
A2-0,7,ood(10C),03-28-17_12.51 10degC_Cycle_1_Pan18650PF,3.5472230911254883,10.0,71.26232355633927,0.2444827586206897,0.9571059941840824,4.977697770857962
A2-0,13,ood(10C),03-28-17_12.51 10degC_Cycle_1_Pan18650PF,3.621991395950317,10.0,71.26232355633927,0.2444827586206897,0.9571059941840824,5.082617595378864
A2-0,42,ood(10C),03-28-17_12.51 10degC_Cycle_1_Pan18650PF,3.417344093322754,10.0,71.26232355633927,0.2444827586206897,0.9571059941840824,4.795442981340675
A2-0,7,ood(10C),03-28-17_18.18 10degC_Cycle_2_Pan18650PF,4.616703510284424,10.0,68.868196988966,0.2650586206896551,0.9537405905793152,6.7036799453659395
A2-0,13,ood(10C),03-28-17_18.18 10degC_Cycle_2_Pan18650PF,4.748355388641357,10.0,68.868196988966,0.2650586206896551,0.9537405905793152,6.89484493023991
A2-0,42,ood(10C),03-28-17_18.18 10degC_Cycle_2_Pan18650PF,4.507599830627441,10.0,68.868196988966,0.2650586206896551,0.9537405905793152,6.545256050989173
A2-0,7,ood(10C),04-05-17_17.04 10degC_Cycle_3_Pan18650PF,4.642809867858887,10.0,84.05916506331272,0.1239275862068964,0.9645192368400236,5.52326431551153
A2-0,13,ood(10C),04-05-17_17.04 10degC_Cycle_3_Pan18650PF,4.65555477142334,10.0,84.05916506331272,0.1239275862068964,0.9645192368400236,5.538426140584209
A2-0,42,ood(10C),04-05-17_17.04 10degC_Cycle_3_Pan18650PF,4.4891557693481445,10.0,84.05916506331272,0.1239275862068964,0.9645192368400236,5.340471519038938
A2-0,7,ood(10C),04-05-17_22.50 10degC_Cycle_4_Pan18650PF,2.942955732345581,10.0,82.83240684132407,0.1428482758620689,0.9711723442753096,3.5529038024733293
A2-0,13,ood(10C),04-05-17_22.50 10degC_Cycle_4_Pan18650PF,3.020094394683838,10.0,82.83240684132407,0.1428482758620689,0.9711723442753096,3.646029989771044
A2-0,42,ood(10C),04-05-17_22.50 10degC_Cycle_4_Pan18650PF,2.75826358795166,10.0,82.83240684132407,0.1428482758620689,0.9711723442753096,3.329932924966749
A2-0,7,ood(0C),05-30-17_12.56 0degC_Cycle_1_Pan18650PF,9.956089973449709,0.0,85.44073888112624,0.0999999999999999,0.9544073888112622,11.652626257483124
A2-0,13,ood(0C),05-30-17_12.56 0degC_Cycle_1_Pan18650PF,9.790477752685549,0.0,85.44073888112624,0.0999999999999999,0.9544073888112622,11.458793405692626
A2-0,42,ood(0C),05-30-17_12.56 0degC_Cycle_1_Pan18650PF,9.34066104888916,0.0,85.44073888112624,0.0999999999999999,0.9544073888112622,10.93232709736374
A2-0,7,ood(0C),05-30-17_20.16 0degC_Cycle_2_Pan18650PF,9.970986366271973,0.0,85.14472804716277,0.0999999999999999,0.9514472804716276,11.710632701473795
A2-0,13,ood(0C),05-30-17_20.16 0degC_Cycle_2_Pan18650PF,9.994706153869627,0.0,85.14472804716277,0.0999999999999999,0.9514472804716276,11.738490900262702
A2-0,42,ood(0C),05-30-17_20.16 0degC_Cycle_2_Pan18650PF,9.53354835510254,0.0,85.14472804716277,0.0999999999999999,0.9514472804716276,11.196874514440617
A2-0,7,ood(0C),06-01-17_10.36 0degC_LA92_Pan18650PF,6.033118724822998,0.0,80.00068965517242,0.1999931034482758,1.0,7.541333394533966
A2-0,13,ood(0C),06-01-17_10.36 0degC_LA92_Pan18650PF,6.259622097015381,0.0,80.00068965517242,0.1999931034482758,1.0,7.824460169026389
A2-0,42,ood(0C),06-01-17_10.36 0degC_LA92_Pan18650PF,5.905523300170898,0.0,80.00068965517242,0.1999931034482758,1.0,7.381840488657685
A2-0,7,ood(0C),06-01-17_10.36 0degC_NN_Pan18650PF,4.959604740142822,0.0,80.00068965517242,0.1999931034482758,1.0,6.199452481622651
A2-0,13,ood(0C),06-01-17_10.36 0degC_NN_Pan18650PF,5.146329879760742,0.0,80.00068965517242,0.1999931034482758,1.0,6.432856894038047
A2-0,42,ood(0C),06-01-17_10.36 0degC_NN_Pan18650PF,4.853038311004639,0.0,80.00068965517242,0.1999931034482758,1.0,6.0662455935351645
A2-0,7,ood(0C),06-01-17_15.36 0degC_Cycle_3_Pan18650PF,10.307238578796388,0.0,76.01956610854242,0.1999586206896551,0.9601542817750792,13.558665362650826
A2-0,13,ood(0C),06-01-17_15.36 0degC_Cycle_3_Pan18650PF,10.498970985412598,0.0,76.01956610854242,0.1999586206896551,0.9601542817750792,13.810879912708177
A2-0,42,ood(0C),06-01-17_15.36 0degC_Cycle_3_Pan18650PF,10.250712394714355,0.0,76.01956610854242,0.1999586206896551,0.9601542817750792,13.484307947875104
A2-0,7,ood(0C),06-01-17_22.03 0degC_Cycle_4_Pan18650PF,8.474520683288574,0.0,77.97448277730483,0.1999551724137931,0.9797000001868414,10.868325612998051
A2-0,13,ood(0C),06-01-17_22.03 0degC_Cycle_4_Pan18650PF,8.55362319946289,0.0,77.97448277730483,0.1999551724137931,0.9797000001868414,10.969772282930101
A2-0,42,ood(0C),06-01-17_22.03 0degC_Cycle_4_Pan18650PF,8.225227355957031,0.0,77.97448277730483,0.1999551724137931,0.9797000001868414,10.548614191450664
A2-0,7,ood(0C),06-02-17_04.58 0degC_US06_Pan18650PF,11.125539779663086,0.0,71.98659776233133,0.1999724137931035,0.9198383914164168,15.455015413278478
A2-0,13,ood(0C),06-02-17_04.58 0degC_US06_Pan18650PF,10.979880332946776,0.0,71.98659776233133,0.1999724137931035,0.9198383914164168,15.252672961705457
A2-0,42,ood(0C),06-02-17_04.58 0degC_US06_Pan18650PF,10.790639877319336,0.0,71.98659776233133,0.1999724137931035,0.9198383914164168,14.989790061957603
A2-0,7,ood(0C),06-02-17_10.43 0degC_HWFET_Pan18650PF,11.78377628326416,0.0,76.20307543012512,0.1999862068965516,0.9620169611978028,15.463649225114759
A2-0,13,ood(0C),06-02-17_10.43 0degC_HWFET_Pan18650PF,11.551215171813965,0.0,76.20307543012512,0.1999862068965516,0.9620169611978028,15.158463233424118
A2-0,42,ood(0C),06-02-17_10.43 0degC_HWFET_Pan18650PF,11.276835441589355,0.0,76.20307543012512,0.1999862068965516,0.9620169611978028,14.798399379470869
A2-0,7,ood(0C),06-02-17_17.14 0degC_UDDS_Pan18650PF,8.412688255310059,0.0,77.18344827586208,0.1999655172413792,0.9718,10.899601460201923
A2-0,13,ood(0C),06-02-17_17.14 0degC_UDDS_Pan18650PF,8.68671703338623,0.0,77.18344827586208,0.1999655172413792,0.9718,11.254637137147533
A2-0,42,ood(0C),06-02-17_17.14 0degC_UDDS_Pan18650PF,8.333589553833008,0.0,77.18344827586208,0.1999655172413792,0.9718,10.797120030252922
A2-0,7,ood(-10C),06-07-17_08.39 n10degC_HWFET_Pan18650PF,6.87654447555542,-10.0,70.00206896551725,0.2999793103448275,1.0,9.82334461991799
A2-0,13,ood(-10C),06-07-17_08.39 n10degC_HWFET_Pan18650PF,6.964510917663574,-10.0,70.00206896551725,0.2999793103448275,1.0,9.949007251620328
A2-0,42,ood(-10C),06-07-17_08.39 n10degC_HWFET_Pan18650PF,6.518975734710693,-10.0,70.00206896551725,0.2999793103448275,1.0,9.312547230456738
A2-0,7,ood(-10C),06-07-17_08.39 n10degC_LA92_Pan18650PF,7.483275890350342,-10.0,70.00034482758622,0.2999965517241379,1.0,10.690341467291288
A2-0,13,ood(-10C),06-07-17_08.39 n10degC_LA92_Pan18650PF,7.844152927398682,-10.0,70.00034482758622,0.2999965517241379,1.0,11.205877552059434
A2-0,42,ood(-10C),06-07-17_08.39 n10degC_LA92_Pan18650PF,7.419490337371826,-10.0,70.00034482758622,0.2999965517241379,1.0,10.599219697626264
A2-0,7,ood(-10C),06-07-17_08.39 n10degC_UDDS_Pan18650PF,9.1405029296875,-10.0,70.00103448275863,0.2999896551724137,1.0,13.05766835765666
A2-0,13,ood(-10C),06-07-17_08.39 n10degC_UDDS_Pan18650PF,9.605250358581545,-10.0,70.00103448275863,0.2999896551724137,1.0,13.721583444523716
A2-0,42,ood(-10C),06-07-17_08.39 n10degC_UDDS_Pan18650PF,9.189175605773926,-10.0,70.00103448275863,0.2999896551724137,1.0,13.127199724508692
A2-0,7,ood(-10C),06-07-17_08.39 n10degC_US06_Pan18650PF,4.2619309425354,-10.0,70.00206896551725,0.2999793103448275,1.0,6.08829282550893
A2-0,13,ood(-10C),06-07-17_08.39 n10degC_US06_Pan18650PF,4.579203128814697,-10.0,70.00206896551725,0.2999793103448275,1.0,6.541525409870949
A2-0,42,ood(-10C),06-07-17_08.39 n10degC_US06_Pan18650PF,4.117923736572266,-10.0,70.00206896551725,0.2999793103448275,1.0,5.882574325911337
A2-0,7,ood(-10C),06-10-17_11.25 n10degC_Cycle_1_Pan18650PF,12.10996913909912,-10.0,65.23448276491266,0.2999965517241379,0.9523413793732646,18.563754360926193
A2-0,13,ood(-10C),06-10-17_11.25 n10degC_Cycle_1_Pan18650PF,12.35243320465088,-10.0,65.23448276491266,0.2999965517241379,0.9523413793732646,18.935435188726323
A2-0,42,ood(-10C),06-10-17_11.25 n10degC_Cycle_1_Pan18650PF,11.929123878479004,-10.0,65.23448276491266,0.2999965517241379,0.9523413793732646,18.286530946322245
A2-0,7,ood(-10C),06-10-17_18.35 n10degC_Cycle_2_Pan18650PF,17.558612823486328,-10.0,64.9254966474142,0.2999862068965516,0.9492411733706936,27.044248762301358
A2-0,13,ood(-10C),06-10-17_18.35 n10degC_Cycle_2_Pan18650PF,17.788402557373047,-10.0,64.9254966474142,0.2999862068965516,0.9492411733706936,27.398177104404958
A2-0,42,ood(-10C),06-10-17_18.35 n10degC_Cycle_2_Pan18650PF,17.39617156982422,-10.0,64.9254966474142,0.2999862068965516,0.9492411733706936,26.794052364814767
A2-0,7,ood(-10C),06-11-17_01.39 n10degC_Cycle_3_Pan18650PF,17.94562530517578,-10.0,65.81909451298449,0.2999862068965516,0.9581771520263964,27.26507472939414
A2-0,13,ood(-10C),06-11-17_01.39 n10degC_Cycle_3_Pan18650PF,18.233625411987305,-10.0,65.81909451298449,0.2999862068965516,0.9581771520263964,27.702637884801433
A2-0,42,ood(-10C),06-11-17_01.39 n10degC_Cycle_3_Pan18650PF,17.89305305480957,-10.0,65.81909451298449,0.2999862068965516,0.9581771520263964,27.185200870971737
A2-0,7,ood(-10C),06-11-17_08.42 n10degC_Cycle_4_Pan18650PF,11.004298210144045,-10.0,67.87548022839647,0.2999965517241379,0.9787513540081026,16.21247934175245
A2-0,13,ood(-10C),06-11-17_08.42 n10degC_Cycle_4_Pan18650PF,11.230432510375977,-10.0,67.87548022839647,0.2999965517241379,0.9787513540081026,16.54563985784899
A2-0,42,ood(-10C),06-11-17_08.42 n10degC_Cycle_4_Pan18650PF,10.796338081359863,-10.0,67.87548022839647,0.2999965517241379,0.9787513540081026,15.906094579413516
A2-0,7,ood(-10C),06-14-17_13.12 n10degC_NN_Pan18650PF,16.900705337524414,-10.0,63.674493095971975,0.2999379310344827,0.9366828619942024,26.54234767452518
A2-0,13,ood(-10C),06-14-17_13.12 n10degC_NN_Pan18650PF,17.178312301635742,-10.0,63.674493095971975,0.2999379310344827,0.9366828619942024,26.978325961298367
A2-0,42,ood(-10C),06-14-17_13.12 n10degC_NN_Pan18650PF,16.860319137573242,-10.0,63.674493095971975,0.2999379310344827,0.9366828619942024,26.47892164946001
A2-0,7,ood(-20C),06-23-17_23.35 n20degC_HWFET_Pan18650PF,4.735891819000244,-20.0,60.0,0.4,1.0,7.893153031667073
A2-0,13,ood(-20C),06-23-17_23.35 n20degC_HWFET_Pan18650PF,5.230860233306885,-20.0,60.0,0.4,1.0,8.718100388844809
A2-0,42,ood(-20C),06-23-17_23.35 n20degC_HWFET_Pan18650PF,4.587840080261231,-20.0,60.0,0.4,1.0,7.646400133768719
A2-0,7,ood(-20C),06-23-17_23.35 n20degC_LA92_Pan18650PF,5.541930198669434,-20.0,60.001724137931056,0.3999827586206895,1.0,9.236284920629496
A2-0,13,ood(-20C),06-23-17_23.35 n20degC_LA92_Pan18650PF,6.228817462921143,-20.0,60.001724137931056,0.3999827586206895,1.0,10.381064131761333
A2-0,42,ood(-20C),06-23-17_23.35 n20degC_LA92_Pan18650PF,5.596515655517578,-20.0,60.001724137931056,0.3999827586206895,1.0,9.32725806787217
A2-0,7,ood(-20C),06-23-17_23.35 n20degC_NN_Pan18650PF,4.2575273513793945,-20.0,60.00413793103449,0.3999586206896551,1.0,7.095389581753121
A2-0,13,ood(-20C),06-23-17_23.35 n20degC_NN_Pan18650PF,4.951629638671875,-20.0,60.00413793103449,0.3999586206896551,1.0,8.252146950870305
A2-0,42,ood(-20C),06-23-17_23.35 n20degC_NN_Pan18650PF,4.327730655670166,-20.0,60.00413793103449,0.3999586206896551,1.0,7.212387020115554
A2-0,7,ood(-20C),06-23-17_23.35 n20degC_UDDS_Pan18650PF,9.608464241027832,-20.0,60.00275862068967,0.3999724137931034,1.0,16.013370821445395
A2-0,13,ood(-20C),06-23-17_23.35 n20degC_UDDS_Pan18650PF,10.323601722717283,-20.0,60.00275862068967,0.3999724137931034,1.0,17.20521182697354
A2-0,42,ood(-20C),06-23-17_23.35 n20degC_UDDS_Pan18650PF,9.782245635986328,-20.0,60.00275862068967,0.3999724137931034,1.0,16.302993163739796
A2-0,7,ood(-20C),06-24-17_04.29 n20degC_Cycle_1_Pan18650PF,22.863842010498047,-20.0,54.86659226213077,0.3999896551724138,0.9486555777937216,41.671700515431496
A2-0,13,ood(-20C),06-24-17_04.29 n20degC_Cycle_1_Pan18650PF,23.40519905090332,-20.0,54.86659226213077,0.3999896551724138,0.9486555777937216,42.658379326863574
A2-0,42,ood(-20C),06-24-17_04.29 n20degC_Cycle_1_Pan18650PF,22.883882522583008,-20.0,54.86659226213077,0.3999896551724138,0.9486555777937216,41.70822640716032
A2-0,7,ood(-20C),06-24-17_11.58 n20degC_Cycle_2_Pan18650PF,22.01279640197754,-20.0,54.58302532356557,0.3999931034482759,0.9458233566839316,40.32901487502155
A2-0,13,ood(-20C),06-24-17_11.58 n20degC_Cycle_2_Pan18650PF,22.486404418945312,-20.0,54.58302532356557,0.3999931034482759,0.9458233566839316,41.19669858100935
A2-0,42,ood(-20C),06-24-17_11.58 n20degC_Cycle_2_Pan18650PF,21.950977325439453,-20.0,54.58302532356557,0.3999931034482759,0.9458233566839316,40.215757912492215
A2-0,7,ood(-20C),06-24-17_19.29 n20degC_Cycle_3_Pan18650PF,22.284955978393555,-20.0,55.53572416389299,0.3999931034482759,0.9553503450872058,40.12724478504649
A2-0,13,ood(-20C),06-24-17_19.29 n20degC_Cycle_3_Pan18650PF,22.779788970947266,-20.0,55.53572416389299,0.3999931034482759,0.9553503450872058,41.01826223373122
A2-0,42,ood(-20C),06-24-17_19.29 n20degC_Cycle_3_Pan18650PF,22.241134643554688,-20.0,55.53572416389299,0.3999931034482759,0.9553503450872058,40.04833821544898
A2-0,7,ood(-20C),06-25-17_03.01 n20degC_Cycle_4_Pan18650PF,18.48174095153809,-20.0,57.72478796467271,0.3999689655172413,0.9772168451639685,32.01699235837614
A2-0,13,ood(-20C),06-25-17_03.01 n20degC_Cycle_4_Pan18650PF,18.96667861938477,-20.0,57.72478796467271,0.3999689655172413,0.9772168451639685,32.8570780216504
A2-0,42,ood(-20C),06-25-17_03.01 n20degC_Cycle_4_Pan18650PF,18.36777114868164,-20.0,57.72478796467271,0.3999689655172413,0.9772168451639685,31.819555855142557
A2-0,7,ood(-20C),06-25-17_10.31 n20degC_US06_Pan18650PF,22.66972541809082,-20.0,50.72396907587689,0.3999586206896551,0.907198311448424,44.692333488689876
A2-0,13,ood(-20C),06-25-17_10.31 n20degC_US06_Pan18650PF,22.67726325988769,-20.0,50.72396907587689,0.3999586206896551,0.907198311448424,44.707194001252674
A2-0,42,ood(-20C),06-25-17_10.31 n20degC_US06_Pan18650PF,22.311992645263672,-20.0,50.72396907587689,0.3999586206896551,0.907198311448424,43.98707958339704
A2-1,7,test_id(25C),03-18-17_02.17 25degC_Cycle_1_Pan18650PF,0.7260810136795044,25.0,88.72409617395462,0.0704931034482758,0.957734065187822,0.8183583096253043
A2-1,13,test_id(25C),03-18-17_02.17 25degC_Cycle_1_Pan18650PF,0.741970419883728,25.0,88.72409617395462,0.0704931034482758,0.957734065187822,0.8362670930217229
A2-1,42,test_id(25C),03-18-17_02.17 25degC_Cycle_1_Pan18650PF,0.7359955310821533,25.0,88.72409617395462,0.0704931034482758,0.957734065187822,0.829532858400882
A2-1,7,test_id(25C),03-19-17_03.25 25degC_Cycle_2_Pan18650PF,0.6743921041488647,25.0,88.96038624527624,0.0650344827586207,0.954638345211383,0.7580813580209412
A2-1,13,test_id(25C),03-19-17_03.25 25degC_Cycle_2_Pan18650PF,0.6111736297607422,25.0,88.96038624527624,0.0650344827586207,0.954638345211383,0.6870177340233785
A2-1,42,test_id(25C),03-19-17_03.25 25degC_Cycle_2_Pan18650PF,0.6947647333145142,25.0,88.96038624527624,0.0650344827586207,0.954638345211383,0.7809821456922978
A2-1,7,test_id(25C),03-19-17_09.07 25degC_Cycle_3_Pan18650PF,0.3837543725967407,25.0,83.80947249679896,0.1274793103448275,0.9655740353128172,0.45788902037463364
A2-1,13,test_id(25C),03-19-17_09.07 25degC_Cycle_3_Pan18650PF,0.3581485450267792,25.0,83.80947249679896,0.1274793103448275,0.9655740353128172,0.4273365937728082
A2-1,42,test_id(25C),03-19-17_09.07 25degC_Cycle_3_Pan18650PF,0.38390052318573,25.0,83.80947249679896,0.1274793103448275,0.9655740353128172,0.45806340470689966
A2-1,7,test_id(25C),03-19-17_14.31 25degC_Cycle_4_Pan18650PF,0.6149117946624756,25.0,93.77206896551725,0.0351137931034483,0.9728344827586208,0.6557515488845583
A2-1,13,test_id(25C),03-19-17_14.31 25degC_Cycle_4_Pan18650PF,0.6146568059921265,25.0,93.77206896551725,0.0351137931034483,0.9728344827586208,0.6554796249810313
A2-1,42,test_id(25C),03-19-17_14.31 25degC_Cycle_4_Pan18650PF,0.6150041818618774,25.0,93.77206896551725,0.0351137931034483,0.9728344827586208,0.6558500720380102
A2-1,7,ood(10C),03-27-17_09.06 10degC_HWFET_Pan18650PF,3.203529596328736,10.0,87.88206896551725,0.1211793103448276,1.0,3.645259646294538
A2-1,13,ood(10C),03-27-17_09.06 10degC_HWFET_Pan18650PF,3.0721466541290283,10.0,87.88206896551725,0.1211793103448276,1.0,3.495760500739306
A2-1,42,ood(10C),03-27-17_09.06 10degC_HWFET_Pan18650PF,3.429872512817383,10.0,87.88206896551725,0.1211793103448276,1.0,3.902812659273167
A2-1,7,ood(10C),03-27-17_09.06 10degC_LA92_Pan18650PF,3.479137897491455,10.0,81.83793103448276,0.1816206896551724,1.0,4.251253487854557
A2-1,13,ood(10C),03-27-17_09.06 10degC_LA92_Pan18650PF,3.5551626682281494,10.0,81.83793103448276,0.1816206896551724,1.0,4.344150228737047
A2-1,42,ood(10C),03-27-17_09.06 10degC_LA92_Pan18650PF,3.775294542312622,10.0,81.83793103448276,0.1816206896551724,1.0,4.6131353696147155
A2-1,7,ood(10C),03-27-17_09.06 10degC_NN_Pan18650PF,2.8709259033203125,10.0,81.41137931034483,0.1858862068965516,1.0,3.526443020178026
A2-1,13,ood(10C),03-27-17_09.06 10degC_NN_Pan18650PF,2.836299419403076,10.0,81.41137931034483,0.1858862068965516,1.0,3.483910288008929
A2-1,42,ood(10C),03-27-17_09.06 10degC_NN_Pan18650PF,3.120323657989502,10.0,81.41137931034483,0.1858862068965516,1.0,3.8327856430176057
A2-1,7,ood(10C),03-27-17_09.06 10degC_UDDS_Pan18650PF,2.4086368083953857,10.0,88.9096551724138,0.1109034482758619,1.0,2.7090835114865217
A2-1,13,ood(10C),03-27-17_09.06 10degC_UDDS_Pan18650PF,2.318359851837158,10.0,88.9096551724138,0.1109034482758619,1.0,2.607545656702176
A2-1,42,ood(10C),03-27-17_09.06 10degC_UDDS_Pan18650PF,2.6946568489074707,10.0,88.9096551724138,0.1109034482758619,1.0,3.030780901896409
A2-1,7,ood(10C),03-27-17_09.06 10degC_US06_Pan18650PF,4.07915735244751,10.0,70.89251148171051,0.2140379310344827,0.922963045851588,5.754003162237929
A2-1,13,ood(10C),03-27-17_09.06 10degC_US06_Pan18650PF,4.100365161895752,10.0,70.89251148171051,0.2140379310344827,0.922963045851588,5.783918606062645
A2-1,42,ood(10C),03-27-17_09.06 10degC_US06_Pan18650PF,4.284170627593994,10.0,70.89251148171051,0.2140379310344827,0.922963045851588,6.043192063662835
A2-1,7,ood(10C),03-28-17_12.51 10degC_Cycle_1_Pan18650PF,3.765881776809693,10.0,71.26232355633927,0.2444827586206897,0.9571059941840824,5.284534083192537
A2-1,13,ood(10C),03-28-17_12.51 10degC_Cycle_1_Pan18650PF,3.788017749786377,10.0,71.26232355633927,0.2444827586206897,0.9571059941840824,5.315596742774755
A2-1,42,ood(10C),03-28-17_12.51 10degC_Cycle_1_Pan18650PF,4.032893180847168,10.0,71.26232355633927,0.2444827586206897,0.9571059941840824,5.659222124098724
A2-1,7,ood(10C),03-28-17_18.18 10degC_Cycle_2_Pan18650PF,4.868728160858154,10.0,68.868196988966,0.2650586206896551,0.9537405905793152,7.0696320997603825
A2-1,13,ood(10C),03-28-17_18.18 10degC_Cycle_2_Pan18650PF,4.935619354248047,10.0,68.868196988966,0.2650586206896551,0.9537405905793152,7.166761393562876
A2-1,42,ood(10C),03-28-17_18.18 10degC_Cycle_2_Pan18650PF,5.13321590423584,10.0,68.868196988966,0.2650586206896551,0.9537405905793152,7.453681276218512
A2-1,7,ood(10C),04-05-17_17.04 10degC_Cycle_3_Pan18650PF,4.84813928604126,10.0,84.05916506331272,0.1239275862068964,0.9645192368400236,5.767532050062213
A2-1,13,ood(10C),04-05-17_17.04 10degC_Cycle_3_Pan18650PF,4.824667930603027,10.0,84.05916506331272,0.1239275862068964,0.9645192368400236,5.7396096273013475
A2-1,42,ood(10C),04-05-17_17.04 10degC_Cycle_3_Pan18650PF,5.0619306564331055,10.0,84.05916506331272,0.1239275862068964,0.9645192368400236,6.021866446830037
A2-1,7,ood(10C),04-05-17_22.50 10degC_Cycle_4_Pan18650PF,3.20055627822876,10.0,82.83240684132407,0.1428482758620689,0.9711723442753096,3.8638938554083424
A2-1,13,ood(10C),04-05-17_22.50 10degC_Cycle_4_Pan18650PF,3.139802932739258,10.0,82.83240684132407,0.1428482758620689,0.9711723442753096,3.7905489559828274
A2-1,42,ood(10C),04-05-17_22.50 10degC_Cycle_4_Pan18650PF,3.4836766719818115,10.0,82.83240684132407,0.1428482758620689,0.9711723442753096,4.205692922403225
A2-1,7,ood(0C),05-30-17_12.56 0degC_Cycle_1_Pan18650PF,10.09759521484375,0.0,85.44073888112624,0.0999999999999999,0.9544073888112622,11.818244255696971
A2-1,13,ood(0C),05-30-17_12.56 0degC_Cycle_1_Pan18650PF,9.958290100097656,0.0,85.44073888112624,0.0999999999999999,0.9544073888112622,11.655201289811682
A2-1,42,ood(0C),05-30-17_12.56 0degC_Cycle_1_Pan18650PF,10.39323616027832,0.0,85.44073888112624,0.0999999999999999,0.9544073888112622,12.1642629691422
A2-1,7,ood(0C),05-30-17_20.16 0degC_Cycle_2_Pan18650PF,10.342425346374512,0.0,85.14472804716277,0.0999999999999999,0.9514472804716276,12.146876951260808
A2-1,13,ood(0C),05-30-17_20.16 0degC_Cycle_2_Pan18650PF,10.246774673461914,0.0,85.14472804716277,0.0999999999999999,0.9514472804716276,12.03453802540316
A2-1,42,ood(0C),05-30-17_20.16 0degC_Cycle_2_Pan18650PF,10.680416107177734,0.0,85.14472804716277,0.0999999999999999,0.9514472804716276,12.543837242937359
A2-1,7,ood(0C),06-01-17_10.36 0degC_LA92_Pan18650PF,6.346038341522217,0.0,80.00068965517242,0.1999931034482758,1.0,7.93247954345843
A2-1,13,ood(0C),06-01-17_10.36 0degC_LA92_Pan18650PF,6.341672897338867,0.0,80.00068965517242,0.1999931034482758,1.0,7.927022785270261
A2-1,42,ood(0C),06-01-17_10.36 0degC_LA92_Pan18650PF,6.752718925476074,0.0,80.00068965517242,0.1999931034482758,1.0,8.440825891104652
A2-1,7,ood(0C),06-01-17_10.36 0degC_NN_Pan18650PF,5.200378894805908,0.0,80.00068965517242,0.1999931034482758,1.0,6.500417580424794
A2-1,13,ood(0C),06-01-17_10.36 0degC_NN_Pan18650PF,5.163230419158936,0.0,80.00068965517242,0.1999931034482758,1.0,6.4539823861694785
A2-1,42,ood(0C),06-01-17_10.36 0degC_NN_Pan18650PF,5.638490200042725,0.0,80.00068965517242,0.1999931034482758,1.0,7.048051990984518
A2-1,7,ood(0C),06-01-17_15.36 0degC_Cycle_3_Pan18650PF,10.856115341186523,0.0,76.01956610854242,0.1999586206896551,0.9601542817750792,14.280685745674898
A2-1,13,ood(0C),06-01-17_15.36 0degC_Cycle_3_Pan18650PF,10.75071620941162,0.0,76.01956610854242,0.1999586206896551,0.9601542817750792,14.142038372149493
A2-1,42,ood(0C),06-01-17_15.36 0degC_Cycle_3_Pan18650PF,11.245373725891112,0.0,76.01956610854242,0.1999586206896551,0.9601542817750792,14.792736004089683
A2-1,7,ood(0C),06-01-17_22.03 0degC_Cycle_4_Pan18650PF,8.854121208190918,0.0,77.97448277730483,0.1999551724137931,0.9797000001868414,11.355152214960237
A2-1,13,ood(0C),06-01-17_22.03 0degC_Cycle_4_Pan18650PF,8.76390266418457,0.0,77.97448277730483,0.1999551724137931,0.9797000001868414,11.239449563537706
A2-1,42,ood(0C),06-01-17_22.03 0degC_Cycle_4_Pan18650PF,9.326435089111328,0.0,77.97448277730483,0.1999551724137931,0.9797000001868414,11.960880991987638
A2-1,7,ood(0C),06-02-17_04.58 0degC_US06_Pan18650PF,11.560210227966309,0.0,71.98659776233133,0.1999724137931035,0.9198383914164168,16.05883676588402
A2-1,13,ood(0C),06-02-17_04.58 0degC_US06_Pan18650PF,11.570175170898438,0.0,71.98659776233133,0.1999724137931035,0.9198383914164168,16.072679541125364
A2-1,42,ood(0C),06-02-17_04.58 0degC_US06_Pan18650PF,11.816744804382324,0.0,71.98659776233133,0.1999724137931035,0.9198383914164168,16.415201123125883
A2-1,7,ood(0C),06-02-17_10.43 0degC_HWFET_Pan18650PF,12.196605682373049,0.0,76.20307543012512,0.1999862068965516,0.9620169611978028,16.005398225110746
A2-1,13,ood(0C),06-02-17_10.43 0degC_HWFET_Pan18650PF,11.907726287841797,0.0,76.20307543012512,0.1999862068965516,0.9620169611978028,15.62630670826489
A2-1,42,ood(0C),06-02-17_10.43 0degC_HWFET_Pan18650PF,12.752288818359377,0.0,76.20307543012512,0.1999862068965516,0.9620169611978028,16.734611754682614
A2-1,7,ood(0C),06-02-17_17.14 0degC_UDDS_Pan18650PF,8.891619682312012,0.0,77.18344827586208,0.1999655172413792,0.9718,11.520111994131685
A2-1,13,ood(0C),06-02-17_17.14 0degC_UDDS_Pan18650PF,8.692556381225586,0.0,77.18344827586208,0.1999655172413792,0.9718,11.262202681276223
A2-1,42,ood(0C),06-02-17_17.14 0degC_UDDS_Pan18650PF,9.354691505432127,0.0,77.18344827586208,0.1999655172413792,0.9718,12.120074594228335
A2-1,7,ood(-10C),06-07-17_08.39 n10degC_HWFET_Pan18650PF,7.162670135498047,-10.0,70.00206896551725,0.2999793103448275,1.0,10.23208348174159
A2-1,13,ood(-10C),06-07-17_08.39 n10degC_HWFET_Pan18650PF,6.943020343780518,-10.0,70.00206896551725,0.2999793103448275,1.0,9.918307339173964
A2-1,42,ood(-10C),06-07-17_08.39 n10degC_HWFET_Pan18650PF,7.843848705291748,-10.0,70.00206896551725,0.2999793103448275,1.0,11.205166963215898
A2-1,7,ood(-10C),06-07-17_08.39 n10degC_LA92_Pan18650PF,7.870197772979736,-10.0,70.00034482758622,0.2999965517241379,1.0,11.243084291033655
A2-1,13,ood(-10C),06-07-17_08.39 n10degC_LA92_Pan18650PF,7.79670238494873,-10.0,70.00034482758622,0.2999965517241379,1.0,11.138091396767164
A2-1,42,ood(-10C),06-07-17_08.39 n10degC_LA92_Pan18650PF,8.397700309753418,-10.0,70.00034482758622,0.2999965517241379,1.0,11.996655631393397
A2-1,7,ood(-10C),06-07-17_08.39 n10degC_UDDS_Pan18650PF,9.589262962341309,-10.0,70.00103448275863,0.2999896551724137,1.0,13.698744644556877
A2-1,13,ood(-10C),06-07-17_08.39 n10degC_UDDS_Pan18650PF,9.434993743896484,-10.0,70.00103448275863,0.2999896551724137,1.0,13.478363303645663
A2-1,42,ood(-10C),06-07-17_08.39 n10degC_UDDS_Pan18650PF,10.16472339630127,-10.0,70.00103448275863,0.2999896551724137,1.0,14.520818829905805
A2-1,7,ood(-10C),06-07-17_08.39 n10degC_US06_Pan18650PF,4.428743362426758,-10.0,70.00206896551725,0.2999793103448275,1.0,6.326589239252828
A2-1,13,ood(-10C),06-07-17_08.39 n10degC_US06_Pan18650PF,4.555167675018311,-10.0,70.00206896551725,0.2999793103448275,1.0,6.5071900621425485
A2-1,42,ood(-10C),06-07-17_08.39 n10degC_US06_Pan18650PF,5.028095722198486,-10.0,70.00206896551725,0.2999793103448275,1.0,7.182781589891732
A2-1,7,ood(-10C),06-10-17_11.25 n10degC_Cycle_1_Pan18650PF,12.580252647399902,-10.0,65.23448276491266,0.2999965517241379,0.9523413793732646,19.284666811471034
A2-1,13,ood(-10C),06-10-17_11.25 n10degC_Cycle_1_Pan18650PF,12.41270923614502,-10.0,65.23448276491266,0.2999965517241379,0.9523413793732646,19.027834222089336
A2-1,42,ood(-10C),06-10-17_11.25 n10degC_Cycle_1_Pan18650PF,13.192801475524902,-10.0,65.23448276491266,0.2999965517241379,0.9523413793732646,20.22366226627131
A2-1,7,ood(-10C),06-10-17_18.35 n10degC_Cycle_2_Pan18650PF,18.17144775390625,-10.0,64.9254966474142,0.2999862068965516,0.9492411733706936,27.988153641070323
A2-1,13,ood(-10C),06-10-17_18.35 n10degC_Cycle_2_Pan18650PF,17.979299545288086,-10.0,64.9254966474142,0.2999862068965516,0.9492411733706936,27.692201790810866
A2-1,42,ood(-10C),06-10-17_18.35 n10degC_Cycle_2_Pan18650PF,18.7326889038086,-10.0,64.9254966474142,0.2999862068965516,0.9492411733706936,28.85259238837824
A2-1,7,ood(-10C),06-11-17_01.39 n10degC_Cycle_3_Pan18650PF,18.54590606689453,-10.0,65.81909451298449,0.2999862068965516,0.9581771520263964,28.177090864165383
A2-1,13,ood(-10C),06-11-17_01.39 n10degC_Cycle_3_Pan18650PF,18.44609260559082,-10.0,65.81909451298449,0.2999862068965516,0.9581771520263964,28.025442680545932
A2-1,42,ood(-10C),06-11-17_01.39 n10degC_Cycle_3_Pan18650PF,19.05999755859375,-10.0,65.81909451298449,0.2999862068965516,0.9581771520263964,28.958158266418693
A2-1,7,ood(-10C),06-11-17_08.42 n10degC_Cycle_4_Pan18650PF,11.548081398010254,-10.0,67.87548022839647,0.2999965517241379,0.9787513540081026,17.013627541421037
A2-1,13,ood(-10C),06-11-17_08.42 n10degC_Cycle_4_Pan18650PF,11.458100318908691,-10.0,67.87548022839647,0.2999965517241379,0.9787513540081026,16.88105967037426
A2-1,42,ood(-10C),06-11-17_08.42 n10degC_Cycle_4_Pan18650PF,12.06002426147461,-10.0,67.87548022839647,0.2999965517241379,0.9787513540081026,17.76786583445661
A2-1,7,ood(-10C),06-14-17_13.12 n10degC_NN_Pan18650PF,17.47551155090332,-10.0,63.674493095971975,0.2999379310344827,0.9366828619942024,27.445073688397866
A2-1,13,ood(-10C),06-14-17_13.12 n10degC_NN_Pan18650PF,17.377887725830078,-10.0,63.674493095971975,0.2999379310344827,0.9366828619942024,27.29175668448218
A2-1,42,ood(-10C),06-14-17_13.12 n10degC_NN_Pan18650PF,17.94312858581543,-10.0,63.674493095971975,0.2999379310344827,0.9366828619942024,28.179460429737613
A2-1,7,ood(-20C),06-23-17_23.35 n20degC_HWFET_Pan18650PF,5.019465923309326,-20.0,60.0,0.4,1.0,8.365776538848877
A2-1,13,ood(-20C),06-23-17_23.35 n20degC_HWFET_Pan18650PF,4.909573554992676,-20.0,60.0,0.4,1.0,8.182622591654459
A2-1,42,ood(-20C),06-23-17_23.35 n20degC_HWFET_Pan18650PF,5.927366256713867,-20.0,60.0,0.4,1.0,9.87894376118978
A2-1,7,ood(-20C),06-23-17_23.35 n20degC_LA92_Pan18650PF,5.918394565582275,-20.0,60.001724137931056,0.3999827586206895,1.0,9.863707502766353
A2-1,13,ood(-20C),06-23-17_23.35 n20degC_LA92_Pan18650PF,5.902677059173584,-20.0,60.001724137931056,0.3999827586206895,1.0,9.837512411484376
A2-1,42,ood(-20C),06-23-17_23.35 n20degC_LA92_Pan18650PF,6.676751613616943,-20.0,60.001724137931056,0.3999827586206895,1.0,11.127599597419113
A2-1,7,ood(-20C),06-23-17_23.35 n20degC_NN_Pan18650PF,4.628753662109375,-20.0,60.00413793103449,0.3999586206896551,1.0,7.714057432888068
A2-1,13,ood(-20C),06-23-17_23.35 n20degC_NN_Pan18650PF,4.569886684417725,-20.0,60.00413793103449,0.3999586206896551,1.0,7.615952569254649
A2-1,42,ood(-20C),06-23-17_23.35 n20degC_NN_Pan18650PF,5.399600982666016,-20.0,60.00413793103449,0.3999586206896551,1.0,8.998714370118982
A2-1,7,ood(-20C),06-23-17_23.35 n20degC_UDDS_Pan18650PF,9.977791786193848,-20.0,60.00275862068967,0.3999724137931034,1.0,16.628888430395243
A2-1,13,ood(-20C),06-23-17_23.35 n20degC_UDDS_Pan18650PF,9.926119804382324,-20.0,60.00275862068967,0.3999724137931034,1.0,16.542772420066164
A2-1,42,ood(-20C),06-23-17_23.35 n20degC_UDDS_Pan18650PF,10.700502395629885,-20.0,60.00275862068967,0.3999724137931034,1.0,17.833350735211404
A2-1,7,ood(-20C),06-24-17_04.29 n20degC_Cycle_1_Pan18650PF,23.442533493041992,-20.0,54.86659226213077,0.3999896551724138,0.9486555777937216,42.72642518245508
A2-1,13,ood(-20C),06-24-17_04.29 n20degC_Cycle_1_Pan18650PF,23.40886878967285,-20.0,54.86659226213077,0.3999896551724138,0.9486555777937216,42.665067802706936
A2-1,42,ood(-20C),06-24-17_04.29 n20degC_Cycle_1_Pan18650PF,24.125844955444336,-20.0,54.86659226213077,0.3999896551724138,0.9486555777937216,43.971830508774154
A2-1,7,ood(-20C),06-24-17_11.58 n20degC_Cycle_2_Pan18650PF,22.623350143432617,-20.0,54.58302532356557,0.3999931034482759,0.9458233566839316,41.44759292714626
A2-1,13,ood(-20C),06-24-17_11.58 n20degC_Cycle_2_Pan18650PF,22.56439208984375,-20.0,54.58302532356557,0.3999931034482759,0.9458233566839316,41.33957756295681
A2-1,42,ood(-20C),06-24-17_11.58 n20degC_Cycle_2_Pan18650PF,23.26152801513672,-20.0,54.58302532356557,0.3999931034482759,0.9458233566839316,42.61678035844201
A2-1,7,ood(-20C),06-24-17_19.29 n20degC_Cycle_3_Pan18650PF,22.779083251953125,-20.0,55.53572416389299,0.3999931034482759,0.9553503450872058,41.01699148592922
A2-1,13,ood(-20C),06-24-17_19.29 n20degC_Cycle_3_Pan18650PF,22.818937301635746,-20.0,55.53572416389299,0.3999931034482759,0.9553503450872058,41.08875439220736
A2-1,42,ood(-20C),06-24-17_19.29 n20degC_Cycle_3_Pan18650PF,23.4455509185791,-20.0,55.53572416389299,0.3999931034482759,0.9553503450872058,42.21706166896878
A2-1,7,ood(-20C),06-25-17_03.01 n20degC_Cycle_4_Pan18650PF,19.041091918945312,-20.0,57.72478796467271,0.3999689655172413,0.9772168451639685,32.985988498733626
A2-1,13,ood(-20C),06-25-17_03.01 n20degC_Cycle_4_Pan18650PF,18.92255592346192,-20.0,57.72478796467271,0.3999689655172413,0.9772168451639685,32.78064171503312
A2-1,42,ood(-20C),06-25-17_03.01 n20degC_Cycle_4_Pan18650PF,19.825029373168945,-20.0,57.72478796467271,0.3999689655172413,0.9772168451639685,34.34404884311012
A2-1,7,ood(-20C),06-25-17_10.31 n20degC_US06_Pan18650PF,23.472705841064453,-20.0,50.72396907587689,0.3999586206896551,0.907198311448424,46.27537290300004
A2-1,13,ood(-20C),06-25-17_10.31 n20degC_US06_Pan18650PF,23.57211685180664,-20.0,50.72396907587689,0.3999586206896551,0.907198311448424,46.47135719317552
A2-1,42,ood(-20C),06-25-17_10.31 n20degC_US06_Pan18650PF,23.72328186035156,-20.0,50.72396907587689,0.3999586206896551,0.907198311448424,46.769372138178724
A2-2,7,test_id(25C),03-18-17_02.17 25degC_Cycle_1_Pan18650PF,0.6686176657676697,25.0,88.72409617395462,0.0704931034482758,0.957734065187822,0.753591971742109
A2-2,13,test_id(25C),03-18-17_02.17 25degC_Cycle_1_Pan18650PF,0.7077720165252686,25.0,88.72409617395462,0.0704931034482758,0.957734065187822,0.7977224305983275
A2-2,42,test_id(25C),03-18-17_02.17 25degC_Cycle_1_Pan18650PF,0.7261739373207092,25.0,88.72409617395462,0.0704931034482758,0.957734065187822,0.8184630428885462
A2-2,7,test_id(25C),03-19-17_03.25 25degC_Cycle_2_Pan18650PF,0.6317071318626404,25.0,88.96038624527624,0.0650344827586207,0.954638345211383,0.7100993582929546
A2-2,13,test_id(25C),03-19-17_03.25 25degC_Cycle_2_Pan18650PF,0.669012188911438,25.0,88.96038624527624,0.0650344827586207,0.954638345211383,0.7520338176892327
A2-2,42,test_id(25C),03-19-17_03.25 25degC_Cycle_2_Pan18650PF,0.6734150648117065,25.0,88.96038624527624,0.0650344827586207,0.954638345211383,0.7569830721676577
A2-2,7,test_id(25C),03-19-17_09.07 25degC_Cycle_3_Pan18650PF,0.3959130942821502,25.0,83.80947249679896,0.1274793103448275,0.9655740353128172,0.47239659490431923
A2-2,13,test_id(25C),03-19-17_09.07 25degC_Cycle_3_Pan18650PF,0.4279437065124511,25.0,83.80947249679896,0.1274793103448275,0.9655740353128172,0.5106149624420988
A2-2,42,test_id(25C),03-19-17_09.07 25degC_Cycle_3_Pan18650PF,0.4029186964035034,25.0,83.80947249679896,0.1274793103448275,0.9655740353128172,0.48075555709874274
A2-2,7,test_id(25C),03-19-17_14.31 25degC_Cycle_4_Pan18650PF,0.6941182613372803,25.0,93.77206896551725,0.0351137931034483,0.9728344827586208,0.7402185629417305
A2-2,13,test_id(25C),03-19-17_14.31 25degC_Cycle_4_Pan18650PF,0.8006114363670349,25.0,93.77206896551725,0.0351137931034483,0.9728344827586208,0.8537845492792138
A2-2,42,test_id(25C),03-19-17_14.31 25degC_Cycle_4_Pan18650PF,0.6774179339408875,25.0,93.77206896551725,0.0351137931034483,0.9728344827586208,0.7224090727805035
A2-2,7,ood(10C),03-27-17_09.06 10degC_HWFET_Pan18650PF,3.1819558143615723,10.0,87.88206896551725,0.1211793103448276,1.0,3.620711086820331
A2-2,13,ood(10C),03-27-17_09.06 10degC_HWFET_Pan18650PF,3.321211338043213,10.0,87.88206896551725,0.1211793103448276,1.0,3.7791683527004514
A2-2,42,ood(10C),03-27-17_09.06 10degC_HWFET_Pan18650PF,3.1544268131256104,10.0,87.88206896551725,0.1211793103448276,1.0,3.5893861515291925
A2-2,7,ood(10C),03-27-17_09.06 10degC_LA92_Pan18650PF,3.300624370574951,10.0,81.83793103448276,0.1816206896551724,1.0,4.033122940491028
A2-2,13,ood(10C),03-27-17_09.06 10degC_LA92_Pan18650PF,3.3169002532958984,10.0,81.83793103448276,0.1816206896551724,1.0,4.053010885500402
A2-2,42,ood(10C),03-27-17_09.06 10degC_LA92_Pan18650PF,3.3576576709747314,10.0,81.83793103448276,0.1816206896551724,1.0,4.102813485790553
A2-2,7,ood(10C),03-27-17_09.06 10degC_NN_Pan18650PF,2.7680447101593018,10.0,81.41137931034483,0.1858862068965516,1.0,3.4000710141605106
A2-2,13,ood(10C),03-27-17_09.06 10degC_NN_Pan18650PF,2.8036305904388428,10.0,81.41137931034483,0.1858862068965516,1.0,3.443782201197259
A2-2,42,ood(10C),03-27-17_09.06 10degC_NN_Pan18650PF,2.768063545227051,10.0,81.41137931034483,0.1858862068965516,1.0,3.40009414983013
A2-2,7,ood(10C),03-27-17_09.06 10degC_UDDS_Pan18650PF,2.272414207458496,10.0,88.9096551724138,0.1109034482758619,1.0,2.555868879540501
A2-2,13,ood(10C),03-27-17_09.06 10degC_UDDS_Pan18650PF,2.2220892906188965,10.0,88.9096551724138,0.1109034482758619,1.0,2.4992665715661766
A2-2,42,ood(10C),03-27-17_09.06 10degC_UDDS_Pan18650PF,2.284386157989502,10.0,88.9096551724138,0.1109034482758619,1.0,2.569334178115543
A2-2,7,ood(10C),03-27-17_09.06 10degC_US06_Pan18650PF,3.8493492603302,10.0,70.89251148171051,0.2140379310344827,0.922963045851588,5.429839033595657
A2-2,13,ood(10C),03-27-17_09.06 10degC_US06_Pan18650PF,3.9004876613616943,10.0,70.89251148171051,0.2140379310344827,0.922963045851588,5.50197415754974
A2-2,42,ood(10C),03-27-17_09.06 10degC_US06_Pan18650PF,3.867751121520996,10.0,70.89251148171051,0.2140379310344827,0.922963045851588,5.455796445466364
A2-2,7,ood(10C),03-28-17_12.51 10degC_Cycle_1_Pan18650PF,3.5877840518951416,10.0,71.26232355633927,0.2444827586206897,0.9571059941840824,5.034615590465101
A2-2,13,ood(10C),03-28-17_12.51 10degC_Cycle_1_Pan18650PF,3.5687148571014404,10.0,71.26232355633927,0.2444827586206897,0.9571059941840824,5.007856436620468
A2-2,42,ood(10C),03-28-17_12.51 10degC_Cycle_1_Pan18650PF,3.635448217391968,10.0,71.26232355633927,0.2444827586206897,0.9571059941840824,5.101501096182782
A2-2,7,ood(10C),03-28-17_18.18 10degC_Cycle_2_Pan18650PF,4.672185897827148,10.0,68.868196988966,0.2650586206896551,0.9537405905793152,6.784243093478579
A2-2,13,ood(10C),03-28-17_18.18 10degC_Cycle_2_Pan18650PF,4.6632466316223145,10.0,68.868196988966,0.2650586206896551,0.9537405905793152,6.771262840479844
A2-2,42,ood(10C),03-28-17_18.18 10degC_Cycle_2_Pan18650PF,4.685346603393555,10.0,68.868196988966,0.2650586206896551,0.9537405905793152,6.803353083491117
A2-2,7,ood(10C),04-05-17_17.04 10degC_Cycle_3_Pan18650PF,4.653955936431885,10.0,84.05916506331272,0.1239275862068964,0.9645192368400236,5.53652410528532
A2-2,13,ood(10C),04-05-17_17.04 10degC_Cycle_3_Pan18650PF,4.61539363861084,10.0,84.05916506331272,0.1239275862068964,0.9645192368400236,5.490648919882276
A2-2,42,ood(10C),04-05-17_17.04 10degC_Cycle_3_Pan18650PF,4.706391334533691,10.0,84.05916506331272,0.1239275862068964,0.9645192368400236,5.598903261754829
A2-2,7,ood(10C),04-05-17_22.50 10degC_Cycle_4_Pan18650PF,3.022326231002808,10.0,82.83240684132407,0.1428482758620689,0.9711723442753096,3.6487243897095194
A2-2,13,ood(10C),04-05-17_22.50 10degC_Cycle_4_Pan18650PF,3.028452157974243,10.0,82.83240684132407,0.1428482758620689,0.9711723442753096,3.6561199577064394
A2-2,42,ood(10C),04-05-17_22.50 10degC_Cycle_4_Pan18650PF,3.0025827884674072,10.0,82.83240684132407,0.1428482758620689,0.9711723442753096,3.6248889812162934
A2-2,7,ood(0C),05-30-17_12.56 0degC_Cycle_1_Pan18650PF,9.72225284576416,0.0,85.44073888112624,0.0999999999999999,0.9544073888112622,11.37894284749894
A2-2,13,ood(0C),05-30-17_12.56 0degC_Cycle_1_Pan18650PF,9.589483261108398,0.0,85.44073888112624,0.0999999999999999,0.9544073888112622,11.223549078209933
A2-2,42,ood(0C),05-30-17_12.56 0degC_Cycle_1_Pan18650PF,9.677988052368164,0.0,85.44073888112624,0.0999999999999999,0.9544073888112622,11.327135250823563
A2-2,7,ood(0C),05-30-17_20.16 0degC_Cycle_2_Pan18650PF,9.85916519165039,0.0,85.14472804716277,0.0999999999999999,0.9514472804716276,11.579301992942264
A2-2,13,ood(0C),05-30-17_20.16 0degC_Cycle_2_Pan18650PF,9.825787544250488,0.0,85.14472804716277,0.0999999999999999,0.9514472804716276,11.54010091946956
A2-2,42,ood(0C),05-30-17_20.16 0degC_Cycle_2_Pan18650PF,9.890788078308104,0.0,85.14472804716277,0.0999999999999999,0.9514472804716276,11.61644215109768
A2-2,7,ood(0C),06-01-17_10.36 0degC_LA92_Pan18650PF,6.272018432617188,0.0,80.00068965517242,0.1999931034482758,1.0,7.839955454948597
A2-2,13,ood(0C),06-01-17_10.36 0degC_LA92_Pan18650PF,6.263187885284424,0.0,80.00068965517242,0.1999931034482758,1.0,7.828917365938581
A2-2,42,ood(0C),06-01-17_10.36 0degC_LA92_Pan18650PF,6.249163627624512,0.0,80.00068965517242,0.1999931034482758,1.0,7.811387194985854
A2-2,7,ood(0C),06-01-17_10.36 0degC_NN_Pan18650PF,5.256912708282471,0.0,80.00068965517242,0.1999931034482758,1.0,6.571084238075173
A2-2,13,ood(0C),06-01-17_10.36 0degC_NN_Pan18650PF,5.318387508392334,0.0,80.00068965517242,0.1999931034482758,1.0,6.647927075774246
A2-2,42,ood(0C),06-01-17_10.36 0degC_NN_Pan18650PF,5.143044471740723,0.0,80.00068965517242,0.1999931034482758,1.0,6.428750169415822
A2-2,7,ood(0C),06-01-17_15.36 0degC_Cycle_3_Pan18650PF,10.527270317077637,0.0,76.01956610854242,0.1999586206896551,0.9601542817750792,13.848106291538901
A2-2,13,ood(0C),06-01-17_15.36 0degC_Cycle_3_Pan18650PF,10.307828903198242,0.0,76.01956610854242,0.1999586206896551,0.9601542817750792,13.559441905364858
A2-2,42,ood(0C),06-01-17_15.36 0degC_Cycle_3_Pan18650PF,10.484386444091797,0.0,76.01956610854242,0.1999586206896551,0.9601542817750792,13.791694665978438
A2-2,7,ood(0C),06-01-17_22.03 0degC_Cycle_4_Pan18650PF,8.651753425598145,0.0,77.97448277730483,0.1999551724137931,0.9797000001868414,11.095621435935083
A2-2,13,ood(0C),06-01-17_22.03 0degC_Cycle_4_Pan18650PF,8.581376075744629,0.0,77.97448277730483,0.1999551724137931,0.9797000001868414,11.005364537335945
A2-2,42,ood(0C),06-01-17_22.03 0degC_Cycle_4_Pan18650PF,8.647353172302246,0.0,77.97448277730483,0.1999551724137931,0.9797000001868414,11.08997823941852
A2-2,7,ood(0C),06-02-17_04.58 0degC_US06_Pan18650PF,11.10100269317627,0.0,71.98659776233133,0.1999724137931035,0.9198383914164168,15.42092978171713
A2-2,13,ood(0C),06-02-17_04.58 0degC_US06_Pan18650PF,11.056964874267578,0.0,71.98659776233133,0.1999724137931035,0.9198383914164168,15.3597547570909
A2-2,42,ood(0C),06-02-17_04.58 0degC_US06_Pan18650PF,11.107732772827148,0.0,71.98659776233133,0.1999724137931035,0.9198383914164168,15.430278854822516
A2-2,7,ood(0C),06-02-17_10.43 0degC_HWFET_Pan18650PF,11.77676773071289,0.0,76.20307543012512,0.1999862068965516,0.9620169611978028,15.454452020787098
A2-2,13,ood(0C),06-02-17_10.43 0degC_HWFET_Pan18650PF,11.839479446411133,0.0,76.20307543012512,0.1999862068965516,0.9620169611978028,15.536747538841023
A2-2,42,ood(0C),06-02-17_10.43 0degC_HWFET_Pan18650PF,11.929057121276855,0.0,76.20307543012512,0.1999862068965516,0.9620169611978028,15.654298798235878
A2-2,7,ood(0C),06-02-17_17.14 0degC_UDDS_Pan18650PF,8.7328519821167,0.0,77.18344827586208,0.1999655172413792,0.9718,11.314410248819842
A2-2,13,ood(0C),06-02-17_17.14 0degC_UDDS_Pan18650PF,8.504219055175781,0.0,77.18344827586208,0.1999655172413792,0.9718,11.018190097934953
A2-2,42,ood(0C),06-02-17_17.14 0degC_UDDS_Pan18650PF,8.692938804626465,0.0,77.18344827586208,0.1999655172413792,0.9718,11.262698154605573
A2-2,7,ood(-10C),06-07-17_08.39 n10degC_HWFET_Pan18650PF,7.171440124511719,-10.0,70.00206896551725,0.2999793103448275,1.0,10.244611667184211
A2-2,13,ood(-10C),06-07-17_08.39 n10degC_HWFET_Pan18650PF,7.279235363006592,-10.0,70.00206896551725,0.2999793103448275,1.0,10.398600313645465
A2-2,42,ood(-10C),06-07-17_08.39 n10degC_HWFET_Pan18650PF,7.140763282775879,-10.0,70.00206896551725,0.2999793103448275,1.0,10.200788902815702
A2-2,7,ood(-10C),06-07-17_08.39 n10degC_LA92_Pan18650PF,7.914496421813965,-10.0,70.00034482758622,0.2999965517241379,1.0,11.30636776334131
A2-2,13,ood(-10C),06-07-17_08.39 n10degC_LA92_Pan18650PF,7.837238788604736,-10.0,70.00034482758622,0.2999965517241379,1.0,11.19600025958184
A2-2,42,ood(-10C),06-07-17_08.39 n10degC_LA92_Pan18650PF,7.766532897949219,-10.0,70.00034482758622,0.2999965517241379,1.0,11.09499234193562
A2-2,7,ood(-10C),06-07-17_08.39 n10degC_UDDS_Pan18650PF,9.664681434631348,-10.0,70.00103448275863,0.2999896551724137,1.0,13.806483727053742
A2-2,13,ood(-10C),06-07-17_08.39 n10degC_UDDS_Pan18650PF,9.418622016906738,-10.0,70.00103448275863,0.2999896551724137,1.0,13.454975467864779
A2-2,42,ood(-10C),06-07-17_08.39 n10degC_UDDS_Pan18650PF,9.479042053222656,-10.0,70.00103448275863,0.2999896551724137,1.0,13.541288529896455
A2-2,7,ood(-10C),06-07-17_08.39 n10degC_US06_Pan18650PF,4.612040519714356,-10.0,70.00206896551725,0.2999793103448275,1.0,6.588434581821046
A2-2,13,ood(-10C),06-07-17_08.39 n10degC_US06_Pan18650PF,4.966209411621094,-10.0,70.00206896551725,0.2999793103448275,1.0,7.094375187778278
A2-2,42,ood(-10C),06-07-17_08.39 n10degC_US06_Pan18650PF,4.467750549316406,-10.0,70.00206896551725,0.2999793103448275,1.0,6.38231214496989
A2-2,7,ood(-10C),06-10-17_11.25 n10degC_Cycle_1_Pan18650PF,12.551753044128418,-10.0,65.23448276491266,0.2999965517241379,0.9523413793732646,19.24097886904618
A2-2,13,ood(-10C),06-10-17_11.25 n10degC_Cycle_1_Pan18650PF,12.333344459533691,-10.0,65.23448276491266,0.2999965517241379,0.9523413793732646,18.906173448143544
A2-2,42,ood(-10C),06-10-17_11.25 n10degC_Cycle_1_Pan18650PF,12.376056671142578,-10.0,65.23448276491266,0.2999965517241379,0.9523413793732646,18.971648346998506
A2-2,7,ood(-10C),06-10-17_18.35 n10degC_Cycle_2_Pan18650PF,17.971546173095703,-10.0,64.9254966474142,0.2999862068965516,0.9492411733706936,27.68025983796838
A2-2,13,ood(-10C),06-10-17_18.35 n10degC_Cycle_2_Pan18650PF,17.60517692565918,-10.0,64.9254966474142,0.2999862068965516,0.9492411733706936,27.11596804760113
A2-2,42,ood(-10C),06-10-17_18.35 n10degC_Cycle_2_Pan18650PF,17.805028915405273,-10.0,64.9254966474142,0.2999862068965516,0.9492411733706936,27.423785469208877
A2-2,7,ood(-10C),06-11-17_01.39 n10degC_Cycle_3_Pan18650PF,18.342208862304688,-10.0,65.81909451298449,0.2999862068965516,0.9581771520263964,27.867610452596274
A2-2,13,ood(-10C),06-11-17_01.39 n10degC_Cycle_3_Pan18650PF,17.935897827148438,-10.0,65.81909451298449,0.2999862068965516,0.9581771520263964,27.250295616889908
A2-2,42,ood(-10C),06-11-17_01.39 n10degC_Cycle_3_Pan18650PF,18.12773895263672,-10.0,65.81909451298449,0.2999862068965516,0.9581771520263964,27.541762898395028
A2-2,7,ood(-10C),06-11-17_08.42 n10degC_Cycle_4_Pan18650PF,11.43766975402832,-10.0,67.87548022839647,0.2999965517241379,0.9787513540081026,16.85095960358781
A2-2,13,ood(-10C),06-11-17_08.42 n10degC_Cycle_4_Pan18650PF,11.15661907196045,-10.0,67.87548022839647,0.2999965517241379,0.9787513540081026,16.436891546725224
A2-2,42,ood(-10C),06-11-17_08.42 n10degC_Cycle_4_Pan18650PF,11.288427352905272,-10.0,67.87548022839647,0.2999965517241379,0.9787513540081026,16.631082851893595
A2-2,7,ood(-10C),06-14-17_13.12 n10degC_NN_Pan18650PF,17.35407066345215,-10.0,63.674493095971975,0.2999379310344827,0.9366828619942024,27.254352284038774
A2-2,13,ood(-10C),06-14-17_13.12 n10degC_NN_Pan18650PF,16.980140686035156,-10.0,63.674493095971975,0.2999379310344827,0.9366828619942024,26.667099902063164
A2-2,42,ood(-10C),06-14-17_13.12 n10degC_NN_Pan18650PF,17.1309871673584,-10.0,63.674493095971975,0.2999379310344827,0.9366828619942024,26.904002426117625
A2-2,7,ood(-20C),06-23-17_23.35 n20degC_HWFET_Pan18650PF,5.339381694793701,-20.0,60.0,0.4,1.0,8.898969491322834
A2-2,13,ood(-20C),06-23-17_23.35 n20degC_HWFET_Pan18650PF,5.5829033851623535,-20.0,60.0,0.4,1.0,9.30483897527059
A2-2,42,ood(-20C),06-23-17_23.35 n20degC_HWFET_Pan18650PF,5.109627723693848,-20.0,60.0,0.4,1.0,8.516046206156412
A2-2,7,ood(-20C),06-23-17_23.35 n20degC_LA92_Pan18650PF,6.247044086456299,-20.0,60.001724137931056,0.3999827586206895,1.0,10.41144096475576
A2-2,13,ood(-20C),06-23-17_23.35 n20degC_LA92_Pan18650PF,6.338681221008301,-20.0,60.001724137931056,0.3999827586206895,1.0,10.564165133716886
A2-2,42,ood(-20C),06-23-17_23.35 n20degC_LA92_Pan18650PF,5.894119739532471,-20.0,60.001724137931056,0.3999827586206895,1.0,9.82325062190406
A2-2,7,ood(-20C),06-23-17_23.35 n20degC_NN_Pan18650PF,4.971629142761231,-20.0,60.00413793103449,0.3999586206896551,1.0,8.285477159050853
A2-2,13,ood(-20C),06-23-17_23.35 n20degC_NN_Pan18650PF,5.0917067527771,-20.0,60.00413793103449,0.3999586206896551,1.0,8.485592708004958
A2-2,42,ood(-20C),06-23-17_23.35 n20degC_NN_Pan18650PF,4.6799635887146,-20.0,60.00413793103449,0.3999586206896551,1.0,7.799401424770899
A2-2,7,ood(-20C),06-23-17_23.35 n20degC_UDDS_Pan18650PF,10.338913917541504,-20.0,60.00275862068967,0.3999724137931034,1.0,17.230730978386255
A2-2,13,ood(-20C),06-23-17_23.35 n20degC_UDDS_Pan18650PF,10.206206321716309,-20.0,60.00275862068967,0.3999724137931034,1.0,17.009561820707834
A2-2,42,ood(-20C),06-23-17_23.35 n20degC_UDDS_Pan18650PF,9.936704635620115,-20.0,60.00275862068967,0.3999724137931034,1.0,16.560412994401595
A2-2,7,ood(-20C),06-24-17_04.29 n20degC_Cycle_1_Pan18650PF,23.53175926208496,-20.0,54.86659226213077,0.3999896551724138,0.9486555777937216,42.88904831132862
A2-2,13,ood(-20C),06-24-17_04.29 n20degC_Cycle_1_Pan18650PF,23.09305000305176,-20.0,54.86659226213077,0.3999896551724138,0.9486555777937216,42.08945562487706
A2-2,42,ood(-20C),06-24-17_04.29 n20degC_Cycle_1_Pan18650PF,23.06730079650879,-20.0,54.86659226213077,0.3999896551724138,0.9486555777937216,42.04252505113201
A2-2,7,ood(-20C),06-24-17_11.58 n20degC_Cycle_2_Pan18650PF,22.688844680786133,-20.0,54.58302532356557,0.3999931034482759,0.9458233566839316,41.5675835963429
A2-2,13,ood(-20C),06-24-17_11.58 n20degC_Cycle_2_Pan18650PF,22.142349243164062,-20.0,54.58302532356557,0.3999931034482759,0.9458233566839316,40.5663649310482
A2-2,42,ood(-20C),06-24-17_11.58 n20degC_Cycle_2_Pan18650PF,22.25377082824707,-20.0,54.58302532356557,0.3999931034482759,0.9458233566839316,40.770497231195556
A2-2,7,ood(-20C),06-24-17_19.29 n20degC_Cycle_3_Pan18650PF,22.94687843322754,-20.0,55.53572416389299,0.3999931034482759,0.9553503450872058,41.31913066535043
A2-2,13,ood(-20C),06-24-17_19.29 n20degC_Cycle_3_Pan18650PF,22.39102363586425,-20.0,55.53572416389299,0.3999931034482759,0.9553503450872058,40.31823474523441
A2-2,42,ood(-20C),06-24-17_19.29 n20degC_Cycle_3_Pan18650PF,22.499818801879883,-20.0,55.53572416389299,0.3999931034482759,0.9553503450872058,40.514135973954446
A2-2,7,ood(-20C),06-25-17_03.01 n20degC_Cycle_4_Pan18650PF,19.15680503845215,-20.0,57.72478796467271,0.3999689655172413,0.9772168451639685,33.186445050566526
A2-2,13,ood(-20C),06-25-17_03.01 n20degC_Cycle_4_Pan18650PF,18.88401222229004,-20.0,57.72478796467271,0.3999689655172413,0.9772168451639685,32.71387022477582
A2-2,42,ood(-20C),06-25-17_03.01 n20degC_Cycle_4_Pan18650PF,18.740219116210938,-20.0,57.72478796467271,0.3999689655172413,0.9772168451639685,32.464769082703015
A2-2,7,ood(-20C),06-25-17_10.31 n20degC_US06_Pan18650PF,22.937854766845703,-20.0,50.72396907587689,0.3999586206896551,0.907198311448424,45.22093831524395
A2-2,13,ood(-20C),06-25-17_10.31 n20degC_US06_Pan18650PF,22.72826194763184,-20.0,50.72396907587689,0.3999586206896551,0.907198311448424,44.80773559662322
A2-2,42,ood(-20C),06-25-17_10.31 n20degC_US06_Pan18650PF,22.746307373046875,-20.0,50.72396907587689,0.3999586206896551,0.907198311448424,44.84331133279647
A2-3,7,test_id(25C),03-18-17_02.17 25degC_Cycle_1_Pan18650PF,0.6788503527641296,25.0,88.72409617395462,0.0704931034482758,0.957734065187822,0.7651251261361504
A2-3,13,test_id(25C),03-18-17_02.17 25degC_Cycle_1_Pan18650PF,0.7185821533203125,25.0,88.72409617395462,0.0704931034482758,0.957734065187822,0.8099064226153884
A2-3,42,test_id(25C),03-18-17_02.17 25degC_Cycle_1_Pan18650PF,0.7172702550888062,25.0,88.72409617395462,0.0704931034482758,0.957734065187822,0.8084277958521084
A2-3,7,test_id(25C),03-19-17_03.25 25degC_Cycle_2_Pan18650PF,0.590039849281311,25.0,88.96038624527624,0.0650344827586207,0.954638345211383,0.6632613393274717
A2-3,13,test_id(25C),03-19-17_03.25 25degC_Cycle_2_Pan18650PF,0.6350865960121155,25.0,88.96038624527624,0.0650344827586207,0.954638345211383,0.7138981998808918
A2-3,42,test_id(25C),03-19-17_03.25 25degC_Cycle_2_Pan18650PF,0.6452640295028687,25.0,88.96038624527624,0.0650344827586207,0.954638345211383,0.725338610517928
A2-3,7,test_id(25C),03-19-17_09.07 25degC_Cycle_3_Pan18650PF,0.4086739122867584,25.0,83.80947249679896,0.1274793103448275,0.9655740353128172,0.4876225802547169
A2-3,13,test_id(25C),03-19-17_09.07 25degC_Cycle_3_Pan18650PF,0.3784330189228058,25.0,83.80947249679896,0.1274793103448275,0.9655740353128172,0.4515396740353661
A2-3,42,test_id(25C),03-19-17_09.07 25degC_Cycle_3_Pan18650PF,0.3871320486068725,25.0,83.80947249679896,0.1274793103448275,0.9655740353128172,0.4619192044451285
A2-3,7,test_id(25C),03-19-17_14.31 25degC_Cycle_4_Pan18650PF,0.741338849067688,25.0,93.77206896551725,0.0351137931034483,0.9728344827586208,0.7905753357540827
A2-3,13,test_id(25C),03-19-17_14.31 25degC_Cycle_4_Pan18650PF,0.7554954290390015,25.0,93.77206896551725,0.0351137931034483,0.9728344827586208,0.8056721339024943
A2-3,42,test_id(25C),03-19-17_14.31 25degC_Cycle_4_Pan18650PF,0.7933768630027771,25.0,93.77206896551725,0.0351137931034483,0.9728344827586208,0.8460694871673623
A2-3,7,ood(10C),03-27-17_09.06 10degC_HWFET_Pan18650PF,3.05367398262024,10.0,87.88206896551725,0.1211793103448276,1.0,3.474740659347046
A2-3,13,ood(10C),03-27-17_09.06 10degC_HWFET_Pan18650PF,3.0524051189422607,10.0,87.88206896551725,0.1211793103448276,1.0,3.4732968338967405
A2-3,42,ood(10C),03-27-17_09.06 10degC_HWFET_Pan18650PF,2.977846145629883,10.0,87.88206896551725,0.1211793103448276,1.0,3.388457031887035
A2-3,7,ood(10C),03-27-17_09.06 10degC_LA92_Pan18650PF,2.946225643157959,10.0,81.83793103448276,0.1816206896551724,1.0,3.6000734694973584
A2-3,13,ood(10C),03-27-17_09.06 10degC_LA92_Pan18650PF,3.318756341934204,10.0,81.83793103448276,0.1816206896551724,1.0,4.055278890830992
A2-3,42,ood(10C),03-27-17_09.06 10degC_LA92_Pan18650PF,3.226588487625122,10.0,81.83793103448276,0.1816206896551724,1.0,3.9426564758407507
A2-3,7,ood(10C),03-27-17_09.06 10degC_NN_Pan18650PF,2.525273084640503,10.0,81.41137931034483,0.1858862068965516,1.0,3.1018674613213686
A2-3,13,ood(10C),03-27-17_09.06 10degC_NN_Pan18650PF,2.7062089443206787,10.0,81.41137931034483,0.1858862068965516,1.0,3.3241163179467277
A2-3,42,ood(10C),03-27-17_09.06 10degC_NN_Pan18650PF,2.645500421524048,10.0,81.41137931034483,0.1858862068965516,1.0,3.2495462476311197
A2-3,7,ood(10C),03-27-17_09.06 10degC_UDDS_Pan18650PF,1.8244484663009644,10.0,88.9096551724138,0.1109034482758619,1.0,2.052025129062743
A2-3,13,ood(10C),03-27-17_09.06 10degC_UDDS_Pan18650PF,2.080520868301392,10.0,88.9096551724138,0.1109034482758619,1.0,2.34003929524509
A2-3,42,ood(10C),03-27-17_09.06 10degC_UDDS_Pan18650PF,2.038240432739258,10.0,88.9096551724138,0.1109034482758619,1.0,2.292484914924816
A2-3,7,ood(10C),03-27-17_09.06 10degC_US06_Pan18650PF,3.790122985839844,10.0,70.89251148171051,0.2140379310344827,0.922963045851588,5.346295266768274
A2-3,13,ood(10C),03-27-17_09.06 10degC_US06_Pan18650PF,4.003568649291992,10.0,70.89251148171051,0.2140379310344827,0.922963045851588,5.64737877896295
A2-3,42,ood(10C),03-27-17_09.06 10degC_US06_Pan18650PF,3.870274782180786,10.0,70.89251148171051,0.2140379310344827,0.922963045851588,5.459356286424236
A2-3,7,ood(10C),03-28-17_12.51 10degC_Cycle_1_Pan18650PF,3.2738804817199707,10.0,71.26232355633927,0.2444827586206897,0.9571059941840824,4.59412536434021
A2-3,13,ood(10C),03-28-17_12.51 10degC_Cycle_1_Pan18650PF,3.567605495452881,10.0,71.26232355633927,0.2444827586206897,0.9571059941840824,5.0062997070708315
A2-3,42,ood(10C),03-28-17_12.51 10degC_Cycle_1_Pan18650PF,3.473598957061768,10.0,71.26232355633927,0.2444827586206897,0.9571059941840824,4.874383522332914
A2-3,7,ood(10C),03-28-17_18.18 10degC_Cycle_2_Pan18650PF,4.286416053771973,10.0,68.868196988966,0.2650586206896551,0.9537405905793152,6.224086357972662
A2-3,13,ood(10C),03-28-17_18.18 10degC_Cycle_2_Pan18650PF,4.663157939910889,10.0,68.868196988966,0.2650586206896551,0.9537405905793152,6.771134055764542
A2-3,42,ood(10C),03-28-17_18.18 10degC_Cycle_2_Pan18650PF,4.536162376403809,10.0,68.868196988966,0.2650586206896551,0.9537405905793152,6.586730268443921
A2-3,7,ood(10C),04-05-17_17.04 10degC_Cycle_3_Pan18650PF,4.252882957458496,10.0,84.05916506331272,0.1239275862068964,0.9645192368400236,5.05939233902128
A2-3,13,ood(10C),04-05-17_17.04 10degC_Cycle_3_Pan18650PF,4.651017189025879,10.0,84.05916506331272,0.1239275862068964,0.9645192368400236,5.533028058894908
A2-3,42,ood(10C),04-05-17_17.04 10degC_Cycle_3_Pan18650PF,4.5380940437316895,10.0,84.05916506331272,0.1239275862068964,0.9645192368400236,5.398690363285945
A2-3,7,ood(10C),04-05-17_22.50 10degC_Cycle_4_Pan18650PF,2.770080089569092,10.0,82.83240684132407,0.1428482758620689,0.9711723442753096,3.34419847883393
A2-3,13,ood(10C),04-05-17_22.50 10degC_Cycle_4_Pan18650PF,2.958801031112671,10.0,82.83240684132407,0.1428482758620689,0.9711723442753096,3.572033149755781
A2-3,42,ood(10C),04-05-17_22.50 10degC_Cycle_4_Pan18650PF,2.8411524295806885,10.0,82.83240684132407,0.1428482758620689,0.9711723442753096,3.430001056257214
A2-3,7,ood(0C),05-30-17_12.56 0degC_Cycle_1_Pan18650PF,9.709956169128418,0.0,85.44073888112624,0.0999999999999999,0.9544073888112622,11.364550794250372
A2-3,13,ood(0C),05-30-17_12.56 0degC_Cycle_1_Pan18650PF,9.659294128417969,0.0,85.44073888112624,0.0999999999999999,0.9544073888112622,11.305255847397284
A2-3,42,ood(0C),05-30-17_12.56 0degC_Cycle_1_Pan18650PF,9.452716827392578,0.0,85.44073888112624,0.0999999999999999,0.9544073888112622,11.06347738933315
A2-3,7,ood(0C),05-30-17_20.16 0degC_Cycle_2_Pan18650PF,9.872403144836426,0.0,85.14472804716277,0.0999999999999999,0.9514472804716276,11.594849582898394
A2-3,13,ood(0C),05-30-17_20.16 0degC_Cycle_2_Pan18650PF,9.905699729919434,0.0,85.14472804716277,0.0999999999999999,0.9514472804716276,11.633955451043942
A2-3,42,ood(0C),05-30-17_20.16 0degC_Cycle_2_Pan18650PF,9.715495109558104,0.0,85.14472804716277,0.0999999999999999,0.9514472804716276,11.410565671401951
A2-3,7,ood(0C),06-01-17_10.36 0degC_LA92_Pan18650PF,5.647425651550293,0.0,80.00068965517242,0.1999931034482758,1.0,7.059221209082615
A2-3,13,ood(0C),06-01-17_10.36 0degC_LA92_Pan18650PF,6.132721900939941,0.0,80.00068965517242,0.1999931034482758,1.0,7.6658362913793106
A2-3,42,ood(0C),06-01-17_10.36 0degC_LA92_Pan18650PF,6.064754009246826,0.0,80.00068965517242,0.1999931034482758,1.0,7.580877159169229
A2-3,7,ood(0C),06-01-17_10.36 0degC_NN_Pan18650PF,4.75541877746582,0.0,80.00068965517242,0.1999931034482758,1.0,5.9442222285372015
A2-3,13,ood(0C),06-01-17_10.36 0degC_NN_Pan18650PF,5.062527656555176,0.0,80.00068965517242,0.1999931034482758,1.0,6.3281050180645035
A2-3,42,ood(0C),06-01-17_10.36 0degC_NN_Pan18650PF,5.048416614532471,0.0,80.00068965517242,0.1999931034482758,1.0,6.310466367593453
A2-3,7,ood(0C),06-01-17_15.36 0degC_Cycle_3_Pan18650PF,9.71187973022461,0.0,76.01956610854242,0.1999586206896551,0.9601542817750792,12.775500081594485
A2-3,13,ood(0C),06-01-17_15.36 0degC_Cycle_3_Pan18650PF,10.42815113067627,0.0,76.01956610854242,0.1999586206896551,0.9601542817750792,13.71771987725729
A2-3,42,ood(0C),06-01-17_15.36 0degC_Cycle_3_Pan18650PF,10.12037181854248,0.0,76.01956610854242,0.1999586206896551,0.9601542817750792,13.312851331053889
A2-3,7,ood(0C),06-01-17_22.03 0degC_Cycle_4_Pan18650PF,8.035825729370117,0.0,77.97448277730483,0.1999551724137931,0.9797000001868414,10.305712129339081
A2-3,13,ood(0C),06-01-17_22.03 0degC_Cycle_4_Pan18650PF,8.490623474121094,0.0,77.97448277730483,0.1999551724137931,0.9797000001868414,10.888976972595406
A2-3,42,ood(0C),06-01-17_22.03 0degC_Cycle_4_Pan18650PF,8.35689926147461,0.0,77.97448277730483,0.1999551724137931,0.9797000001868414,10.717479570004867
A2-3,7,ood(0C),06-02-17_04.58 0degC_US06_Pan18650PF,10.837942123413086,0.0,71.98659776233133,0.1999724137931035,0.9198383914164168,15.055499857341909
A2-3,13,ood(0C),06-02-17_04.58 0degC_US06_Pan18650PF,11.262982368469238,0.0,71.98659776233133,0.1999724137931035,0.9198383914164168,15.645943437491997
A2-3,42,ood(0C),06-02-17_04.58 0degC_US06_Pan18650PF,11.033985137939451,0.0,71.98659776233133,0.1999724137931035,0.9198383914164168,15.32783251455904
A2-3,7,ood(0C),06-02-17_10.43 0degC_HWFET_Pan18650PF,11.335948944091797,0.0,76.20307543012512,0.1999862068965516,0.9620169611978028,14.87597302353809
A2-3,13,ood(0C),06-02-17_10.43 0degC_HWFET_Pan18650PF,11.733009338378906,0.0,76.20307543012512,0.1999862068965516,0.9620169611978028,15.397028626669485
A2-3,42,ood(0C),06-02-17_10.43 0degC_HWFET_Pan18650PF,11.431038856506348,0.0,76.20307543012512,0.1999862068965516,0.9620169611978028,15.000757898528791
A2-3,7,ood(0C),06-02-17_17.14 0degC_UDDS_Pan18650PF,7.779473781585693,0.0,77.18344827586208,0.1999655172413792,0.9718,10.079199563332548
A2-3,13,ood(0C),06-02-17_17.14 0degC_UDDS_Pan18650PF,8.410029411315918,0.0,77.18344827586208,0.1999655172413792,0.9718,10.896156623188892
A2-3,42,ood(0C),06-02-17_17.14 0degC_UDDS_Pan18650PF,8.246368408203125,0.0,77.18344827586208,0.1999655172413792,0.9718,10.684115043331186
A2-3,7,ood(-10C),06-07-17_08.39 n10degC_HWFET_Pan18650PF,6.533112049102783,-10.0,70.00206896551725,0.2999793103448275,1.0,9.33274136843151
A2-3,13,ood(-10C),06-07-17_08.39 n10degC_HWFET_Pan18650PF,6.921972274780273,-10.0,70.00206896551725,0.2999793103448275,1.0,9.88823955787651
A2-3,42,ood(-10C),06-07-17_08.39 n10degC_HWFET_Pan18650PF,6.74303150177002,-10.0,70.00206896551725,0.2999793103448275,1.0,9.632617437481187
A2-3,7,ood(-10C),06-07-17_08.39 n10degC_LA92_Pan18650PF,7.0816144943237305,-10.0,70.00034482758622,0.2999965517241379,1.0,10.116542299564443
A2-3,13,ood(-10C),06-07-17_08.39 n10degC_LA92_Pan18650PF,7.680136203765869,-10.0,70.00034482758622,0.2999965517241379,1.0,10.971569101098524
A2-3,42,ood(-10C),06-07-17_08.39 n10degC_LA92_Pan18650PF,7.504371643066406,-10.0,70.00034482758622,0.2999965517241379,1.0,10.720478108429306
A2-3,7,ood(-10C),06-07-17_08.39 n10degC_UDDS_Pan18650PF,8.520352363586426,-10.0,70.00103448275863,0.2999896551724137,1.0,12.1717520698712
A2-3,13,ood(-10C),06-07-17_08.39 n10degC_UDDS_Pan18650PF,9.268041610717772,-10.0,70.00103448275863,0.2999896551724137,1.0,13.239863780870989
A2-3,42,ood(-10C),06-07-17_08.39 n10degC_UDDS_Pan18650PF,9.016149520874023,-10.0,70.00103448275863,0.2999896551724137,1.0,12.880023256077333
A2-3,7,ood(-10C),06-07-17_08.39 n10degC_US06_Pan18650PF,4.164860725402832,-10.0,70.00206896551725,0.2999793103448275,1.0,5.949625185299061
A2-3,13,ood(-10C),06-07-17_08.39 n10degC_US06_Pan18650PF,4.540684223175049,-10.0,70.00206896551725,0.2999793103448275,1.0,6.48650002818027
A2-3,42,ood(-10C),06-07-17_08.39 n10degC_US06_Pan18650PF,4.560537338256836,-10.0,70.00206896551725,0.2999793103448275,1.0,6.514860782905344
A2-3,7,ood(-10C),06-10-17_11.25 n10degC_Cycle_1_Pan18650PF,11.453857421875,-10.0,65.23448276491266,0.2999965517241379,0.9523413793732646,17.557979976865287
A2-3,13,ood(-10C),06-10-17_11.25 n10degC_Cycle_1_Pan18650PF,12.22852897644043,-10.0,65.23448276491266,0.2999965517241379,0.9523413793732646,18.74549848200487
A2-3,42,ood(-10C),06-10-17_11.25 n10degC_Cycle_1_Pan18650PF,11.928182601928713,-10.0,65.23448276491266,0.2999965517241379,0.9523413793732646,18.28508803375454
A2-3,7,ood(-10C),06-10-17_18.35 n10degC_Cycle_2_Pan18650PF,16.844566345214844,-10.0,64.9254966474142,0.2999862068965516,0.9492411733706936,25.944455129378994
A2-3,13,ood(-10C),06-10-17_18.35 n10degC_Cycle_2_Pan18650PF,17.664527893066406,-10.0,64.9254966474142,0.2999862068965516,0.9492411733706936,27.207382007404224
A2-3,42,ood(-10C),06-10-17_18.35 n10degC_Cycle_2_Pan18650PF,17.3270263671875,-10.0,64.9254966474142,0.2999862068965516,0.9492411733706936,26.68755305990807
A2-3,7,ood(-10C),06-11-17_01.39 n10degC_Cycle_3_Pan18650PF,17.127267837524414,-10.0,65.81909451298449,0.2999862068965516,0.9581771520263964,26.0217311773343
A2-3,13,ood(-10C),06-11-17_01.39 n10degC_Cycle_3_Pan18650PF,18.13382148742676,-10.0,65.81909451298449,0.2999862068965516,0.9581771520263964,27.55100419050797
A2-3,42,ood(-10C),06-11-17_01.39 n10degC_Cycle_3_Pan18650PF,17.705488204956055,-10.0,65.81909451298449,0.2999862068965516,0.9581771520263964,26.900230603238086
A2-3,7,ood(-10C),06-11-17_08.42 n10degC_Cycle_4_Pan18650PF,10.496108055114746,-10.0,67.87548022839647,0.2999965517241379,0.9787513540081026,15.463769861805826
A2-3,13,ood(-10C),06-11-17_08.42 n10degC_Cycle_4_Pan18650PF,11.199880599975586,-10.0,67.87548022839647,0.2999965517241379,0.9787513540081026,16.500628153625925
A2-3,42,ood(-10C),06-11-17_08.42 n10degC_Cycle_4_Pan18650PF,10.89055347442627,-10.0,67.87548022839647,0.2999965517241379,0.9787513540081026,16.044900806270956
A2-3,7,ood(-10C),06-14-17_13.12 n10degC_NN_Pan18650PF,16.354782104492188,-10.0,63.674493095971975,0.2999379310344827,0.9366828619942024,25.684982022301778
A2-3,13,ood(-10C),06-14-17_13.12 n10degC_NN_Pan18650PF,17.138303756713867,-10.0,63.674493095971975,0.2999379310344827,0.9366828619942024,26.91549303876285
A2-3,42,ood(-10C),06-14-17_13.12 n10degC_NN_Pan18650PF,16.847518920898438,-10.0,63.674493095971975,0.2999379310344827,0.9366828619942024,26.45881906826551
A2-3,7,ood(-20C),06-23-17_23.35 n20degC_HWFET_Pan18650PF,4.311870574951172,-20.0,60.0,0.4,1.0,7.186450958251952
A2-3,13,ood(-20C),06-23-17_23.35 n20degC_HWFET_Pan18650PF,5.031670570373535,-20.0,60.0,0.4,1.0,8.386117617289225
A2-3,42,ood(-20C),06-23-17_23.35 n20degC_HWFET_Pan18650PF,4.831234455108643,-20.0,60.0,0.4,1.0,8.05205742518107
A2-3,7,ood(-20C),06-23-17_23.35 n20degC_LA92_Pan18650PF,5.138709545135498,-20.0,60.001724137931056,0.3999827586206895,1.0,8.56426980885201
A2-3,13,ood(-20C),06-23-17_23.35 n20degC_LA92_Pan18650PF,5.969521045684815,-20.0,60.001724137931056,0.3999827586206895,1.0,9.9489158544214
A2-3,42,ood(-20C),06-23-17_23.35 n20degC_LA92_Pan18650PF,5.708538055419922,-20.0,60.001724137931056,0.3999827586206895,1.0,9.513956702806107
A2-3,7,ood(-20C),06-23-17_23.35 n20degC_NN_Pan18650PF,3.941882371902466,-20.0,60.00413793103449,0.3999586206896551,1.0,6.569350894488397
A2-3,13,ood(-20C),06-23-17_23.35 n20degC_NN_Pan18650PF,4.624072074890137,-20.0,60.00413793103449,0.3999586206896551,1.0,7.706255325599036
A2-3,42,ood(-20C),06-23-17_23.35 n20degC_NN_Pan18650PF,4.466267108917236,-20.0,60.00413793103449,0.3999586206896551,1.0,7.443265186228526
A2-3,7,ood(-20C),06-23-17_23.35 n20degC_UDDS_Pan18650PF,8.97247314453125,-20.0,60.00275862068967,0.3999724137931034,1.0,14.9534343933271
A2-3,13,ood(-20C),06-23-17_23.35 n20degC_UDDS_Pan18650PF,9.995438575744627,-20.0,60.00275862068967,0.3999724137931034,1.0,16.658298394130966
A2-3,42,ood(-20C),06-23-17_23.35 n20degC_UDDS_Pan18650PF,9.654695510864258,-20.0,60.00275862068967,0.3999724137931034,1.0,16.09041939537627
A2-3,7,ood(-20C),06-24-17_04.29 n20degC_Cycle_1_Pan18650PF,22.012449264526367,-20.0,54.86659226213077,0.3999896551724138,0.9486555777937216,40.119949785398795
A2-3,13,ood(-20C),06-24-17_04.29 n20degC_Cycle_1_Pan18650PF,23.25633811950684,-20.0,54.86659226213077,0.3999896551724138,0.9486555777937216,42.387064989196524
A2-3,42,ood(-20C),06-24-17_04.29 n20degC_Cycle_1_Pan18650PF,22.75785446166992,-20.0,54.86659226213077,0.3999896551724138,0.9486555777937216,41.478527321219325
A2-3,7,ood(-20C),06-24-17_11.58 n20degC_Cycle_2_Pan18650PF,21.208202362060547,-20.0,54.58302532356557,0.3999931034482759,0.9458233566839316,38.85494114028919
A2-3,13,ood(-20C),06-24-17_11.58 n20degC_Cycle_2_Pan18650PF,22.30280303955078,-20.0,54.58302532356557,0.3999931034482759,0.9458233566839316,40.860327743544495
A2-3,42,ood(-20C),06-24-17_11.58 n20degC_Cycle_2_Pan18650PF,21.80514335632324,-20.0,54.58302532356557,0.3999931034482759,0.9458233566839316,39.94857966751273
A2-3,7,ood(-20C),06-24-17_19.29 n20degC_Cycle_3_Pan18650PF,21.44392776489257,-20.0,55.53572416389299,0.3999931034482759,0.9553503450872058,38.61285341595405
A2-3,13,ood(-20C),06-24-17_19.29 n20degC_Cycle_3_Pan18650PF,22.67926406860352,-20.0,55.53572416389299,0.3999931034482759,0.9553503450872058,40.83725279546931
A2-3,42,ood(-20C),06-24-17_19.29 n20degC_Cycle_3_Pan18650PF,22.064950942993164,-20.0,55.53572416389299,0.3999931034482759,0.9553503450872058,39.731094309451485
A2-3,7,ood(-20C),06-25-17_03.01 n20degC_Cycle_4_Pan18650PF,17.794464111328125,-20.0,57.72478796467271,0.3999689655172413,0.9772168451639685,30.826382804936852
A2-3,13,ood(-20C),06-25-17_03.01 n20degC_Cycle_4_Pan18650PF,18.84638404846192,-20.0,57.72478796467271,0.3999689655172413,0.9772168451639685,32.64868475566479
A2-3,42,ood(-20C),06-25-17_03.01 n20degC_Cycle_4_Pan18650PF,18.40119361877441,-20.0,57.72478796467271,0.3999689655172413,0.9772168451639685,31.87745553961299
A2-3,7,ood(-20C),06-25-17_10.31 n20degC_US06_Pan18650PF,22.22442626953125,-20.0,50.72396907587689,0.3999586206896551,0.907198311448424,43.81444645289136
A2-3,13,ood(-20C),06-25-17_10.31 n20degC_US06_Pan18650PF,23.02667999267578,-20.0,50.72396907587689,0.3999586206896551,0.907198311448424,45.39605321151164
A2-3,42,ood(-20C),06-25-17_10.31 n20degC_US06_Pan18650PF,22.666133880615234,-20.0,50.72396907587689,0.3999586206896551,0.907198311448424,44.68525293576584
A2-4,7,test_id(25C),03-18-17_02.17 25degC_Cycle_1_Pan18650PF,0.7203330397605896,25.0,88.72409617395462,0.0704931034482758,0.957734065187822,0.8118798283932779
A2-4,13,test_id(25C),03-18-17_02.17 25degC_Cycle_1_Pan18650PF,0.8501641154289246,25.0,88.72409617395462,0.0704931034482758,0.957734065187822,0.9582110746578607
A2-4,42,test_id(25C),03-18-17_02.17 25degC_Cycle_1_Pan18650PF,0.7463865876197815,25.0,88.72409617395462,0.0704931034482758,0.957734065187822,0.8412445094469013
A2-4,7,test_id(25C),03-19-17_03.25 25degC_Cycle_2_Pan18650PF,0.6840012073516846,25.0,88.96038624527624,0.0650344827586207,0.954638345211383,0.7688829109462244
A2-4,13,test_id(25C),03-19-17_03.25 25degC_Cycle_2_Pan18650PF,0.8101624846458435,25.0,88.96038624527624,0.0650344827586207,0.954638345211383,0.9107002777754496
A2-4,42,test_id(25C),03-19-17_03.25 25degC_Cycle_2_Pan18650PF,0.6513839364051819,25.0,88.96038624527624,0.0650344827586207,0.954638345211383,0.7322179724009125
A2-4,7,test_id(25C),03-19-17_09.07 25degC_Cycle_3_Pan18650PF,0.4074115753173828,25.0,83.80947249679896,0.1274793103448275,0.9655740353128172,0.486116381812263
A2-4,13,test_id(25C),03-19-17_09.07 25degC_Cycle_3_Pan18650PF,0.5628376603126526,25.0,83.80947249679896,0.1274793103448275,0.9655740353128172,0.6715680740433604
A2-4,42,test_id(25C),03-19-17_09.07 25degC_Cycle_3_Pan18650PF,0.4152402579784393,25.0,83.80947249679896,0.1274793103448275,0.9655740353128172,0.4954574293428456
A2-4,7,test_id(25C),03-19-17_14.31 25degC_Cycle_4_Pan18650PF,0.6261239647865295,25.0,93.77206896551725,0.0351137931034483,0.9728344827586208,0.6677083823507977
A2-4,13,test_id(25C),03-19-17_14.31 25degC_Cycle_4_Pan18650PF,0.9229430556297302,25.0,93.77206896551725,0.0351137931034483,0.9728344827586208,0.9842409001012055
A2-4,42,test_id(25C),03-19-17_14.31 25degC_Cycle_4_Pan18650PF,0.7730100154876709,25.0,93.77206896551725,0.0351137931034483,0.9728344827586208,0.8243499626439185
A2-4,7,ood(10C),03-27-17_09.06 10degC_HWFET_Pan18650PF,3.114415168762207,10.0,87.88206896551725,0.1211793103448276,1.0,3.54385735955332
A2-4,13,ood(10C),03-27-17_09.06 10degC_HWFET_Pan18650PF,3.151762008666992,10.0,87.88206896551725,0.1211793103448276,1.0,3.5863539010485357
A2-4,42,ood(10C),03-27-17_09.06 10degC_HWFET_Pan18650PF,3.126131772994995,10.0,87.88206896551725,0.1211793103448276,1.0,3.5571895493512016
A2-4,7,ood(10C),03-27-17_09.06 10degC_LA92_Pan18650PF,3.366417646408081,10.0,81.83793103448276,0.1816206896551724,1.0,4.113517538694406
A2-4,13,ood(10C),03-27-17_09.06 10degC_LA92_Pan18650PF,2.767441272735596,10.0,81.83793103448276,0.1816206896551724,1.0,3.3816119710669654
A2-4,42,ood(10C),03-27-17_09.06 10degC_LA92_Pan18650PF,3.341082811355591,10.0,81.83793103448276,0.1816206896551724,1.0,4.082560212754903
A2-4,7,ood(10C),03-27-17_09.06 10degC_NN_Pan18650PF,2.74578857421875,10.0,81.41137931034483,0.1858862068965516,1.0,3.3727331455123086
A2-4,13,ood(10C),03-27-17_09.06 10degC_NN_Pan18650PF,2.278384208679199,10.0,81.41137931034483,0.1858862068965516,1.0,2.798606568246275
A2-4,42,ood(10C),03-27-17_09.06 10degC_NN_Pan18650PF,2.744279384613037,10.0,81.41137931034483,0.1858862068965516,1.0,3.370879363377062
A2-4,7,ood(10C),03-27-17_09.06 10degC_UDDS_Pan18650PF,2.267389297485352,10.0,88.9096551724138,0.1109034482758619,1.0,2.550217176175552
A2-4,13,ood(10C),03-27-17_09.06 10degC_UDDS_Pan18650PF,1.7554519176483154,10.0,88.9096551724138,0.1109034482758619,1.0,1.9744221414919887
A2-4,42,ood(10C),03-27-17_09.06 10degC_UDDS_Pan18650PF,2.2364072799682617,10.0,88.9096551724138,0.1109034482758619,1.0,2.515370547362281
A2-4,7,ood(10C),03-27-17_09.06 10degC_US06_Pan18650PF,3.9344444274902335,10.0,70.89251148171051,0.2140379310344827,0.922963045851588,5.549873104023514
A2-4,13,ood(10C),03-27-17_09.06 10degC_US06_Pan18650PF,3.3292810916900635,10.0,70.89251148171051,0.2140379310344827,0.922963045851588,4.6962380399641805
A2-4,42,ood(10C),03-27-17_09.06 10degC_US06_Pan18650PF,3.953548669815064,10.0,70.89251148171051,0.2140379310344827,0.922963045851588,5.576821285045087
A2-4,7,ood(10C),03-28-17_12.51 10degC_Cycle_1_Pan18650PF,3.6479179859161377,10.0,71.26232355633927,0.2444827586206897,0.9571059941840824,5.118999499128218
A2-4,13,ood(10C),03-28-17_12.51 10degC_Cycle_1_Pan18650PF,2.999950170516968,10.0,71.26232355633927,0.2444827586206897,0.9571059941840824,4.209728255836674
A2-4,42,ood(10C),03-28-17_12.51 10degC_Cycle_1_Pan18650PF,3.675832271575928,10.0,71.26232355633927,0.2444827586206897,0.9571059941840824,5.158170668782435
A2-4,7,ood(10C),03-28-17_18.18 10degC_Cycle_2_Pan18650PF,4.689426422119141,10.0,68.868196988966,0.2650586206896551,0.9537405905793152,6.809277180395003
A2-4,13,ood(10C),03-28-17_18.18 10degC_Cycle_2_Pan18650PF,4.141679286956787,10.0,68.868196988966,0.2650586206896551,0.9537405905793152,6.013921473246008
A2-4,42,ood(10C),03-28-17_18.18 10degC_Cycle_2_Pan18650PF,4.704627513885498,10.0,68.868196988966,0.2650586206896551,0.9537405905793152,6.831349911250427
A2-4,7,ood(10C),04-05-17_17.04 10degC_Cycle_3_Pan18650PF,4.682845592498779,10.0,84.05916506331272,0.1239275862068964,0.9645192368400236,5.570892345851515
A2-4,13,ood(10C),04-05-17_17.04 10degC_Cycle_3_Pan18650PF,4.130105018615723,10.0,84.05916506331272,0.1239275862068964,0.9645192368400236,4.913331003829219
A2-4,42,ood(10C),04-05-17_17.04 10degC_Cycle_3_Pan18650PF,4.728131771087647,10.0,84.05916506331272,0.1239275862068964,0.9645192368400236,5.624766517162589
A2-4,7,ood(10C),04-05-17_22.50 10degC_Cycle_4_Pan18650PF,3.0433123111724854,10.0,82.83240684132407,0.1428482758620689,0.9711723442753096,3.6740599811403936
A2-4,13,ood(10C),04-05-17_22.50 10degC_Cycle_4_Pan18650PF,2.5964746475219727,10.0,82.83240684132407,0.1428482758620689,0.9711723442753096,3.134612099942777
A2-4,42,ood(10C),04-05-17_22.50 10degC_Cycle_4_Pan18650PF,3.005420446395874,10.0,82.83240684132407,0.1428482758620689,0.9711723442753096,3.6283147635117454
A2-4,7,ood(0C),05-30-17_12.56 0degC_Cycle_1_Pan18650PF,10.250944137573242,0.0,85.44073888112624,0.0999999999999999,0.9544073888112622,11.997724120615796
A2-4,13,ood(0C),05-30-17_12.56 0degC_Cycle_1_Pan18650PF,9.768153190612791,0.0,85.44073888112624,0.0999999999999999,0.9544073888112622,11.432664696642231
A2-4,42,ood(0C),05-30-17_12.56 0degC_Cycle_1_Pan18650PF,9.827701568603516,0.0,85.44073888112624,0.0999999999999999,0.9544073888112622,11.502360229207293
A2-4,7,ood(0C),05-30-17_20.16 0degC_Cycle_2_Pan18650PF,10.415691375732422,0.0,85.14472804716277,0.0999999999999999,0.9514472804716276,12.23292576607096
A2-4,13,ood(0C),05-30-17_20.16 0degC_Cycle_2_Pan18650PF,9.930367469787598,0.0,85.14472804716277,0.0999999999999999,0.9514472804716276,11.662926992129258
A2-4,42,ood(0C),05-30-17_20.16 0degC_Cycle_2_Pan18650PF,10.03309154510498,0.0,85.14472804716277,0.0999999999999999,0.9514472804716276,11.783573422828388
A2-4,7,ood(0C),06-01-17_10.36 0degC_LA92_Pan18650PF,6.152018070220947,0.0,80.00068965517242,0.1999931034482758,1.0,7.689956295049502
A2-4,13,ood(0C),06-01-17_10.36 0degC_LA92_Pan18650PF,5.468021869659424,0.0,80.00068965517242,0.1999931034482758,1.0,6.834968414932771
A2-4,42,ood(0C),06-01-17_10.36 0degC_LA92_Pan18650PF,6.039212703704834,0.0,80.00068965517242,0.1999931034482758,1.0,7.548950802468951
A2-4,7,ood(0C),06-01-17_10.36 0degC_NN_Pan18650PF,5.166626453399658,0.0,80.00068965517242,0.1999931034482758,1.0,6.4582273923755
A2-4,13,ood(0C),06-01-17_10.36 0degC_NN_Pan18650PF,4.562564373016357,0.0,80.00068965517242,0.1999931034482758,1.0,5.703156301129919
A2-4,42,ood(0C),06-01-17_10.36 0degC_NN_Pan18650PF,5.021678447723389,0.0,80.00068965517242,0.1999931034482758,1.0,6.277043947206415
A2-4,7,ood(0C),06-01-17_15.36 0degC_Cycle_3_Pan18650PF,10.320207595825195,0.0,76.01956610854242,0.1999586206896551,0.9601542817750792,13.575725466638122
A2-4,13,ood(0C),06-01-17_15.36 0degC_Cycle_3_Pan18650PF,9.770172119140623,0.0,76.01956610854242,0.1999586206896551,0.9601542817750792,12.852180851954028
A2-4,42,ood(0C),06-01-17_15.36 0degC_Cycle_3_Pan18650PF,10.23491096496582,0.0,76.01956610854242,0.1999586206896551,0.9601542817750792,13.463521944274435
A2-4,7,ood(0C),06-01-17_22.03 0degC_Cycle_4_Pan18650PF,8.567416191101074,0.0,77.97448277730483,0.1999551724137931,0.9797000001868414,10.987461392427084
A2-4,13,ood(0C),06-01-17_22.03 0degC_Cycle_4_Pan18650PF,7.783121585845947,0.0,77.97448277730483,0.1999551724137931,0.9797000001868414,9.981626435502685
A2-4,42,ood(0C),06-01-17_22.03 0degC_Cycle_4_Pan18650PF,8.520872116088867,0.0,77.97448277730483,0.1999551724137931,0.9797000001868414,10.927769973703427
A2-4,7,ood(0C),06-02-17_04.58 0degC_US06_Pan18650PF,11.122243881225586,0.0,71.98659776233133,0.1999724137931035,0.9198383914164168,15.450436924309763
A2-4,13,ood(0C),06-02-17_04.58 0degC_US06_Pan18650PF,10.324373245239258,0.0,71.98659776233133,0.1999724137931035,0.9198383914164168,14.342076950665014
A2-4,42,ood(0C),06-02-17_04.58 0degC_US06_Pan18650PF,11.09715747833252,0.0,71.98659776233133,0.1999724137931035,0.9198383914164168,15.415588211253633
A2-4,7,ood(0C),06-02-17_10.43 0degC_HWFET_Pan18650PF,11.775381088256836,0.0,76.20307543012512,0.1999862068965516,0.9620169611978028,15.45263235347285
A2-4,13,ood(0C),06-02-17_10.43 0degC_HWFET_Pan18650PF,11.393752098083496,0.0,76.20307543012512,0.1999862068965516,0.9620169611978028,14.951827119538063
A2-4,42,ood(0C),06-02-17_10.43 0degC_HWFET_Pan18650PF,11.729702949523926,0.0,76.20307543012512,0.1999862068965516,0.9620169611978028,15.392689708802564
A2-4,7,ood(0C),06-02-17_17.14 0degC_UDDS_Pan18650PF,8.495901107788086,0.0,77.18344827586208,0.1999655172413792,0.9718,11.007413244123024
A2-4,13,ood(0C),06-02-17_17.14 0degC_UDDS_Pan18650PF,7.76879358291626,0.0,77.18344827586208,0.1999655172413792,0.9718,10.06536214234656
A2-4,42,ood(0C),06-02-17_17.14 0degC_UDDS_Pan18650PF,8.397104263305664,0.0,77.18344827586208,0.1999655172413792,0.9718,10.87941061313236
A2-4,7,ood(-10C),06-07-17_08.39 n10degC_HWFET_Pan18650PF,7.063889980316162,-10.0,70.00206896551725,0.2999793103448275,1.0,10.090973145087764
A2-4,13,ood(-10C),06-07-17_08.39 n10degC_HWFET_Pan18650PF,6.433513641357422,-10.0,70.00206896551725,0.2999793103448275,1.0,9.190462134092844
A2-4,42,ood(-10C),06-07-17_08.39 n10degC_HWFET_Pan18650PF,6.791713714599609,-10.0,70.00206896551725,0.2999793103448275,1.0,9.702161400322582
A2-4,7,ood(-10C),06-07-17_08.39 n10degC_LA92_Pan18650PF,7.66813850402832,-10.0,70.00034482758622,0.2999965517241379,1.0,10.954429614475853
A2-4,13,ood(-10C),06-07-17_08.39 n10degC_LA92_Pan18650PF,7.00535774230957,-10.0,70.00034482758622,0.2999965517241379,1.0,10.007604619040178
A2-4,42,ood(-10C),06-07-17_08.39 n10degC_LA92_Pan18650PF,7.479796409606934,-10.0,70.00034482758622,0.2999965517241379,1.0,10.68537080500101
A2-4,7,ood(-10C),06-07-17_08.39 n10degC_UDDS_Pan18650PF,9.262864112854004,-10.0,70.00103448275863,0.2999896551724137,1.0,13.232467464656485
A2-4,13,ood(-10C),06-07-17_08.39 n10degC_UDDS_Pan18650PF,8.61792278289795,-10.0,70.00103448275863,0.2999896551724137,1.0,12.311136323307561
A2-4,42,ood(-10C),06-07-17_08.39 n10degC_UDDS_Pan18650PF,9.047993659973145,-10.0,70.00103448275863,0.2999896551724137,1.0,12.925514211081667
A2-4,7,ood(-10C),06-07-17_08.39 n10degC_US06_Pan18650PF,4.61161994934082,-10.0,70.00206896551725,0.2999793103448275,1.0,6.5878337847592565
A2-4,13,ood(-10C),06-07-17_08.39 n10degC_US06_Pan18650PF,3.922744512557984,-10.0,70.00206896551725,0.2999793103448275,1.0,5.603755103996016
A2-4,42,ood(-10C),06-07-17_08.39 n10degC_US06_Pan18650PF,4.340385913848877,-10.0,70.00206896551725,0.2999793103448275,1.0,6.200368043388737
A2-4,7,ood(-10C),06-10-17_11.25 n10degC_Cycle_1_Pan18650PF,12.157691955566406,-10.0,65.23448276491266,0.2999965517241379,0.9523413793732646,18.636910174300645
A2-4,13,ood(-10C),06-10-17_11.25 n10degC_Cycle_1_Pan18650PF,11.424592971801758,-10.0,65.23448276491266,0.2999965517241379,0.9523413793732646,17.51311957660933
A2-4,42,ood(-10C),06-10-17_11.25 n10degC_Cycle_1_Pan18650PF,11.999987602233888,-10.0,65.23448276491266,0.2999965517241379,0.9523413793732646,18.395160187716336
A2-4,7,ood(-10C),06-10-17_18.35 n10degC_Cycle_2_Pan18650PF,17.482845306396484,-10.0,64.9254966474142,0.2999862068965516,0.9492411733706936,26.927549590169793
A2-4,13,ood(-10C),06-10-17_18.35 n10degC_Cycle_2_Pan18650PF,16.726503372192383,-10.0,64.9254966474142,0.2999862068965516,0.9492411733706936,25.762611355948017
A2-4,42,ood(-10C),06-10-17_18.35 n10degC_Cycle_2_Pan18650PF,17.443269729614258,-10.0,64.9254966474142,0.2999862068965516,0.9492411733706936,26.866594220052026
A2-4,7,ood(-10C),06-11-17_01.39 n10degC_Cycle_3_Pan18650PF,17.85054588317871,-10.0,65.81909451298449,0.2999862068965516,0.9581771520263964,27.12061904719342
A2-4,13,ood(-10C),06-11-17_01.39 n10degC_Cycle_3_Pan18650PF,17.16391372680664,-10.0,65.81909451298449,0.2999862068965516,0.9581771520263964,26.077407861362513
A2-4,42,ood(-10C),06-11-17_01.39 n10degC_Cycle_3_Pan18650PF,17.7531795501709,-10.0,65.81909451298449,0.2999862068965516,0.9581771520263964,26.972688824621606
A2-4,7,ood(-10C),06-11-17_08.42 n10degC_Cycle_4_Pan18650PF,11.05346965789795,-10.0,67.87548022839647,0.2999965517241379,0.9787513540081026,16.28492295112132
A2-4,13,ood(-10C),06-11-17_08.42 n10degC_Cycle_4_Pan18650PF,10.254435539245604,-10.0,67.87548022839647,0.2999965517241379,0.9787513540081026,15.107717108947313
A2-4,42,ood(-10C),06-11-17_08.42 n10degC_Cycle_4_Pan18650PF,10.977790832519531,-10.0,67.87548022839647,0.2999965517241379,0.9787513540081026,16.17342639135664
A2-4,7,ood(-10C),06-14-17_13.12 n10degC_NN_Pan18650PF,16.946243286132812,-10.0,63.674493095971975,0.2999379310344827,0.9366828619942024,26.613864456825688
A2-4,13,ood(-10C),06-14-17_13.12 n10degC_NN_Pan18650PF,16.227550506591797,-10.0,63.674493095971975,0.2999379310344827,0.9366828619942024,25.485166379154645
A2-4,42,ood(-10C),06-14-17_13.12 n10degC_NN_Pan18650PF,16.940603256225586,-10.0,63.674493095971975,0.2999379310344827,0.9366828619942024,26.60500685995605
A2-4,7,ood(-20C),06-23-17_23.35 n20degC_HWFET_Pan18650PF,5.298985958099365,-20.0,60.0,0.4,1.0,8.831643263498941
A2-4,13,ood(-20C),06-23-17_23.35 n20degC_HWFET_Pan18650PF,4.388326644897461,-20.0,60.0,0.4,1.0,7.3138777414957685
A2-4,42,ood(-20C),06-23-17_23.35 n20degC_HWFET_Pan18650PF,4.676587104797363,-20.0,60.0,0.4,1.0,7.794311841328939
A2-4,7,ood(-20C),06-23-17_23.35 n20degC_LA92_Pan18650PF,6.072483062744141,-20.0,60.001724137931056,0.3999827586206895,1.0,10.120514285197553
A2-4,13,ood(-20C),06-23-17_23.35 n20degC_LA92_Pan18650PF,5.214587211608887,-20.0,60.001724137931056,0.3999827586206895,1.0,8.690728952424221
A2-4,42,ood(-20C),06-23-17_23.35 n20degC_LA92_Pan18650PF,5.537461757659912,-20.0,60.001724137931056,0.3999827586206895,1.0,9.228837732946605
A2-4,7,ood(-20C),06-23-17_23.35 n20degC_NN_Pan18650PF,4.849831581115723,-20.0,60.00413793103449,0.3999586206896551,1.0,8.082495221729303
A2-4,13,ood(-20C),06-23-17_23.35 n20degC_NN_Pan18650PF,3.981307029724121,-20.0,60.00413793103449,0.3999586206896551,1.0,6.635054126267124
A2-4,42,ood(-20C),06-23-17_23.35 n20degC_NN_Pan18650PF,4.286607265472412,-20.0,60.00413793103449,0.3999586206896551,1.0,7.143852762953126
A2-4,7,ood(-20C),06-23-17_23.35 n20degC_UDDS_Pan18650PF,9.97879695892334,-20.0,60.00275862068967,0.3999724137931034,1.0,16.63056364125654
A2-4,13,ood(-20C),06-23-17_23.35 n20degC_UDDS_Pan18650PF,9.222675323486328,-20.0,60.00275862068967,0.3999724137931034,1.0,15.370418853219592
A2-4,42,ood(-20C),06-23-17_23.35 n20degC_UDDS_Pan18650PF,9.539118766784668,-20.0,60.00275862068967,0.3999724137931034,1.0,15.897800344625265
A2-4,7,ood(-20C),06-24-17_04.29 n20degC_Cycle_1_Pan18650PF,22.949377059936523,-20.0,54.86659226213077,0.3999896551724138,0.9486555777937216,41.82759692873492
A2-4,13,ood(-20C),06-24-17_04.29 n20degC_Cycle_1_Pan18650PF,22.253849029541016,-20.0,54.86659226213077,0.3999896551724138,0.9486555777937216,40.55992565242793
A2-4,42,ood(-20C),06-24-17_04.29 n20degC_Cycle_1_Pan18650PF,22.756956100463867,-20.0,54.86659226213077,0.3999896551724138,0.9486555777937216,41.47688996564645
A2-4,7,ood(-20C),06-24-17_11.58 n20degC_Cycle_2_Pan18650PF,22.012306213378903,-20.0,54.58302532356557,0.3999931034482759,0.9458233566839316,40.328116814505975
A2-4,13,ood(-20C),06-24-17_11.58 n20degC_Cycle_2_Pan18650PF,21.32682609558105,-20.0,54.58302532356557,0.3999931034482759,0.9458233566839316,39.072268290657476
A2-4,42,ood(-20C),06-24-17_11.58 n20degC_Cycle_2_Pan18650PF,21.9648380279541,-20.0,54.58302532356557,0.3999931034482759,0.9458233566839316,40.241151709249515
A2-4,7,ood(-20C),06-24-17_19.29 n20degC_Cycle_3_Pan18650PF,22.271791458129883,-20.0,55.53572416389299,0.3999931034482759,0.9553503450872058,40.10354018685881
A2-4,13,ood(-20C),06-24-17_19.29 n20degC_Cycle_3_Pan18650PF,21.542320251464844,-20.0,55.53572416389299,0.3999931034482759,0.9553503450872058,38.790023135181805
A2-4,42,ood(-20C),06-24-17_19.29 n20degC_Cycle_3_Pan18650PF,22.216976165771484,-20.0,55.53572416389299,0.3999931034482759,0.9553503450872058,40.00483742717815
A2-4,7,ood(-20C),06-25-17_03.01 n20degC_Cycle_4_Pan18650PF,18.68829345703125,-20.0,57.72478796467271,0.3999689655172413,0.9772168451639685,32.374815250024646
A2-4,13,ood(-20C),06-25-17_03.01 n20degC_Cycle_4_Pan18650PF,17.853254318237305,-20.0,57.72478796467271,0.3999689655172413,0.9772168451639685,30.92822849200141
A2-4,42,ood(-20C),06-25-17_03.01 n20degC_Cycle_4_Pan18650PF,18.50465202331543,-20.0,57.72478796467271,0.3999689655172413,0.9772168451639685,32.05668253756114
A2-4,7,ood(-20C),06-25-17_10.31 n20degC_US06_Pan18650PF,22.4543571472168,-20.0,50.72396907587689,0.3999586206896551,0.907198311448424,44.26774472957314
A2-4,13,ood(-20C),06-25-17_10.31 n20degC_US06_Pan18650PF,21.591646194458008,-20.0,50.72396907587689,0.3999586206896551,0.907198311448424,42.566949290106876
A2-4,42,ood(-20C),06-25-17_10.31 n20degC_US06_Pan18650PF,22.521663665771484,-20.0,50.72396907587689,0.3999586206896551,0.907198311448424,44.40043647231512
