group,exp,rmse_abs,rank_abs,rmse_rel_pct,rank_rel
test_id(25C),A2-0,0.6199,2,0.694,2
test_id(25C),A2-1,0.5962,1,0.668,1
test_id(25C),A2-2,0.623,4,0.697,4
test_id(25C),A2-3,0.6208,3,0.694,3
test_id(25C),A2-4,0.6808,5,0.763,5
ood(10C),A2-0,3.3844,3,4.334,3
ood(10C),A2-1,3.7152,5,4.754,5
ood(10C),A2-2,3.4893,4,4.463,4
ood(10C),A2-3,3.3286,1,4.265,1
ood(10C),A2-4,3.3392,2,4.273,2
ood(0C),A2-0,8.9257,3,11.387,3
ood(0C),A2-1,9.4704,5,12.083,5
ood(0C),A2-2,9.0744,4,11.579,4
ood(0C),A2-3,8.8238,1,11.257,1
ood(0C),A2-4,8.8866,2,11.329,2
ood(-10C),A2-0,11.5251,3,17.327,3
ood(-10C),A2-1,12.0814,5,18.158,5
ood(-10C),A2-2,11.782,4,17.706,4
ood(-10C),A2-3,11.3287,2,17.032,2
ood(-10C),A2-4,11.2833,1,16.964,1
ood(-20C),A2-0,14.8725,3,26.827,3
ood(-20C),A2-1,15.429,5,27.826,5
ood(-20C),A2-2,15.1683,4,27.341,4
ood(-20C),A2-3,14.6347,2,26.413,2
ood(-20C),A2-4,14.591,1,26.324,1
