cycle_id,split,rmse_base,rmse_anch,soc0_first_base,soc0_first_anch,delta
06-24-17_04.29 n20degC_Cycle_1_Pan18650PF,test_ood,23.046308852494782,25.25561884858642,1.0642626801784971,1.0549294668935008,2.209309996091637
06-24-17_11.58 n20degC_Cycle_2_Pan18650PF,test_ood,22.324844882398732,24.33390412739655,1.1065867295637046,1.0969635940353024,2.009059244997818
06-24-17_19.29 n20degC_Cycle_3_Pan18650PF,test_ood,22.530333163149347,24.635726476146285,1.0641811765736977,1.054855453393252,2.105393312996938
06-25-17_03.01 n20degC_Cycle_4_Pan18650PF,test_ood,18.61126149021963,21.17171109129111,1.0060482165914935,0.9971239856470252,2.5604496010714826
06-23-17_23.35 n20degC_HWFET_Pan18650PF,test_ood,4.836625075837714,5.570831506676562,1.007923239573177,0.9990646865711531,0.7342064308388485
06-23-17_23.35 n20degC_LA92_Pan18650PF,test_ood,5.575738249441533,6.543764392842267,1.007923248641332,0.9990646855148464,0.968026143400734
06-23-17_23.35 n20degC_NN_Pan18650PF,test_ood,4.420842799982319,5.337991286672622,1.0081093241143977,0.9992500446194461,0.9171484866903032
06-23-17_23.35 n20degC_UDDS_Pan18650PF,test_ood,9.457568946753392,10.786221420297082,1.008109516932428,0.9992500270233942,1.3286524735436895
06-25-17_10.31 n20degC_US06_Pan18650PF,test_ood,23.590572256056397,27.007616174578466,1.0060482165914935,0.9971239856470252,3.4170439185220687
06-10-17_11.25 n10degC_Cycle_1_Pan18650PF,test_ood,12.556589785123645,14.167019102826211,1.0069045993369348,0.9980273171100307,1.6104293177025664
06-10-17_18.35 n10degC_Cycle_2_Pan18650PF,test_ood,18.117217206873395,21.150696084593957,1.0037821022507059,0.9948958145536644,3.0334788777205617
06-11-17_01.39 n10degC_Cycle_3_Pan18650PF,test_ood,18.415216987890794,20.33798156565406,1.0065438794599075,0.997678302617556,1.9227645777632674
06-11-17_08.42 n10degC_Cycle_4_Pan18650PF,test_ood,11.62136701925029,13.290902732212086,1.0057340078691914,0.996917538929579,1.669535712961796
06-07-17_08.39 n10degC_HWFET_Pan18650PF,test_ood,7.35324354699834,8.419726760783062,1.0084847565601536,0.9996235899168908,1.0664832137847222
06-07-17_08.39 n10degC_LA92_Pan18650PF,test_ood,7.847711700265142,9.32641312537433,1.0082954065613152,0.9994353854953618,1.478701425109188
06-14-17_13.12 n10degC_NN_Pan18650PF,test_ood,17.63327270431421,12.97265620869531,1.0055491442268805,0.9967338536216761,-4.660616495618898
06-07-17_08.39 n10degC_UDDS_Pan18650PF,test_ood,9.29264444685814,11.10946397101296,1.0081091509246451,0.999250060424284,1.8168195241548197
06-07-17_08.39 n10degC_US06_Pan18650PF,test_ood,4.971117657493705,5.856122636847819,1.0084847565601536,0.9996235899168908,0.8850049793541137
05-30-17_12.56 0degC_Cycle_1_Pan18650PF,test_ood,11.794908649707837,13.988328247881153,1.0315504995018132,1.022511865971477,2.1934195981733158
05-30-17_20.16 0degC_Cycle_2_Pan18650PF,test_ood,11.904937634836397,14.358021622810194,1.0456989272023969,1.036548388422619,2.4530839879737965
06-01-17_15.36 0degC_Cycle_3_Pan18650PF,test_ood,11.003331129311043,13.573347849846858,1.0270224275277902,1.0180164903229532,2.570016720535815
06-01-17_22.03 0degC_Cycle_4_Pan18650PF,test_ood,9.492065878108589,12.439382019744489,1.0064032986693319,0.9975679297585529,2.9473161416359
06-02-17_10.43 0degC_HWFET_Pan18650PF,test_ood,13.113545252606858,15.965767623672765,1.006668016215002,0.9978310025708799,2.8522223710659063
06-01-17_10.36 0degC_LA92_Pan18650PF,test_ood,6.672680156935701,8.365223228591768,1.0084837291244848,0.9996236348942962,1.6925430716560674
06-01-17_10.36 0degC_NN_Pan18650PF,test_ood,5.798505068796094,7.222793822285216,1.0086701436577372,0.999808922129228,1.4242887534891224
06-02-17_17.14 0degC_UDDS_Pan18650PF,test_ood,8.99386602164477,12.042996284743113,1.0062181041196576,0.9973841559698235,3.049130263098343
06-02-17_04.58 0degC_US06_Pan18650PF,test_ood,12.463619713245782,11.554666419341183,1.006651347981439,0.9978144413367249,-0.9089532939045988
03-28-17_12.51 10degC_Cycle_1_Pan18650PF,test_ood,4.629360022145899,7.872237897513146,1.0296323583576634,1.0205817823601238,3.242877875367247
03-28-17_18.18 10degC_Cycle_2_Pan18650PF,test_ood,5.5629375368241405,8.543444021158246,1.0392617450622534,1.0301288899004126,2.9805064843341054
04-05-17_17.04 10degC_Cycle_3_Pan18650PF,test_ood,5.992050092323416,8.902505741108184,1.0241161289224698,1.0151091567085972,2.910455648784768
04-05-17_22.50 10degC_Cycle_4_Pan18650PF,test_ood,4.294460354824011,7.065485081960359,1.0274867858645593,1.0184563125004527,2.771024727136348
03-27-17_09.06 10degC_HWFET_Pan18650PF,test_ood,4.9070738149558375,6.498552684759779,1.0097898481315026,1.0009260131519433,1.5914788698039413
03-27-17_09.06 10degC_LA92_Pan18650PF,test_ood,4.319895029226218,6.65531813942639,1.0099760128595678,1.0011111988479553,2.335423110200172
03-27-17_09.06 10degC_NN_Pan18650PF,test_ood,3.8376637920818157,6.067119508685963,1.0097900360674674,1.000926030693638,2.229455716604147
03-27-17_09.06 10degC_UDDS_Pan18650PF,test_ood,3.2887552927018113,5.813517244385935,1.009976176019228,1.0011112167815823,2.5247619516841233
03-27-17_09.06 10degC_US06_Pan18650PF,test_ood,5.550873072733233,9.1512969811089,1.008412692050055,0.9995457950116179,3.6004239083756664
03-18-17_02.17 25degC_Cycle_1_Pan18650PF,test_id,2.7395506333417683,5.591461100692656,1.0184471134868918,1.0094751413330052,2.8519104673508875
03-19-17_03.25 25degC_Cycle_2_Pan18650PF,test_id,2.7066839268581155,5.090227224066605,1.0321767259275643,1.0231000794081673,2.3835432972084893
03-19-17_09.07 25degC_Cycle_3_Pan18650PF,test_id,2.4878474949368163,5.634794520272165,1.0221078185680388,1.0131233784558198,3.146947025335349
03-19-17_14.31 25degC_Cycle_4_Pan18650PF,test_id,3.0028440638054006,5.089388184163176,1.0241340136261188,1.0151315522566329,2.0865441203577753
