seed,grp,cycle_id,aekf_RMSE,fused_RMSE
7,test_id(25C),03-18-17_02.17 25degC_Cycle_1_Pan18650PF,2.464020252227783,0.8293910622596741
7,test_id(25C),03-19-17_03.25 25degC_Cycle_2_Pan18650PF,2.529665231704712,0.7081509828567505
7,test_id(25C),03-19-17_09.07 25degC_Cycle_3_Pan18650PF,2.495169162750244,0.4906597137451172
7,test_id(25C),03-19-17_14.31 25degC_Cycle_4_Pan18650PF,2.841104745864868,0.826025128364563
7,train/val,03-20-17_01.43 25degC_US06_Pan18650PF,3.3966047763824463,0.2727604806423187
7,train/val,03-20-17_05.56 25degC_HWFTa_Pan18650PF,3.675117015838623,0.2535078823566437
7,train/val,03-20-17_19.27 25degC_HWFTb_Pan18650PF,4.010836124420166,0.4103794991970062
7,train/val,03-21-17_00.29 25degC_UDDS_Pan18650PF,1.686751365661621,1.0796654224395752
7,train/val,03-21-17_09.38 25degC_LA92_Pan18650PF,2.4117894172668457,0.21283894777297974
7,train/val,03-21-17_16.27 25degC_NN_Pan18650PF,2.4781670570373535,0.2666915953159332
7,ood(10C),03-27-17_09.06 10degC_HWFET_Pan18650PF,4.4383673667907715,3.1242802143096924
7,ood(10C),03-27-17_09.06 10degC_LA92_Pan18650PF,4.229670524597168,3.4959232807159424
7,ood(10C),03-27-17_09.06 10degC_NN_Pan18650PF,3.4946043491363525,2.710587501525879
7,ood(10C),03-27-17_09.06 10degC_UDDS_Pan18650PF,3.2097644805908203,2.3605172634124756
7,ood(10C),03-27-17_09.06 10degC_US06_Pan18650PF,5.92307710647583,4.561206340789795
7,ood(10C),03-28-17_12.51 10degC_Cycle_1_Pan18650PF,4.64708137512207,3.893751621246338
7,ood(10C),03-28-17_18.18 10degC_Cycle_2_Pan18650PF,5.4325666427612305,4.839160442352295
7,ood(10C),04-05-17_17.04 10degC_Cycle_3_Pan18650PF,5.619865417480469,4.681915760040283
7,ood(10C),04-05-17_22.50 10degC_Cycle_4_Pan18650PF,3.725518226623535,2.6893999576568604
7,ood(0C),05-30-17_12.56 0degC_Cycle_1_Pan18650PF,11.107613563537598,9.909721374511719
7,ood(0C),05-30-17_20.16 0degC_Cycle_2_Pan18650PF,10.469284057617188,9.574116706848145
7,ood(0C),06-01-17_10.36 0degC_LA92_Pan18650PF,5.562582492828369,5.330904483795166
7,ood(0C),06-01-17_10.36 0degC_NN_Pan18650PF,3.7275731563568115,3.4168031215667725
7,ood(0C),06-01-17_15.36 0degC_Cycle_3_Pan18650PF,10.039336204528809,9.874336242675781
7,ood(0C),06-01-17_22.03 0degC_Cycle_4_Pan18650PF,9.157639503479004,8.765640258789062
7,ood(0C),06-02-17_04.58 0degC_US06_Pan18650PF,12.145706176757812,11.335247993469238
7,ood(0C),06-02-17_10.43 0degC_HWFET_Pan18650PF,12.891590118408203,12.144271850585938
7,ood(0C),06-02-17_17.14 0degC_UDDS_Pan18650PF,8.963149070739746,8.904105186462402
7,ood(-10C),06-07-17_08.39 n10degC_HWFET_Pan18650PF,1.7332208156585693,1.9450621604919434
7,ood(-10C),06-07-17_08.39 n10degC_LA92_Pan18650PF,3.6820812225341797,3.945733070373535
7,ood(-10C),06-07-17_08.39 n10degC_UDDS_Pan18650PF,7.204328536987305,7.496400833129883
7,ood(-10C),06-07-17_08.39 n10degC_US06_Pan18650PF,0.8363313674926758,0.8742719292640686
7,ood(-10C),06-10-17_11.25 n10degC_Cycle_1_Pan18650PF,13.513315200805664,13.808013916015625
7,ood(-10C),06-10-17_18.35 n10degC_Cycle_2_Pan18650PF,14.052451133728027,14.260836601257324
7,ood(-10C),06-11-17_01.39 n10degC_Cycle_3_Pan18650PF,13.175860404968262,13.500838279724121
7,ood(-10C),06-11-17_08.42 n10degC_Cycle_4_Pan18650PF,17.31037139892578,17.5364990234375
7,ood(-10C),06-14-17_13.12 n10degC_NN_Pan18650PF,16.181795120239258,16.318012237548828
7,ood(-20C),06-23-17_23.35 n20degC_HWFET_Pan18650PF,0.8134061694145203,1.1607383489608765
7,ood(-20C),06-23-17_23.35 n20degC_LA92_Pan18650PF,1.57728111743927,2.0293688774108887
7,ood(-20C),06-23-17_23.35 n20degC_NN_Pan18650PF,0.953029453754425,1.314754605293274
7,ood(-20C),06-23-17_23.35 n20degC_UDDS_Pan18650PF,4.815825462341309,5.335291862487793
7,ood(-20C),06-24-17_04.29 n20degC_Cycle_1_Pan18650PF,13.664897918701172,14.306288719177246
7,ood(-20C),06-24-17_11.58 n20degC_Cycle_2_Pan18650PF,12.26941204071045,12.961603164672852
7,ood(-20C),06-24-17_19.29 n20degC_Cycle_3_Pan18650PF,11.222140312194824,11.889904975891113
7,ood(-20C),06-25-17_03.01 n20degC_Cycle_4_Pan18650PF,17.61362075805664,18.188270568847656
7,ood(-20C),06-25-17_10.31 n20degC_US06_Pan18650PF,13.558484077453613,13.710686683654785
13,test_id(25C),03-18-17_02.17 25degC_Cycle_1_Pan18650PF,2.464020252227783,0.8406357765197754
13,test_id(25C),03-19-17_03.25 25degC_Cycle_2_Pan18650PF,2.529665231704712,0.7504839301109314
13,test_id(25C),03-19-17_09.07 25degC_Cycle_3_Pan18650PF,2.495169162750244,0.5230084657669067
13,test_id(25C),03-19-17_14.31 25degC_Cycle_4_Pan18650PF,2.841104745864868,0.8678928017616272
13,train/val,03-20-17_01.43 25degC_US06_Pan18650PF,3.3966047763824463,0.26957929134368896
13,train/val,03-20-17_05.56 25degC_HWFTa_Pan18650PF,3.675117015838623,0.25220873951911926
13,train/val,03-20-17_19.27 25degC_HWFTb_Pan18650PF,4.010836124420166,0.37629202008247375
13,train/val,03-21-17_00.29 25degC_UDDS_Pan18650PF,1.686751365661621,1.0989540815353394
13,train/val,03-21-17_09.38 25degC_LA92_Pan18650PF,2.4117894172668457,0.20961150527000427
13,train/val,03-21-17_16.27 25degC_NN_Pan18650PF,2.4781670570373535,0.28486204147338867
13,ood(10C),03-27-17_09.06 10degC_HWFET_Pan18650PF,4.4383673667907715,2.948580741882324
13,ood(10C),03-27-17_09.06 10degC_LA92_Pan18650PF,4.229670524597168,3.409169912338257
13,ood(10C),03-27-17_09.06 10degC_NN_Pan18650PF,3.4946043491363525,2.5922303199768066
13,ood(10C),03-27-17_09.06 10degC_UDDS_Pan18650PF,3.2097644805908203,2.2643954753875732
13,ood(10C),03-27-17_09.06 10degC_US06_Pan18650PF,5.92307710647583,4.26851749420166
13,ood(10C),03-28-17_12.51 10degC_Cycle_1_Pan18650PF,4.64708137512207,3.752528190612793
13,ood(10C),03-28-17_18.18 10degC_Cycle_2_Pan18650PF,5.4325666427612305,4.705514907836914
13,ood(10C),04-05-17_17.04 10degC_Cycle_3_Pan18650PF,5.619865417480469,4.5376057624816895
13,ood(10C),04-05-17_22.50 10degC_Cycle_4_Pan18650PF,3.725518226623535,2.5268049240112305
13,ood(0C),05-30-17_12.56 0degC_Cycle_1_Pan18650PF,11.107613563537598,9.483048439025879
13,ood(0C),05-30-17_20.16 0degC_Cycle_2_Pan18650PF,10.469284057617188,9.196455001831055
13,ood(0C),06-01-17_10.36 0degC_LA92_Pan18650PF,5.562582492828369,5.211782932281494
13,ood(0C),06-01-17_10.36 0degC_NN_Pan18650PF,3.7275731563568115,3.17799711227417
13,ood(0C),06-01-17_15.36 0degC_Cycle_3_Pan18650PF,10.039336204528809,9.698736190795898
13,ood(0C),06-01-17_22.03 0degC_Cycle_4_Pan18650PF,9.157639503479004,8.577493667602539
13,ood(0C),06-02-17_04.58 0degC_US06_Pan18650PF,12.145706176757812,10.83363151550293
13,ood(0C),06-02-17_10.43 0degC_HWFET_Pan18650PF,12.891590118408203,11.982725143432617
13,ood(0C),06-02-17_17.14 0degC_UDDS_Pan18650PF,8.963149070739746,8.790448188781738
13,ood(-10C),06-07-17_08.39 n10degC_HWFET_Pan18650PF,1.7332208156585693,1.9275319576263428
13,ood(-10C),06-07-17_08.39 n10degC_LA92_Pan18650PF,3.6820812225341797,3.777170181274414
13,ood(-10C),06-07-17_08.39 n10degC_UDDS_Pan18650PF,7.204328536987305,7.455575466156006
13,ood(-10C),06-07-17_08.39 n10degC_US06_Pan18650PF,0.8363313674926758,0.7013062834739685
13,ood(-10C),06-10-17_11.25 n10degC_Cycle_1_Pan18650PF,13.513315200805664,13.486001014709473
13,ood(-10C),06-10-17_18.35 n10degC_Cycle_2_Pan18650PF,14.052451133728027,14.116397857666016
13,ood(-10C),06-11-17_01.39 n10degC_Cycle_3_Pan18650PF,13.175860404968262,13.296966552734375
13,ood(-10C),06-11-17_08.42 n10degC_Cycle_4_Pan18650PF,17.31037139892578,17.36783790588379
13,ood(-10C),06-14-17_13.12 n10degC_NN_Pan18650PF,16.181795120239258,15.950718879699707
13,ood(-20C),06-23-17_23.35 n20degC_HWFET_Pan18650PF,0.8134061694145203,1.030337929725647
13,ood(-20C),06-23-17_23.35 n20degC_LA92_Pan18650PF,1.57728111743927,1.835282564163208
13,ood(-20C),06-23-17_23.35 n20degC_NN_Pan18650PF,0.953029453754425,1.1749968528747559
13,ood(-20C),06-23-17_23.35 n20degC_UDDS_Pan18650PF,4.815825462341309,5.206651210784912
13,ood(-20C),06-24-17_04.29 n20degC_Cycle_1_Pan18650PF,13.664897918701172,13.905274391174316
13,ood(-20C),06-24-17_11.58 n20degC_Cycle_2_Pan18650PF,12.26941204071045,12.653877258300781
13,ood(-20C),06-24-17_19.29 n20degC_Cycle_3_Pan18650PF,11.222140312194824,11.583385467529297
13,ood(-20C),06-25-17_03.01 n20degC_Cycle_4_Pan18650PF,17.61362075805664,17.90713882446289
13,ood(-20C),06-25-17_10.31 n20degC_US06_Pan18650PF,13.558484077453613,12.985682487487793
42,test_id(25C),03-18-17_02.17 25degC_Cycle_1_Pan18650PF,2.464020252227783,0.8388679623603821
42,test_id(25C),03-19-17_03.25 25degC_Cycle_2_Pan18650PF,2.529665231704712,0.715058445930481
42,test_id(25C),03-19-17_09.07 25degC_Cycle_3_Pan18650PF,2.495169162750244,0.4940718114376068
42,test_id(25C),03-19-17_14.31 25degC_Cycle_4_Pan18650PF,2.841104745864868,0.816091001033783
42,train/val,03-20-17_01.43 25degC_US06_Pan18650PF,3.3966047763824463,0.33898022770881653
42,train/val,03-20-17_05.56 25degC_HWFTa_Pan18650PF,3.675117015838623,0.27258312702178955
42,train/val,03-20-17_19.27 25degC_HWFTb_Pan18650PF,4.010836124420166,0.4237346649169922
42,train/val,03-21-17_00.29 25degC_UDDS_Pan18650PF,1.686751365661621,1.1060256958007812
42,train/val,03-21-17_09.38 25degC_LA92_Pan18650PF,2.4117894172668457,0.22548595070838928
42,train/val,03-21-17_16.27 25degC_NN_Pan18650PF,2.4781670570373535,0.2752750515937805
42,ood(10C),03-27-17_09.06 10degC_HWFET_Pan18650PF,4.4383673667907715,2.8915035724639893
42,ood(10C),03-27-17_09.06 10degC_LA92_Pan18650PF,4.229670524597168,3.408266544342041
42,ood(10C),03-27-17_09.06 10degC_NN_Pan18650PF,3.4946043491363525,2.559065341949463
42,ood(10C),03-27-17_09.06 10degC_UDDS_Pan18650PF,3.2097644805908203,2.257432460784912
42,ood(10C),03-27-17_09.06 10degC_US06_Pan18650PF,5.92307710647583,4.252837181091309
42,ood(10C),03-28-17_12.51 10degC_Cycle_1_Pan18650PF,4.64708137512207,3.778927803039551
42,ood(10C),03-28-17_18.18 10degC_Cycle_2_Pan18650PF,5.4325666427612305,4.667600154876709
42,ood(10C),04-05-17_17.04 10degC_Cycle_3_Pan18650PF,5.619865417480469,4.5569748878479
42,ood(10C),04-05-17_22.50 10degC_Cycle_4_Pan18650PF,3.725518226623535,2.4650206565856934
42,ood(0C),05-30-17_12.56 0degC_Cycle_1_Pan18650PF,11.107613563537598,9.356208801269531
42,ood(0C),05-30-17_20.16 0degC_Cycle_2_Pan18650PF,10.469284057617188,9.137309074401855
42,ood(0C),06-01-17_10.36 0degC_LA92_Pan18650PF,5.562582492828369,5.105186462402344
42,ood(0C),06-01-17_10.36 0degC_NN_Pan18650PF,3.7275731563568115,3.1552209854125977
42,ood(0C),06-01-17_15.36 0degC_Cycle_3_Pan18650PF,10.039336204528809,9.602505683898926
42,ood(0C),06-01-17_22.03 0degC_Cycle_4_Pan18650PF,9.157639503479004,8.490339279174805
42,ood(0C),06-02-17_04.58 0degC_US06_Pan18650PF,12.145706176757812,10.767709732055664
42,ood(0C),06-02-17_10.43 0degC_HWFET_Pan18650PF,12.891590118408203,11.791404724121094
42,ood(0C),06-02-17_17.14 0degC_UDDS_Pan18650PF,8.963149070739746,8.742257118225098
42,ood(-10C),06-07-17_08.39 n10degC_HWFET_Pan18650PF,1.7332208156585693,1.4973846673965454
42,ood(-10C),06-07-17_08.39 n10degC_LA92_Pan18650PF,3.6820812225341797,3.5633180141448975
42,ood(-10C),06-07-17_08.39 n10degC_UDDS_Pan18650PF,7.204328536987305,7.256880760192871
42,ood(-10C),06-07-17_08.39 n10degC_US06_Pan18650PF,0.8363313674926758,0.46027693152427673
42,ood(-10C),06-10-17_11.25 n10degC_Cycle_1_Pan18650PF,13.513315200805664,13.3629732131958
42,ood(-10C),06-10-17_18.35 n10degC_Cycle_2_Pan18650PF,14.052451133728027,13.816241264343262
42,ood(-10C),06-11-17_01.39 n10degC_Cycle_3_Pan18650PF,13.175860404968262,13.066744804382324
42,ood(-10C),06-11-17_08.42 n10degC_Cycle_4_Pan18650PF,17.31037139892578,17.100311279296875
42,ood(-10C),06-14-17_13.12 n10degC_NN_Pan18650PF,16.181795120239258,15.922616004943848
42,ood(-20C),06-23-17_23.35 n20degC_HWFET_Pan18650PF,0.8134061694145203,0.5757932066917419
42,ood(-20C),06-23-17_23.35 n20degC_LA92_Pan18650PF,1.57728111743927,1.5066494941711426
42,ood(-20C),06-23-17_23.35 n20degC_NN_Pan18650PF,0.953029453754425,0.836500346660614
42,ood(-20C),06-23-17_23.35 n20degC_UDDS_Pan18650PF,4.815825462341309,4.933558940887451
42,ood(-20C),06-24-17_04.29 n20degC_Cycle_1_Pan18650PF,13.664897918701172,13.73225212097168
42,ood(-20C),06-24-17_11.58 n20degC_Cycle_2_Pan18650PF,12.26941204071045,12.313702583312988
42,ood(-20C),06-24-17_19.29 n20degC_Cycle_3_Pan18650PF,11.222140312194824,11.2634859085083
42,ood(-20C),06-25-17_03.01 n20degC_Cycle_4_Pan18650PF,17.61362075805664,17.538822174072266
42,ood(-20C),06-25-17_10.31 n20degC_US06_Pan18650PF,13.558484077453613,12.805952072143555
