exp,seed,cycle_id,eval_group,RMSE_nominal,RMSE_S1,dabs_mean_pp,delta_end_pp
A2-0,7,03-18-17_02.17 25degC_Cycle_1_Pan18650PF,test_id(25C),0.7303272458336645,2.961973032972345,2.3553240302528966,-4.799590582132318
A2-0,13,03-18-17_02.17 25degC_Cycle_1_Pan18650PF,test_id(25C),0.7562857891422137,2.9932833594012314,2.3553240302528966,-4.799590582132318
A2-0,42,03-18-17_02.17 25degC_Cycle_1_Pan18650PF,test_id(25C),0.7014502779291398,2.9570770145921688,2.3553240302528966,-4.799590582132318
A2-0,7,03-19-17_03.25 25degC_Cycle_2_Pan18650PF,test_id(25C),0.6679959149263448,3.409465440850072,2.5703881209583295,-4.92782473503256
A2-0,13,03-19-17_03.25 25degC_Cycle_2_Pan18650PF,test_id(25C),0.6428241473045595,3.3894828362952234,2.5703881209583295,-4.92782473503256
A2-0,42,03-19-17_03.25 25degC_Cycle_2_Pan18650PF,test_id(25C),0.6811797862087486,3.467680553528267,2.5703881209583295,-4.92782473503256
A2-0,7,03-19-17_09.07 25degC_Cycle_3_Pan18650PF,test_id(25C),0.3936609007003268,2.87840334804216,2.426457685551037,-4.598703328649489
A2-0,13,03-19-17_09.07 25degC_Cycle_3_Pan18650PF,test_id(25C),0.34869948095946307,2.8805752489339493,2.426457685551037,-4.598703328649489
A2-0,42,03-19-17_09.07 25degC_Cycle_3_Pan18650PF,test_id(25C),0.38341058099155045,2.8675754916424276,2.426457685551037,-4.598703328649489
A2-0,7,03-19-17_14.31 25degC_Cycle_4_Pan18650PF,test_id(25C),0.5927048135879802,3.289267876351816,2.577170285043614,-3.511379310344831
A2-0,13,03-19-17_14.31 25degC_Cycle_4_Pan18650PF,test_id(25C),0.6166596132956779,3.341511057586169,2.577170285043614,-3.511379310344831
A2-0,42,03-19-17_14.31 25degC_Cycle_4_Pan18650PF,test_id(25C),0.9239816876846787,3.5869071577103084,2.577170285043614,-3.511379310344831
A2-0,7,03-27-17_09.06 10degC_HWFET_Pan18650PF,ood(10C),3.0105069637327286,1.114900647430474,1.8452268472662572,-5.391175670786186
A2-0,13,03-27-17_09.06 10degC_HWFET_Pan18650PF,ood(10C),2.9517222375018446,1.3338190174579636,1.8452268472662572,-5.391175670786186
A2-0,42,03-27-17_09.06 10degC_HWFET_Pan18650PF,ood(10C),2.7588298033522594,1.2417794879528576,1.8452268472662572,-5.391175670786186
A2-0,7,03-27-17_09.06 10degC_LA92_Pan18650PF,ood(10C),3.3022673442540866,1.254243585116024,2.0032610970176847,-5.020394580306231
A2-0,13,03-27-17_09.06 10degC_LA92_Pan18650PF,ood(10C),3.441810798398235,1.5348627147399683,2.0032610970176847,-5.020394580306231
A2-0,42,03-27-17_09.06 10degC_LA92_Pan18650PF,ood(10C),3.1685940973284814,1.333175481340211,2.0032610970176847,-5.020394580306231
A2-0,7,03-27-17_09.06 10degC_NN_Pan18650PF,ood(10C),2.664272798813762,0.8077483806192236,1.9311614311581502,-4.994227521376304
A2-0,13,03-27-17_09.06 10degC_NN_Pan18650PF,ood(10C),2.7356831429831523,1.142259233900687,1.9311614311581502,-4.994227521376304
A2-0,42,03-27-17_09.06 10degC_NN_Pan18650PF,ood(10C),2.5170104348308007,0.9997809966210387,1.9311614311581502,-4.994227521376304
A2-0,7,03-27-17_09.06 10degC_UDDS_Pan18650PF,ood(10C),2.1851651395540497,1.360962968959455,2.3420013579192887,-5.4542135330425845
A2-0,13,03-27-17_09.06 10degC_UDDS_Pan18650PF,ood(10C),2.2976365312460336,1.6822471686319787,2.3420013579192887,-5.4542135330425845
A2-0,42,03-27-17_09.06 10degC_UDDS_Pan18650PF,ood(10C),2.0464906528925657,1.7351488332562595,2.3420013579192887,-5.4542135330425845
A2-0,7,03-27-17_09.06 10degC_US06_Pan18650PF,ood(10C),3.8886352065616228,1.4403262186198695,2.7133716679581084,-4.821529163167826
A2-0,13,03-27-17_09.06 10degC_US06_Pan18650PF,ood(10C),3.813828405723095,1.4822262347353388,2.7133716679581084,-4.821529163167826
A2-0,42,03-27-17_09.06 10degC_US06_Pan18650PF,ood(10C),3.6280085164242983,1.390881453164627,2.7133716679581084,-4.821529163167826
A2-0,7,03-28-17_12.51 10degC_Cycle_1_Pan18650PF,ood(10C),3.5472232206649363,1.3455650113945552,2.483015201300219,-4.717110005038805
A2-0,13,03-28-17_12.51 10degC_Cycle_1_Pan18650PF,ood(10C),3.621991469325823,1.551956117738003,2.483015201300219,-4.717110005038805
A2-0,42,03-28-17_12.51 10degC_Cycle_1_Pan18650PF,ood(10C),3.417344120274006,1.39840671357622,2.483015201300219,-4.717110005038805
A2-0,7,03-28-17_18.18 10degC_Cycle_2_Pan18650PF,ood(10C),4.616703813630076,2.458175148322805,2.2997196778114675,-4.588643572359363
A2-0,13,03-28-17_18.18 10degC_Cycle_2_Pan18650PF,ood(10C),4.748355158033229,2.656301779195491,2.2997196778114675,-4.588643572359363
A2-0,42,03-28-17_18.18 10degC_Cycle_2_Pan18650PF,ood(10C),4.507599745472458,2.438527198362816,2.2997196778114675,-4.588643572359363
A2-0,7,04-05-17_17.04 10degC_Cycle_3_Pan18650PF,ood(10C),4.64280970412742,2.4300654829554276,3.331171640553449,-6.240809683332705
A2-0,13,04-05-17_17.04 10degC_Cycle_3_Pan18650PF,ood(10C),4.655554482448765,2.6267307387167147,3.331171640553449,-6.240809683332705
A2-0,42,04-05-17_17.04 10degC_Cycle_3_Pan18650PF,ood(10C),4.489155718285889,2.603172694222472,3.331171640553449,-6.240809683332705
A2-0,7,04-05-17_22.50 10degC_Cycle_4_Pan18650PF,ood(10C),2.942955665507059,1.7237866784573623,2.989288180321474,-6.106025821455252
A2-0,13,04-05-17_22.50 10degC_Cycle_4_Pan18650PF,ood(10C),3.0200943562201763,2.0071615976710184,2.989288180321474,-6.106025821455252
A2-0,42,04-05-17_22.50 10degC_Cycle_4_Pan18650PF,ood(10C),2.758263711951082,2.0553445815609215,2.989288180321474,-6.106025821455252
A2-0,7,05-30-17_12.56 0degC_Cycle_1_Pan18650PF,ood(0C),9.956090658548503,4.378182044070614,6.729599921017849,-9.999999999999998
A2-0,13,05-30-17_12.56 0degC_Cycle_1_Pan18650PF,ood(0C),9.790477720366136,4.7195893441281145,6.729599921017849,-9.999999999999998
A2-0,42,05-30-17_12.56 0degC_Cycle_1_Pan18650PF,ood(0C),9.340661333146954,4.617627817129762,6.729599921017849,-9.999999999999998
A2-0,7,05-30-17_20.16 0degC_Cycle_2_Pan18650PF,ood(0C),9.970987091152088,4.836373508482705,6.725970317767637,-9.999999999999998
A2-0,13,05-30-17_20.16 0degC_Cycle_2_Pan18650PF,ood(0C),9.994706823591407,5.181064412346592,6.725970317767637,-9.999999999999998
A2-0,42,05-30-17_20.16 0degC_Cycle_2_Pan18650PF,ood(0C),9.53354834914529,5.0465639700267815,6.725970317767637,-9.999999999999998
A2-0,7,06-01-17_10.36 0degC_LA92_Pan18650PF,ood(0C),6.033118676288158,1.811849291220926,3.0468047145479455,-11.074208085912963
A2-0,13,06-01-17_10.36 0degC_LA92_Pan18650PF,ood(0C),6.259621789562954,2.3568626912990083,3.0468047145479455,-11.074208085912963
A2-0,42,06-01-17_10.36 0degC_LA92_Pan18650PF,ood(0C),5.905523445205514,1.9336562780803657,3.0468047145479455,-11.074208085912963
A2-0,7,06-01-17_10.36 0degC_NN_Pan18650PF,ood(0C),4.959604987320168,1.1953999406705536,2.7624604243027626,-11.074208085912963
A2-0,13,06-01-17_10.36 0degC_NN_Pan18650PF,ood(0C),5.146330030652401,1.8466026287337372,2.7624604243027626,-11.074208085912963
A2-0,42,06-01-17_10.36 0degC_NN_Pan18650PF,ood(0C),4.853038380046907,1.4326622495557233,2.7624604243027626,-11.074208085912963
A2-0,7,06-01-17_15.36 0degC_Cycle_3_Pan18650PF,ood(0C),10.307238990080831,6.227544814923512,5.634410998265491,-11.07468541835347
A2-0,13,06-01-17_15.36 0degC_Cycle_3_Pan18650PF,ood(0C),10.4989713892221,6.567710510435021,5.634410998265491,-11.07468541835347
A2-0,42,06-01-17_15.36 0degC_Cycle_3_Pan18650PF,ood(0C),10.250712274768656,6.377780648302733,5.634410998265491,-11.07468541835347
A2-0,7,06-01-17_22.03 0degC_Cycle_4_Pan18650PF,ood(0C),8.474520427244332,2.979479490681142,5.958787032863268,-11.074733151597504
A2-0,13,06-01-17_22.03 0degC_Cycle_4_Pan18650PF,ood(0C),8.553623256264252,3.3042422980825004,5.958787032863268,-11.074733151597504
A2-0,42,06-01-17_22.03 0degC_Cycle_4_Pan18650PF,ood(0C),8.225227780127785,3.047160232769859,5.958787032863268,-11.074733151597504
A2-0,7,06-02-17_04.58 0degC_US06_Pan18650PF,ood(0C),11.125539688967862,6.246516410356646,6.351790690982977,-11.174825165035795
A2-0,13,06-02-17_04.58 0degC_US06_Pan18650PF,ood(0C),10.979880693582038,6.337718435274276,6.351790690982977,-11.174825165035795
A2-0,42,06-02-17_04.58 0degC_US06_Pan18650PF,ood(0C),10.790639661296279,6.242662866078946,6.351790690982977,-11.174825165035795
A2-0,7,06-02-17_10.43 0degC_HWFET_Pan18650PF,ood(0C),11.78377694844378,6.464963767209347,6.001956946226094,-11.174632502279936
A2-0,13,06-02-17_10.43 0degC_HWFET_Pan18650PF,ood(0C),11.551215566537799,6.477430511432174,6.001956946226094,-11.174632502279936
A2-0,42,06-02-17_10.43 0degC_HWFET_Pan18650PF,ood(0C),11.276835020312634,6.266593402964665,6.001956946226094,-11.174632502279936
A2-0,7,06-02-17_17.14 0degC_UDDS_Pan18650PF,ood(0C),8.41268836104732,3.383299976092888,5.719143120558255,-11.174921496413715
A2-0,13,06-02-17_17.14 0degC_UDDS_Pan18650PF,ood(0C),8.68671713060239,3.858924290329094,5.719143120558255,-11.174921496413715
A2-0,42,06-02-17_17.14 0degC_UDDS_Pan18650PF,ood(0C),8.333589656576827,3.581287816591822,5.719143120558255,-11.174921496413715
A2-0,7,06-07-17_08.39 n10degC_HWFET_Pan18650PF,ood(-10C),6.87654452566323,2.980008638276351,2.2577113618896774,-10.21978573089678
A2-0,13,06-07-17_08.39 n10degC_HWFET_Pan18650PF,ood(-10C),6.9645110873301865,3.3184508644373594,2.2577113618896774,-10.21978573089678
A2-0,42,06-07-17_08.39 n10degC_HWFET_Pan18650PF,ood(-10C),6.518976012181156,2.738079227414423,2.2577113618896774,-10.21978573089678
A2-0,7,06-07-17_08.39 n10degC_LA92_Pan18650PF,ood(-10C),7.483275860658272,3.35338637574939,2.5846892730178803,-10.219534019476162
A2-0,13,06-07-17_08.39 n10degC_LA92_Pan18650PF,ood(-10C),7.8441529205471925,3.8992070991086574,2.5846892730178803,-10.219534019476162
A2-0,42,06-07-17_08.39 n10degC_LA92_Pan18650PF,ood(-10C),7.419490290503325,3.3652667133565233,2.5846892730178803,-10.219534019476162
A2-0,7,06-07-17_08.39 n10degC_UDDS_Pan18650PF,ood(-10C),9.140503371524424,4.6622614964312135,3.1674627997580016,-10.2196347040444
A2-0,13,06-07-17_08.39 n10degC_UDDS_Pan18650PF,ood(-10C),9.605251294390905,5.254928538740337,3.1674627997580016,-10.2196347040444
A2-0,42,06-07-17_08.39 n10degC_UDDS_Pan18650PF,ood(-10C),9.189176193949963,4.766396001197777,3.1674627997580016,-10.2196347040444
A2-0,7,06-07-17_08.39 n10degC_US06_Pan18650PF,ood(-10C),4.261930780567413,0.9382995324182629,1.6975616341907362,-10.21978573089678
A2-0,13,06-07-17_08.39 n10degC_US06_Pan18650PF,ood(-10C),4.579203282338608,1.914713747084121,1.6975616341907362,-10.21978573089678
A2-0,42,06-07-17_08.39 n10degC_US06_Pan18650PF,ood(-10C),4.117923421009809,1.1393126478240427,1.6975616341907362,-10.21978573089678
A2-0,7,06-10-17_11.25 n10degC_Cycle_1_Pan18650PF,ood(-10C),12.109968869600744,6.359267410276832,5.49463967564866,-10.48700175513373
A2-0,13,06-10-17_11.25 n10degC_Cycle_1_Pan18650PF,ood(-10C),12.352432384021201,6.737243461336189,5.49463967564866,-10.48700175513373
A2-0,42,06-10-17_11.25 n10degC_Cycle_1_Pan18650PF,ood(-10C),11.929123607666195,6.325823838867651,5.49463967564866,-10.48700175513373
A2-0,7,06-10-17_18.35 n10degC_Cycle_2_Pan18650PF,ood(-10C),17.558613056809623,11.74992871910667,5.796838504296095,-10.487156734691784
A2-0,13,06-10-17_18.35 n10degC_Cycle_2_Pan18650PF,ood(-10C),17.788402232898626,12.062373499173065,5.796838504296095,-10.487156734691784
A2-0,42,06-10-17_18.35 n10degC_Cycle_2_Pan18650PF,ood(-10C),17.396171558517846,11.683008838469581,5.796838504296095,-10.487156734691784
A2-0,7,06-11-17_01.39 n10degC_Cycle_3_Pan18650PF,ood(-10C),17.94562586883819,12.294996825935756,5.799385957850039,-10.57671076047112
A2-0,13,06-11-17_01.39 n10degC_Cycle_3_Pan18650PF,ood(-10C),18.233625546438294,12.649961595480141,5.799385957850039,-10.57671076047112
A2-0,42,06-11-17_01.39 n10degC_Cycle_3_Pan18650PF,ood(-10C),17.89305348666831,12.335491215748199,5.799385957850039,-10.57671076047112
A2-0,7,06-11-17_08.42 n10degC_Cycle_4_Pan18650PF,ood(-10C),11.004298573679174,4.8171779189136315,5.481903745364333,-10.576554457480636
A2-0,13,06-11-17_08.42 n10degC_Cycle_4_Pan18650PF,ood(-10C),11.230431907250022,5.127742431595586,5.481903745364333,-10.576554457480636
A2-0,42,06-11-17_08.42 n10degC_Cycle_4_Pan18650PF,ood(-10C),10.796338376644893,4.677304542510416,5.481903745364333,-10.576554457480636
A2-0,7,06-14-17_13.12 n10degC_NN_Pan18650PF,ood(-10C),16.900705081167235,10.995499687856267,5.9804189175296285,-10.847320553823481
A2-0,13,06-14-17_13.12 n10degC_NN_Pan18650PF,ood(-10C),17.178313020693402,11.353153215924788,5.9804189175296285,-10.847320553823481
A2-0,42,06-14-17_13.12 n10degC_NN_Pan18650PF,ood(-10C),16.8603203715816,11.035275567374024,5.9804189175296285,-10.847320553823481
A2-0,7,06-23-17_23.35 n20degC_HWFET_Pan18650PF,ood(-20C),4.735891847971631,1.3158987863441505,1.9857750186013379,-10.000185817321706
A2-0,13,06-23-17_23.35 n20degC_HWFET_Pan18650PF,ood(-20C),5.230860322730834,2.4073308245944443,1.9857750186013379,-10.000185817321706
A2-0,42,06-23-17_23.35 n20degC_HWFET_Pan18650PF,ood(-20C),4.587840162998841,1.4614335800685923,1.9857750186013379,-10.000185817321706
A2-0,7,06-23-17_23.35 n20degC_LA92_Pan18650PF,ood(-20C),5.541930189595775,1.7216248833672168,2.317435498013663,-10.000473178983116
A2-0,13,06-23-17_23.35 n20degC_LA92_Pan18650PF,ood(-20C),6.228817661356496,2.814255639048601,2.317435498013663,-10.000473178983116
A2-0,42,06-23-17_23.35 n20degC_LA92_Pan18650PF,ood(-20C),5.596515607928937,1.917031265128715,2.317435498013663,-10.000473178983116
A2-0,7,06-23-17_23.35 n20degC_NN_Pan18650PF,ood(-20C),4.257527536162063,0.9057892355783644,2.2019520752785042,-10.000875485309102
A2-0,13,06-23-17_23.35 n20degC_NN_Pan18650PF,ood(-20C),4.951629440586017,2.118848126765303,2.2019520752785042,-10.000875485309102
A2-0,42,06-23-17_23.35 n20degC_NN_Pan18650PF,ood(-20C),4.327730780723397,1.2065286725097968,2.2019520752785042,-10.000875485309102
A2-0,7,06-23-17_23.35 n20degC_UDDS_Pan18650PF,ood(-20C),9.608463917169697,5.366240900025784,2.8592512316515672,-10.000645595979973
A2-0,13,06-23-17_23.35 n20degC_UDDS_Pan18650PF,ood(-20C),10.32360161683258,6.196681380256902,2.8592512316515672,-10.000645595979973
A2-0,42,06-23-17_23.35 n20degC_UDDS_Pan18650PF,ood(-20C),9.782246278923688,5.570223794025959,2.8592512316515672,-10.000645595979973
A2-0,7,06-24-17_04.29 n20degC_Cycle_1_Pan18650PF,ood(-20C),22.863841339636142,17.51937466177404,5.435531125644522,-10.079387029579545
A2-0,13,06-24-17_04.29 n20degC_Cycle_1_Pan18650PF,ood(-20C),23.405198096816136,18.085259890870862,5.435531125644522,-10.079387029579545
A2-0,42,06-24-17_04.29 n20degC_Cycle_1_Pan18650PF,ood(-20C),22.883883376674458,17.578425793353652,5.435531125644522,-10.079387029579545
A2-0,7,06-24-17_11.58 n20degC_Cycle_2_Pan18650PF,ood(-20C),22.012796907800812,15.971949218840205,5.9313758743259655,-10.079329103066604
A2-0,13,06-24-17_11.58 n20degC_Cycle_2_Pan18650PF,ood(-20C),22.48640465767219,16.47755443529953,5.9313758743259655,-10.079329103066604
A2-0,42,06-24-17_11.58 n20degC_Cycle_2_Pan18650PF,ood(-20C),21.950977899661176,15.947050130903074,5.9313758743259655,-10.079329103066604
A2-0,7,06-24-17_19.29 n20degC_Cycle_3_Pan18650PF,ood(-20C),22.28495490707538,16.100004794345132,6.15530001503126,-10.079329103066604
A2-0,13,06-24-17_19.29 n20degC_Cycle_3_Pan18650PF,ood(-20C),22.77978824849531,16.607861345708784,6.15530001503126,-10.079329103066604
A2-0,42,06-24-17_19.29 n20degC_Cycle_3_Pan18650PF,ood(-20C),22.241135384813088,16.095575915940362,6.15530001503126,-10.079329103066604
A2-0,7,06-25-17_03.01 n20degC_Cycle_4_Pan18650PF,ood(-20C),18.481740100155083,13.23325921368646,5.288879319130292,-10.158944757591382
A2-0,13,06-25-17_03.01 n20degC_Cycle_4_Pan18650PF,ood(-20C),18.966677764016506,13.772654493887723,5.288879319130292,-10.158944757591382
A2-0,42,06-25-17_03.01 n20degC_Cycle_4_Pan18650PF,ood(-20C),18.367771029867452,13.186953890038714,5.288879319130292,-10.158944757591382
A2-0,7,06-25-17_10.31 n20degC_US06_Pan18650PF,ood(-20C),22.66972557067563,16.12302348749345,6.318670329688938,-10.159119902752101
A2-0,13,06-25-17_10.31 n20degC_US06_Pan18650PF,ood(-20C),22.67726401180419,16.151141032822466,6.318670329688938,-10.159119902752101
A2-0,42,06-25-17_10.31 n20degC_US06_Pan18650PF,ood(-20C),22.31199346947838,15.808557983817868,6.318670329688938,-10.159119902752101
A2-1,7,03-18-17_02.17 25degC_Cycle_1_Pan18650PF,test_id(25C),0.7260809861493106,2.936851465385927,2.3553240302528966,-4.799590582132318
A2-1,13,03-18-17_02.17 25degC_Cycle_1_Pan18650PF,test_id(25C),0.7419703760514592,2.936790326390341,2.3553240302528966,-4.799590582132318
A2-1,42,03-18-17_02.17 25degC_Cycle_1_Pan18650PF,test_id(25C),0.7359955833308988,2.9401183976095133,2.3553240302528966,-4.799590582132318
A2-1,7,03-19-17_03.25 25degC_Cycle_2_Pan18650PF,test_id(25C),0.6743921055895753,3.409359409059719,2.5703881209583295,-4.92782473503256
A2-1,13,03-19-17_03.25 25degC_Cycle_2_Pan18650PF,test_id(25C),0.6111736417550497,3.3488773833448464,2.5703881209583295,-4.92782473503256
A2-1,42,03-19-17_03.25 25degC_Cycle_2_Pan18650PF,test_id(25C),0.694764687278904,3.3894099407531,2.5703881209583295,-4.92782473503256
A2-1,7,03-19-17_09.07 25degC_Cycle_3_Pan18650PF,test_id(25C),0.38375433689555805,2.90243853401215,2.426457685551037,-4.598703328649489
A2-1,13,03-19-17_09.07 25degC_Cycle_3_Pan18650PF,test_id(25C),0.3581485320436044,2.8620125974040347,2.426457685551037,-4.598703328649489
A2-1,42,03-19-17_09.07 25degC_Cycle_3_Pan18650PF,test_id(25C),0.3839005399392754,2.8909804969637007,2.426457685551037,-4.598703328649489
A2-1,7,03-19-17_14.31 25degC_Cycle_4_Pan18650PF,test_id(25C),0.6149118155312098,3.3319407293162673,2.577170285043614,-3.511379310344831
A2-1,13,03-19-17_14.31 25degC_Cycle_4_Pan18650PF,test_id(25C),0.6146567869906434,3.3326585832105207,2.577170285043614,-3.511379310344831
A2-1,42,03-19-17_14.31 25degC_Cycle_4_Pan18650PF,test_id(25C),0.6150041679697585,3.30941848288764,2.577170285043614,-3.511379310344831
A2-1,7,03-27-17_09.06 10degC_HWFET_Pan18650PF,ood(10C),3.2035294520410136,1.3768967258906812,1.8452268472662572,-5.391175670786186
A2-1,13,03-27-17_09.06 10degC_HWFET_Pan18650PF,ood(10C),3.072146803584298,1.270741349088425,1.8452268472662572,-5.391175670786186
A2-1,42,03-27-17_09.06 10degC_HWFET_Pan18650PF,ood(10C),3.429872467340397,1.741935547913776,1.8452268472662572,-5.391175670786186
A2-1,7,03-27-17_09.06 10degC_LA92_Pan18650PF,ood(10C),3.479137920796844,1.4885090724307877,2.0032610970176847,-5.020394580306231
A2-1,13,03-27-17_09.06 10degC_LA92_Pan18650PF,ood(10C),3.555162754061706,1.528896657558354,2.0032610970176847,-5.020394580306231
A2-1,42,03-27-17_09.06 10degC_LA92_Pan18650PF,ood(10C),3.7752945528587665,1.8270248437985388,2.0032610970176847,-5.020394580306231
A2-1,7,03-27-17_09.06 10degC_NN_Pan18650PF,ood(10C),2.8709259352509013,1.0452809447326001,1.9311614311581502,-4.994227521376304
A2-1,13,03-27-17_09.06 10degC_NN_Pan18650PF,ood(10C),2.836299427866171,1.0243399167594966,1.9311614311581502,-4.994227521376304
A2-1,42,03-27-17_09.06 10degC_NN_Pan18650PF,ood(10C),3.120323625268947,1.3928713851464076,1.9311614311581502,-4.994227521376304
A2-1,7,03-27-17_09.06 10degC_UDDS_Pan18650PF,ood(10C),2.408636636002643,1.5424582219140868,2.3420013579192887,-5.4542135330425845
A2-1,13,03-27-17_09.06 10degC_UDDS_Pan18650PF,ood(10C),2.3183597663384474,1.5441768424833953,2.3420013579192887,-5.4542135330425845
A2-1,42,03-27-17_09.06 10degC_UDDS_Pan18650PF,ood(10C),2.69465666205552,1.6387910338940952,2.3420013579192887,-5.4542135330425845
A2-1,7,03-27-17_09.06 10degC_US06_Pan18650PF,ood(10C),4.079157446388893,1.6566230054718287,2.7133716679581084,-4.821529163167826
A2-1,13,03-27-17_09.06 10degC_US06_Pan18650PF,ood(10C),4.1003653302713,1.7366423823170944,2.7133716679581084,-4.821529163167826
A2-1,42,03-27-17_09.06 10degC_US06_Pan18650PF,ood(10C),4.2841704606780135,1.8868564151696503,2.7133716679581084,-4.821529163167826
A2-1,7,03-28-17_12.51 10degC_Cycle_1_Pan18650PF,ood(10C),3.7658817519657837,1.5712020468421786,2.483015201300219,-4.717110005038805
A2-1,13,03-28-17_12.51 10degC_Cycle_1_Pan18650PF,ood(10C),3.7880178327194307,1.56200012636992,2.483015201300219,-4.717110005038805
A2-1,42,03-28-17_12.51 10degC_Cycle_1_Pan18650PF,ood(10C),4.032893061838962,1.8696207468960544,2.483015201300219,-4.717110005038805
A2-1,7,03-28-17_18.18 10degC_Cycle_2_Pan18650PF,ood(10C),4.868728220399513,2.7144412988454634,2.2997196778114675,-4.588643572359363
A2-1,13,03-28-17_18.18 10degC_Cycle_2_Pan18650PF,ood(10C),4.935619035684188,2.767347477152534,2.2997196778114675,-4.588643572359363
A2-1,42,03-28-17_18.18 10degC_Cycle_2_Pan18650PF,ood(10C),5.133216005627465,3.014965936334016,2.2997196778114675,-4.588643572359363
A2-1,7,04-05-17_17.04 10degC_Cycle_3_Pan18650PF,ood(10C),4.848139288549094,2.678011914269858,3.331171640553449,-6.240809683332705
A2-1,13,04-05-17_17.04 10degC_Cycle_3_Pan18650PF,ood(10C),4.824667792314824,2.697882204030962,3.331171640553449,-6.240809683332705
A2-1,42,04-05-17_17.04 10degC_Cycle_3_Pan18650PF,ood(10C),5.0619307199286006,2.8576062838966396,3.331171640553449,-6.240809683332705
A2-1,7,04-05-17_22.50 10degC_Cycle_4_Pan18650PF,ood(10C),3.200556290385371,1.8577419701237041,2.989288180321474,-6.106025821455252
A2-1,13,04-05-17_22.50 10degC_Cycle_4_Pan18650PF,ood(10C),3.139802880622568,1.8932382477740597,2.989288180321474,-6.106025821455252
A2-1,42,04-05-17_22.50 10degC_Cycle_4_Pan18650PF,ood(10C),3.4836767355831917,2.02359375556361,2.989288180321474,-6.106025821455252
A2-1,7,05-30-17_12.56 0degC_Cycle_1_Pan18650PF,ood(0C),10.097594831978826,4.748547562430546,6.729599921017849,-9.999999999999998
A2-1,13,05-30-17_12.56 0degC_Cycle_1_Pan18650PF,ood(0C),9.95828972625382,4.672073892496349,6.729599921017849,-9.999999999999998
A2-1,42,05-30-17_12.56 0degC_Cycle_1_Pan18650PF,ood(0C),10.393236242464855,5.237257775718772,6.729599921017849,-9.999999999999998
A2-1,7,05-30-17_20.16 0degC_Cycle_2_Pan18650PF,ood(0C),10.342425155502275,5.176451441067799,6.725970317767637,-9.999999999999998
A2-1,13,05-30-17_20.16 0degC_Cycle_2_Pan18650PF,ood(0C),10.246774347369538,5.095320689259647,6.725970317767637,-9.999999999999998
A2-1,42,05-30-17_20.16 0degC_Cycle_2_Pan18650PF,ood(0C),10.68041606745458,5.620130506432769,6.725970317767637,-9.999999999999998
A2-1,7,06-01-17_10.36 0degC_LA92_Pan18650PF,ood(0C),6.346038773620255,2.1502526246930747,3.0468047145479455,-11.074208085912963
A2-1,13,06-01-17_10.36 0degC_LA92_Pan18650PF,ood(0C),6.3416725263974865,2.1491372523985057,3.0468047145479455,-11.074208085912963
A2-1,42,06-01-17_10.36 0degC_LA92_Pan18650PF,ood(0C),6.752718666745564,2.814533634675738,3.0468047145479455,-11.074208085912963
A2-1,7,06-01-17_10.36 0degC_NN_Pan18650PF,ood(0C),5.200378917460756,1.490099361559843,2.7624604243027626,-11.074208085912963
A2-1,13,06-01-17_10.36 0degC_NN_Pan18650PF,ood(0C),5.1632303079483695,1.4461541807606282,2.7624604243027626,-11.074208085912963
A2-1,42,06-01-17_10.36 0degC_NN_Pan18650PF,ood(0C),5.6384903097584536,2.255193976188417,2.7624604243027626,-11.074208085912963
A2-1,7,06-01-17_15.36 0degC_Cycle_3_Pan18650PF,ood(0C),10.856115396691013,6.687420303952393,5.634410998265491,-11.07468541835347
A2-1,13,06-01-17_15.36 0degC_Cycle_3_Pan18650PF,ood(0C),10.750715633313881,6.6112147263443894,5.634410998265491,-11.07468541835347
A2-1,42,06-01-17_15.36 0degC_Cycle_3_Pan18650PF,ood(0C),11.245373245698177,7.039663586514571,5.634410998265491,-11.07468541835347
A2-1,7,06-01-17_22.03 0degC_Cycle_4_Pan18650PF,ood(0C),8.854121350555074,3.304435807192826,5.958787032863268,-11.074733151597504
A2-1,13,06-01-17_22.03 0degC_Cycle_4_Pan18650PF,ood(0C),8.763902824230675,3.2799580671150195,5.958787032863268,-11.074733151597504
A2-1,42,06-01-17_22.03 0degC_Cycle_4_Pan18650PF,ood(0C),9.326435204273391,3.8361760096117377,5.958787032863268,-11.074733151597504
A2-1,7,06-02-17_04.58 0degC_US06_Pan18650PF,ood(0C),11.56020985457293,6.577260026458301,6.351790690982977,-11.174825165035795
A2-1,13,06-02-17_04.58 0degC_US06_Pan18650PF,ood(0C),11.570175101816874,6.701085873302337,6.351790690982977,-11.174825165035795
A2-1,42,06-02-17_04.58 0degC_US06_Pan18650PF,ood(0C),11.816745757615044,6.89907153067076,6.351790690982977,-11.174825165035795
A2-1,7,06-02-17_10.43 0degC_HWFET_Pan18650PF,ood(0C),12.196605477251786,6.9574332305624,6.001956946226094,-11.174632502279936
A2-1,13,06-02-17_10.43 0degC_HWFET_Pan18650PF,ood(0C),11.907726382482473,6.730679018355335,6.001956946226094,-11.174632502279936
A2-1,42,06-02-17_10.43 0degC_HWFET_Pan18650PF,ood(0C),12.75228899217802,7.493072774066777,6.001956946226094,-11.174632502279936
A2-1,7,06-02-17_17.14 0degC_UDDS_Pan18650PF,ood(0C),8.891619420005199,3.779227691189169,5.719143120558255,-11.174921496413715
A2-1,13,06-02-17_17.14 0degC_UDDS_Pan18650PF,ood(0C),8.692556544838434,3.6363052623898873,5.719143120558255,-11.174921496413715
A2-1,42,06-02-17_17.14 0degC_UDDS_Pan18650PF,ood(0C),9.354691390558095,4.2829165661278275,5.719143120558255,-11.174921496413715
A2-1,7,06-07-17_08.39 n10degC_HWFET_Pan18650PF,ood(-10C),7.16267052525572,3.285933816688925,2.2577113618896774,-10.21978573089678
A2-1,13,06-07-17_08.39 n10degC_HWFET_Pan18650PF,ood(-10C),6.943020582492375,3.073981401588106,2.2577113618896774,-10.21978573089678
A2-1,42,06-07-17_08.39 n10degC_HWFET_Pan18650PF,ood(-10C),7.843848437694421,4.189055128084595,2.2577113618896774,-10.21978573089678
A2-1,7,06-07-17_08.39 n10degC_LA92_Pan18650PF,ood(-10C),7.87019733629129,3.7451101223351997,2.5846892730178803,-10.219534019476162
A2-1,13,06-07-17_08.39 n10degC_LA92_Pan18650PF,ood(-10C),7.796702143543357,3.671188567760959,2.5846892730178803,-10.219534019476162
A2-1,42,06-07-17_08.39 n10degC_LA92_Pan18650PF,ood(-10C),8.39770049290207,4.4688205689822915,2.5846892730178803,-10.219534019476162
A2-1,7,06-07-17_08.39 n10degC_UDDS_Pan18650PF,ood(-10C),9.589263426839695,5.102270691681777,3.1674627997580016,-10.2196347040444
A2-1,13,06-07-17_08.39 n10degC_UDDS_Pan18650PF,ood(-10C),9.434993950041367,4.949499308413549,3.1674627997580016,-10.2196347040444
A2-1,42,06-07-17_08.39 n10degC_UDDS_Pan18650PF,ood(-10C),10.164723093392219,5.805830695412399,3.1674627997580016,-10.2196347040444
A2-1,7,06-07-17_08.39 n10degC_US06_Pan18650PF,ood(-10C),4.42874366549786,1.1692374178274159,1.6975616341907362,-10.21978573089678
A2-1,13,06-07-17_08.39 n10degC_US06_Pan18650PF,ood(-10C),4.555167679064135,1.2553386997001095,1.6975616341907362,-10.21978573089678
A2-1,42,06-07-17_08.39 n10degC_US06_Pan18650PF,ood(-10C),5.028095981592664,2.391850337818259,1.6975616341907362,-10.21978573089678
A2-1,7,06-10-17_11.25 n10degC_Cycle_1_Pan18650PF,ood(-10C),12.580253102887987,6.817185146239967,5.49463967564866,-10.48700175513373
A2-1,13,06-10-17_11.25 n10degC_Cycle_1_Pan18650PF,ood(-10C),12.412709625037834,6.699905217808263,5.49463967564866,-10.48700175513373
A2-1,42,06-10-17_11.25 n10degC_Cycle_1_Pan18650PF,ood(-10C),13.192800840750767,7.490863183049814,5.49463967564866,-10.48700175513373
A2-1,7,06-10-17_18.35 n10degC_Cycle_2_Pan18650PF,ood(-10C),18.171447398066917,12.334634524634936,5.796838504296095,-10.487156734691784
A2-1,13,06-10-17_18.35 n10degC_Cycle_2_Pan18650PF,ood(-10C),17.979298687886814,12.179444818841482,5.796838504296095,-10.487156734691784
A2-1,42,06-10-17_18.35 n10degC_Cycle_2_Pan18650PF,ood(-10C),18.732689207942723,12.943415475633174,5.796838504296095,-10.487156734691784
A2-1,7,06-11-17_01.39 n10degC_Cycle_3_Pan18650PF,ood(-10C),18.545906657914195,12.868048458235904,5.799385957850039,-10.57671076047112
A2-1,13,06-11-17_01.39 n10degC_Cycle_3_Pan18650PF,ood(-10C),18.44609139473819,12.810596278248465,5.799385957850039,-10.57671076047112
A2-1,42,06-11-17_01.39 n10degC_Cycle_3_Pan18650PF,ood(-10C),19.059998551353026,13.410232305167938,5.799385957850039,-10.57671076047112
A2-1,7,06-11-17_08.42 n10degC_Cycle_4_Pan18650PF,ood(-10C),11.548081368100895,5.350268563997766,5.481903745364333,-10.576554457480636
A2-1,13,06-11-17_08.42 n10degC_Cycle_4_Pan18650PF,ood(-10C),11.458100846358713,5.2783042442496555,5.481903745364333,-10.576554457480636
A2-1,42,06-11-17_08.42 n10degC_Cycle_4_Pan18650PF,ood(-10C),12.060024284848081,5.932206475476437,5.481903745364333,-10.576554457480636
A2-1,7,06-14-17_13.12 n10degC_NN_Pan18650PF,ood(-10C),17.475511875552407,11.553284308593128,5.9804189175296285,-10.847320553823481
A2-1,13,06-14-17_13.12 n10degC_NN_Pan18650PF,ood(-10C),17.377887798165595,11.469309878895789,5.9804189175296285,-10.847320553823481
A2-1,42,06-14-17_13.12 n10degC_NN_Pan18650PF,ood(-10C),17.943128786153068,12.075323953051695,5.9804189175296285,-10.847320553823481
A2-1,7,06-23-17_23.35 n20degC_HWFET_Pan18650PF,ood(-20C),5.019466215816163,1.578002128244363,1.9857750186013379,-10.000185817321706
A2-1,13,06-23-17_23.35 n20degC_HWFET_Pan18650PF,ood(-20C),4.909573574734241,1.434160262836238,1.9857750186013379,-10.000185817321706
A2-1,42,06-23-17_23.35 n20degC_HWFET_Pan18650PF,ood(-20C),5.927366446702077,2.952121420046257,1.9857750186013379,-10.000185817321706
A2-1,7,06-23-17_23.35 n20degC_LA92_Pan18650PF,ood(-20C),5.918394711613146,2.0913909951784198,2.317435498013663,-10.000473178983116
A2-1,13,06-23-17_23.35 n20degC_LA92_Pan18650PF,ood(-20C),5.902676674425857,2.0453366628835563,2.317435498013663,-10.000473178983116
A2-1,42,06-23-17_23.35 n20degC_LA92_Pan18650PF,ood(-20C),6.676751601975795,3.2552903826627433,2.317435498013663,-10.000473178983116
A2-1,7,06-23-17_23.35 n20degC_NN_Pan18650PF,ood(-20C),4.628753667918251,1.10304098125862,2.2019520752785042,-10.000875485309102
A2-1,13,06-23-17_23.35 n20degC_NN_Pan18650PF,ood(-20C),4.569886714439186,0.9249725716047456,2.2019520752785042,-10.000875485309102
A2-1,42,06-23-17_23.35 n20degC_NN_Pan18650PF,ood(-20C),5.399601180277063,2.4108882015013107,2.2019520752785042,-10.000875485309102
A2-1,7,06-23-17_23.35 n20degC_UDDS_Pan18650PF,ood(-20C),9.977792018425408,5.725620984416812,2.8592512316515672,-10.000645595979973
A2-1,13,06-23-17_23.35 n20degC_UDDS_Pan18650PF,ood(-20C),9.926120439800417,5.671151701032144,2.8592512316515672,-10.000645595979973
A2-1,42,06-23-17_23.35 n20degC_UDDS_Pan18650PF,ood(-20C),10.700502386451337,6.587339010310199,2.8592512316515672,-10.000645595979973
A2-1,7,06-24-17_04.29 n20degC_Cycle_1_Pan18650PF,ood(-20C),23.442532468545686,18.069975451008993,5.435531125644522,-10.079387029579545
A2-1,13,06-24-17_04.29 n20degC_Cycle_1_Pan18650PF,ood(-20C),23.40886918418703,18.059895090905343,5.435531125644522,-10.079387029579545
A2-1,42,06-24-17_04.29 n20degC_Cycle_1_Pan18650PF,ood(-20C),24.125844439341073,18.777881215214375,5.435531125644522,-10.079387029579545
A2-1,7,06-24-17_11.58 n20degC_Cycle_2_Pan18650PF,ood(-20C),22.623351856312823,16.558166587819237,5.9313758743259655,-10.079329103066604
A2-1,13,06-24-17_11.58 n20degC_Cycle_2_Pan18650PF,ood(-20C),22.564392694390133,16.5171126515066,5.9313758743259655,-10.079329103066604
A2-1,42,06-24-17_11.58 n20degC_Cycle_2_Pan18650PF,ood(-20C),23.2615273079179,17.2329558678053,5.9313758743259655,-10.079329103066604
A2-1,7,06-24-17_19.29 n20degC_Cycle_3_Pan18650PF,ood(-20C),22.7790820829193,16.595040470635897,6.15530001503126,-10.079329103066604
A2-1,13,06-24-17_19.29 n20degC_Cycle_3_Pan18650PF,ood(-20C),22.818934931911837,16.65037168920095,6.15530001503126,-10.079329103066604
A2-1,42,06-24-17_19.29 n20degC_Cycle_3_Pan18650PF,ood(-20C),23.44554965988557,17.275450893125342,6.15530001503126,-10.079329103066604
A2-1,7,06-25-17_03.01 n20degC_Cycle_4_Pan18650PF,ood(-20C),19.041092137786464,13.751446748235443,5.288879319130292,-10.158944757591382
A2-1,13,06-25-17_03.01 n20degC_Cycle_4_Pan18650PF,ood(-20C),18.922556281446266,13.669135572288509,5.288879319130292,-10.158944757591382
A2-1,42,06-25-17_03.01 n20degC_Cycle_4_Pan18650PF,ood(-20C),19.825030543846523,14.564843339725236,5.288879319130292,-10.158944757591382
A2-1,7,06-25-17_10.31 n20degC_US06_Pan18650PF,ood(-20C),23.472706302587415,16.89954439586424,6.318670329688938,-10.159119902752101
A2-1,13,06-25-17_10.31 n20degC_US06_Pan18650PF,ood(-20C),23.57211686839545,17.037094707997188,6.318670329688938,-10.159119902752101
A2-1,42,06-25-17_10.31 n20degC_US06_Pan18650PF,ood(-20C),23.723282120085827,17.191582455954435,6.318670329688938,-10.159119902752101
A2-2,7,03-18-17_02.17 25degC_Cycle_1_Pan18650PF,test_id(25C),0.6686176684145637,2.912646868666038,2.3553240302528966,-4.799590582132318
A2-2,13,03-18-17_02.17 25degC_Cycle_1_Pan18650PF,test_id(25C),0.7077720091639118,2.9092789533731875,2.3553240302528966,-4.799590582132318
A2-2,42,03-18-17_02.17 25degC_Cycle_1_Pan18650PF,test_id(25C),0.7261739639698823,2.9206642542764496,2.3553240302528966,-4.799590582132318
A2-2,7,03-19-17_03.25 25degC_Cycle_2_Pan18650PF,test_id(25C),0.6317071285610598,3.3487668443189227,2.5703881209583295,-4.92782473503256
A2-2,13,03-19-17_03.25 25degC_Cycle_2_Pan18650PF,test_id(25C),0.6690121903151275,3.4222755101223696,2.5703881209583295,-4.92782473503256
A2-2,42,03-19-17_03.25 25degC_Cycle_2_Pan18650PF,test_id(25C),0.673415039125393,3.430434458863705,2.5703881209583295,-4.92782473503256
A2-2,7,03-19-17_09.07 25degC_Cycle_3_Pan18650PF,test_id(25C),0.39591310005367963,2.909269079430407,2.426457685551037,-4.598703328649489
A2-2,13,03-19-17_09.07 25degC_Cycle_3_Pan18650PF,test_id(25C),0.4279436946788541,2.905590156473051,2.426457685551037,-4.598703328649489
A2-2,42,03-19-17_09.07 25degC_Cycle_3_Pan18650PF,test_id(25C),0.40291872810420787,2.903054772053442,2.426457685551037,-4.598703328649489
A2-2,7,03-19-17_14.31 25degC_Cycle_4_Pan18650PF,test_id(25C),0.6941182792328281,3.399831718474985,2.577170285043614,-3.511379310344831
A2-2,13,03-19-17_14.31 25degC_Cycle_4_Pan18650PF,test_id(25C),0.8006114536324697,3.4945943960780186,2.577170285043614,-3.511379310344831
A2-2,42,03-19-17_14.31 25degC_Cycle_4_Pan18650PF,test_id(25C),0.6774179216745926,3.401749023414574,2.577170285043614,-3.511379310344831
A2-2,7,03-27-17_09.06 10degC_HWFET_Pan18650PF,ood(10C),3.181955785079702,1.5600608679289025,1.8452268472662572,-5.391175670786186
A2-2,13,03-27-17_09.06 10degC_HWFET_Pan18650PF,ood(10C),3.321211315051706,1.5821146551454965,1.8452268472662572,-5.391175670786186
A2-2,42,03-27-17_09.06 10degC_HWFET_Pan18650PF,ood(10C),3.15442680640598,1.3756526785594512,1.8452268472662572,-5.391175670786186
A2-2,7,03-27-17_09.06 10degC_LA92_Pan18650PF,ood(10C),3.300624326785898,1.462915369684456,2.0032610970176847,-5.020394580306231
A2-2,13,03-27-17_09.06 10degC_LA92_Pan18650PF,ood(10C),3.3169001432142817,1.534701771435703,2.0032610970176847,-5.020394580306231
A2-2,42,03-27-17_09.06 10degC_LA92_Pan18650PF,ood(10C),3.35765761034871,1.390601156229967,2.0032610970176847,-5.020394580306231
A2-2,7,03-27-17_09.06 10degC_NN_Pan18650PF,ood(10C),2.768044768994152,1.1356721904240852,1.9311614311581502,-4.994227521376304
A2-2,13,03-27-17_09.06 10degC_NN_Pan18650PF,ood(10C),2.803630531626433,1.2561373990746294,1.9311614311581502,-4.994227521376304
A2-2,42,03-27-17_09.06 10degC_NN_Pan18650PF,ood(10C),2.7680632846339206,1.0042852918269434,1.9311614311581502,-4.994227521376304
A2-2,7,03-27-17_09.06 10degC_UDDS_Pan18650PF,ood(10C),2.272414165795583,1.6346533167543456,2.3420013579192887,-5.4542135330425845
A2-2,13,03-27-17_09.06 10degC_UDDS_Pan18650PF,ood(10C),2.222089366866483,1.7130166177069257,2.3420013579192887,-5.4542135330425845
A2-2,42,03-27-17_09.06 10degC_UDDS_Pan18650PF,ood(10C),2.28438611983847,1.51934995043701,2.3420013579192887,-5.4542135330425845
A2-2,7,03-27-17_09.06 10degC_US06_Pan18650PF,ood(10C),3.849349247173763,1.5121617473322808,2.7133716679581084,-4.821529163167826
A2-2,13,03-27-17_09.06 10degC_US06_Pan18650PF,ood(10C),3.900487585005329,1.5992347826009063,2.7133716679581084,-4.821529163167826
A2-2,42,03-27-17_09.06 10degC_US06_Pan18650PF,ood(10C),3.8677511099347255,1.4350633196639422,2.7133716679581084,-4.821529163167826
A2-2,7,03-28-17_12.51 10degC_Cycle_1_Pan18650PF,ood(10C),3.5877841427481694,1.4940031335998247,2.483015201300219,-4.717110005038805
A2-2,13,03-28-17_12.51 10degC_Cycle_1_Pan18650PF,ood(10C),3.5687149287396545,1.5057141929067754,2.483015201300219,-4.717110005038805
A2-2,42,03-28-17_12.51 10degC_Cycle_1_Pan18650PF,ood(10C),3.63544834326748,1.4820242618789803,2.483015201300219,-4.717110005038805
A2-2,7,03-28-17_18.18 10degC_Cycle_2_Pan18650PF,ood(10C),4.672186041183298,2.573856089104217,2.2997196778114675,-4.588643572359363
A2-2,13,03-28-17_18.18 10degC_Cycle_2_Pan18650PF,ood(10C),4.663246981984998,2.577096047190495,2.2997196778114675,-4.588643572359363
A2-2,42,03-28-17_18.18 10degC_Cycle_2_Pan18650PF,ood(10C),4.685346403378363,2.5504397731793462,2.2997196778114675,-4.588643572359363
A2-2,7,04-05-17_17.04 10degC_Cycle_3_Pan18650PF,ood(10C),4.653955951940577,2.630025215421398,3.331171640553449,-6.240809683332705
A2-2,13,04-05-17_17.04 10degC_Cycle_3_Pan18650PF,ood(10C),4.61539338247699,2.5193086418841033,3.331171640553449,-6.240809683332705
A2-2,42,04-05-17_17.04 10degC_Cycle_3_Pan18650PF,ood(10C),4.706391223200263,2.560315041960027,3.331171640553449,-6.240809683332705
A2-2,7,04-05-17_22.50 10degC_Cycle_4_Pan18650PF,ood(10C),3.0223262890880265,1.9741433627317262,2.989288180321474,-6.106025821455252
A2-2,13,04-05-17_22.50 10degC_Cycle_4_Pan18650PF,ood(10C),3.028452085622857,1.8888522522484492,2.989288180321474,-6.106025821455252
A2-2,42,04-05-17_22.50 10degC_Cycle_4_Pan18650PF,ood(10C),3.002582634383009,1.8601791356210349,2.989288180321474,-6.106025821455252
A2-2,7,05-30-17_12.56 0degC_Cycle_1_Pan18650PF,ood(0C),9.722252741025214,4.907666689180153,6.729599921017849,-9.999999999999998
A2-2,13,05-30-17_12.56 0degC_Cycle_1_Pan18650PF,ood(0C),9.589482948096597,4.678200565553895,6.729599921017849,-9.999999999999998
A2-2,42,05-30-17_12.56 0degC_Cycle_1_Pan18650PF,ood(0C),9.677987702222113,4.721618683037314,6.729599921017849,-9.999999999999998
A2-2,7,05-30-17_20.16 0degC_Cycle_2_Pan18650PF,ood(0C),9.859165236405579,5.303514183549398,6.725970317767637,-9.999999999999998
A2-2,13,05-30-17_20.16 0degC_Cycle_2_Pan18650PF,ood(0C),9.825787251116369,5.06697620341686,6.725970317767637,-9.999999999999998
A2-2,42,05-30-17_20.16 0degC_Cycle_2_Pan18650PF,ood(0C),9.890788947042564,5.08537719300745,6.725970317767637,-9.999999999999998
A2-2,7,06-01-17_10.36 0degC_LA92_Pan18650PF,ood(0C),6.272018270832709,2.3673984962927577,3.0468047145479455,-11.074208085912963
A2-2,13,06-01-17_10.36 0degC_LA92_Pan18650PF,ood(0C),6.263187551685577,2.533514762417561,3.0468047145479455,-11.074208085912963
A2-2,42,06-01-17_10.36 0degC_LA92_Pan18650PF,ood(0C),6.249163971647318,2.157134684133404,3.0468047145479455,-11.074208085912963
A2-2,7,06-01-17_10.36 0degC_NN_Pan18650PF,ood(0C),5.2569124766223885,1.8847709306321563,2.7624604243027626,-11.074208085912963
A2-2,13,06-01-17_10.36 0degC_NN_Pan18650PF,ood(0C),5.318388016974418,2.1620956866353422,2.7624604243027626,-11.074208085912963
A2-2,42,06-01-17_10.36 0degC_NN_Pan18650PF,ood(0C),5.143044207184551,1.61472575110074,2.7624604243027626,-11.074208085912963
A2-2,7,06-01-17_15.36 0degC_Cycle_3_Pan18650PF,ood(0C),10.527270914315746,6.548121522581489,5.634410998265491,-11.07468541835347
A2-2,13,06-01-17_15.36 0degC_Cycle_3_Pan18650PF,ood(0C),10.307828445417616,6.297815730664342,5.634410998265491,-11.07468541835347
A2-2,42,06-01-17_15.36 0degC_Cycle_3_Pan18650PF,ood(0C),10.484386421051076,6.411827301135747,5.634410998265491,-11.07468541835347
A2-2,7,06-01-17_22.03 0degC_Cycle_4_Pan18650PF,ood(0C),8.65175326970348,3.3801314010463375,5.958787032863268,-11.074733151597504
A2-2,13,06-01-17_22.03 0degC_Cycle_4_Pan18650PF,ood(0C),8.581376245238886,3.297875468878201,5.958787032863268,-11.074733151597504
A2-2,42,06-01-17_22.03 0degC_Cycle_4_Pan18650PF,ood(0C),8.647352986170706,3.187227228946075,5.958787032863268,-11.074733151597504
A2-2,7,06-02-17_04.58 0degC_US06_Pan18650PF,ood(0C),11.101002665497449,6.4557319705137015,6.351790690982977,-11.174825165035795
A2-2,13,06-02-17_04.58 0degC_US06_Pan18650PF,ood(0C),11.056964998314845,6.352381166501578,6.351790690982977,-11.174825165035795
A2-2,42,06-02-17_04.58 0degC_US06_Pan18650PF,ood(0C),11.107732611665751,6.300002351564137,6.351790690982977,-11.174825165035795
A2-2,7,06-02-17_10.43 0degC_HWFET_Pan18650PF,ood(0C),11.77676788363122,6.68101714745345,6.001956946226094,-11.174632502279936
A2-2,13,06-02-17_10.43 0degC_HWFET_Pan18650PF,ood(0C),11.839478468117113,6.58242874915414,6.001956946226094,-11.174632502279936
A2-2,42,06-02-17_10.43 0degC_HWFET_Pan18650PF,ood(0C),11.92905667348198,6.6977597982405515,6.001956946226094,-11.174632502279936
A2-2,7,06-02-17_17.14 0degC_UDDS_Pan18650PF,ood(0C),8.732852650651123,3.8622495979522333,5.719143120558255,-11.174921496413715
A2-2,13,06-02-17_17.14 0degC_UDDS_Pan18650PF,ood(0C),8.504219322791647,3.673985961974435,5.719143120558255,-11.174921496413715
A2-2,42,06-02-17_17.14 0degC_UDDS_Pan18650PF,ood(0C),8.692939208505292,3.6546663749863337,5.719143120558255,-11.174921496413715
A2-2,7,06-07-17_08.39 n10degC_HWFET_Pan18650PF,ood(-10C),7.171440193126943,3.4709314559195654,2.2577113618896774,-10.21978573089678
A2-2,13,06-07-17_08.39 n10degC_HWFET_Pan18650PF,ood(-10C),7.279235396622482,3.7568692158980554,2.2577113618896774,-10.21978573089678
A2-2,42,06-07-17_08.39 n10degC_HWFET_Pan18650PF,ood(-10C),7.140763054258989,3.3619628520246487,2.2577113618896774,-10.21978573089678
A2-2,7,06-07-17_08.39 n10degC_LA92_Pan18650PF,ood(-10C),7.914496027648327,3.944120150751459,2.5846892730178803,-10.219534019476162
A2-2,13,06-07-17_08.39 n10degC_LA92_Pan18650PF,ood(-10C),7.8372386576507305,4.025374448229712,2.5846892730178803,-10.219534019476162
A2-2,42,06-07-17_08.39 n10degC_LA92_Pan18650PF,ood(-10C),7.766532951376831,3.721910313861728,2.5846892730178803,-10.219534019476162
A2-2,7,06-07-17_08.39 n10degC_UDDS_Pan18650PF,ood(-10C),9.664681458860064,5.291236503159944,3.1674627997580016,-10.2196347040444
A2-2,13,06-07-17_08.39 n10degC_UDDS_Pan18650PF,ood(-10C),9.418622286842318,5.150764577653371,3.1674627997580016,-10.2196347040444
A2-2,42,06-07-17_08.39 n10degC_UDDS_Pan18650PF,ood(-10C),9.479042232451198,5.038542241530661,3.1674627997580016,-10.2196347040444
A2-2,7,06-07-17_08.39 n10degC_US06_Pan18650PF,ood(-10C),4.612040777130229,1.8544805847739385,1.6975616341907362,-10.21978573089678
A2-2,13,06-07-17_08.39 n10degC_US06_Pan18650PF,ood(-10C),4.966209489631675,2.545529814276686,1.6975616341907362,-10.21978573089678
A2-2,42,06-07-17_08.39 n10degC_US06_Pan18650PF,ood(-10C),4.467750338754906,1.584000560394704,1.6975616341907362,-10.21978573089678
A2-2,7,06-10-17_11.25 n10degC_Cycle_1_Pan18650PF,ood(-10C),12.551753030519633,6.910369258213883,5.49463967564866,-10.48700175513373
A2-2,13,06-10-17_11.25 n10degC_Cycle_1_Pan18650PF,ood(-10C),12.333343987927078,6.6583944012575,5.49463967564866,-10.48700175513373
A2-2,42,06-10-17_11.25 n10degC_Cycle_1_Pan18650PF,ood(-10C),12.376056528546505,6.625702774195526,5.49463967564866,-10.48700175513373
A2-2,7,06-10-17_18.35 n10degC_Cycle_2_Pan18650PF,ood(-10C),17.97154588715023,12.234957898181417,5.796838504296095,-10.487156734691784
A2-2,13,06-10-17_18.35 n10degC_Cycle_2_Pan18650PF,ood(-10C),17.605176993198057,11.862045848812686,5.796838504296095,-10.487156734691784
A2-2,42,06-10-17_18.35 n10degC_Cycle_2_Pan18650PF,ood(-10C),17.80502975069158,11.981286420920613,5.796838504296095,-10.487156734691784
A2-2,7,06-11-17_01.39 n10degC_Cycle_3_Pan18650PF,ood(-10C),18.342208879916512,12.747811599367818,5.799385957850039,-10.57671076047112
A2-2,13,06-11-17_01.39 n10degC_Cycle_3_Pan18650PF,ood(-10C),17.935898553996072,12.315765118720675,5.799385957850039,-10.57671076047112
A2-2,42,06-11-17_01.39 n10degC_Cycle_3_Pan18650PF,ood(-10C),18.127738139192356,12.465591243771744,5.799385957850039,-10.57671076047112
A2-2,7,06-11-17_08.42 n10degC_Cycle_4_Pan18650PF,ood(-10C),11.437670626974013,5.329634935645321,5.481903745364333,-10.576554457480636
A2-2,13,06-11-17_08.42 n10degC_Cycle_4_Pan18650PF,ood(-10C),11.156618926699352,5.0527624537988105,5.481903745364333,-10.576554457480636
A2-2,42,06-11-17_08.42 n10degC_Cycle_4_Pan18650PF,ood(-10C),11.288427536011632,5.1034589690438725,5.481903745364333,-10.576554457480636
A2-2,7,06-14-17_13.12 n10degC_NN_Pan18650PF,ood(-10C),17.354071918136647,11.526550655684511,5.9804189175296285,-10.847320553823481
A2-2,13,06-14-17_13.12 n10degC_NN_Pan18650PF,ood(-10C),16.980140651892278,11.12390127254226,5.9804189175296285,-10.847320553823481
A2-2,42,06-14-17_13.12 n10degC_NN_Pan18650PF,ood(-10C),17.13098776101412,11.220298339859713,5.9804189175296285,-10.847320553823481
A2-2,7,06-23-17_23.35 n20degC_HWFET_Pan18650PF,ood(-20C),5.339381858037634,2.256748877185591,1.9857750186013379,-10.000185817321706
A2-2,13,06-23-17_23.35 n20degC_HWFET_Pan18650PF,ood(-20C),5.582903517709059,3.023073454989429,1.9857750186013379,-10.000185817321706
A2-2,42,06-23-17_23.35 n20degC_HWFET_Pan18650PF,ood(-20C),5.109627955670137,1.9916875304887633,1.9857750186013379,-10.000185817321706
A2-2,7,06-23-17_23.35 n20degC_LA92_Pan18650PF,ood(-20C),6.2470442097111345,2.685562562755782,2.317435498013663,-10.000473178983116
A2-2,13,06-23-17_23.35 n20degC_LA92_Pan18650PF,ood(-20C),6.338681480333918,3.213226349130931,2.317435498013663,-10.000473178983116
A2-2,42,06-23-17_23.35 n20degC_LA92_Pan18650PF,ood(-20C),5.8941199986581445,2.298245689876469,2.317435498013663,-10.000473178983116
A2-2,7,06-23-17_23.35 n20degC_NN_Pan18650PF,ood(-20C),4.971629146126035,1.8444104431966175,2.2019520752785042,-10.000875485309102
A2-2,13,06-23-17_23.35 n20degC_NN_Pan18650PF,ood(-20C),5.091707012067846,2.630226664369232,2.2019520752785042,-10.000875485309102
A2-2,42,06-23-17_23.35 n20degC_NN_Pan18650PF,ood(-20C),4.679963432625335,1.6072729482562873,2.2019520752785042,-10.000875485309102
A2-2,7,06-23-17_23.35 n20degC_UDDS_Pan18650PF,ood(-20C),10.338913419118485,6.173837917764033,2.8592512316515672,-10.000645595979973
A2-2,13,06-23-17_23.35 n20degC_UDDS_Pan18650PF,ood(-20C),10.20620660665283,6.210786325211599,2.8592512316515672,-10.000645595979973
A2-2,42,06-23-17_23.35 n20degC_UDDS_Pan18650PF,ood(-20C),9.936705108502368,5.7473155171731864,2.8592512316515672,-10.000645595979973
A2-2,7,06-24-17_04.29 n20degC_Cycle_1_Pan18650PF,ood(-20C),23.53175946774722,18.222265209507658,5.435531125644522,-10.079387029579545
A2-2,13,06-24-17_04.29 n20degC_Cycle_1_Pan18650PF,ood(-20C),23.093048610282345,17.7992462042418,5.435531125644522,-10.079387029579545
A2-2,42,06-24-17_04.29 n20degC_Cycle_1_Pan18650PF,ood(-20C),23.067302459678277,17.71622427832698,5.435531125644522,-10.079387029579545
A2-2,7,06-24-17_11.58 n20degC_Cycle_2_Pan18650PF,ood(-20C),22.68884529993523,16.681572088225263,5.9313758743259655,-10.079329103066604
A2-2,13,06-24-17_11.58 n20degC_Cycle_2_Pan18650PF,ood(-20C),22.142349284038925,16.176997366202727,5.9313758743259655,-10.079329103066604
A2-2,42,06-24-17_11.58 n20degC_Cycle_2_Pan18650PF,ood(-20C),22.253771597025366,16.20127568605017,5.9313758743259655,-10.079329103066604
A2-2,7,06-24-17_19.29 n20degC_Cycle_3_Pan18650PF,ood(-20C),22.94687792096513,16.79353738152675,6.15530001503126,-10.079329103066604
A2-2,13,06-24-17_19.29 n20degC_Cycle_3_Pan18650PF,ood(-20C),22.39102313452599,16.236024619999753,6.15530001503126,-10.079329103066604
A2-2,42,06-24-17_19.29 n20degC_Cycle_3_Pan18650PF,ood(-20C),22.49981911348176,16.304818080669815,6.15530001503126,-10.079329103066604
A2-2,7,06-25-17_03.01 n20degC_Cycle_4_Pan18650PF,ood(-20C),19.156805559835668,13.945127845309557,5.288879319130292,-10.158944757591382
A2-2,13,06-25-17_03.01 n20degC_Cycle_4_Pan18650PF,ood(-20C),18.884011260488283,13.73157702238471,5.288879319130292,-10.158944757591382
A2-2,42,06-25-17_03.01 n20degC_Cycle_4_Pan18650PF,ood(-20C),18.74021824223143,13.469681093139927,5.288879319130292,-10.158944757591382
A2-2,7,06-25-17_10.31 n20degC_US06_Pan18650PF,ood(-20C),22.93785594360324,16.423435926317865,6.318670329688938,-10.159119902752101
A2-2,13,06-25-17_10.31 n20degC_US06_Pan18650PF,ood(-20C),22.728263840828582,16.21101554250824,6.318670329688938,-10.159119902752101
A2-2,42,06-25-17_10.31 n20degC_US06_Pan18650PF,ood(-20C),22.74630591717008,16.18111364214469,6.318670329688938,-10.159119902752101
A2-3,7,03-18-17_02.17 25degC_Cycle_1_Pan18650PF,test_id(25C),0.6788503730565081,2.8038012715581004,2.3553240302528966,-4.799590582132318
A2-3,13,03-18-17_02.17 25degC_Cycle_1_Pan18650PF,test_id(25C),0.7185821751604808,2.9817587223991033,2.3553240302528966,-4.799590582132318
A2-3,42,03-18-17_02.17 25degC_Cycle_1_Pan18650PF,test_id(25C),0.7172703209483997,2.9825281786311875,2.3553240302528966,-4.799590582132318
A2-3,7,03-19-17_03.25 25degC_Cycle_2_Pan18650PF,test_id(25C),0.5900398262727418,3.3182526884963908,2.5703881209583295,-4.92782473503256
A2-3,13,03-19-17_03.25 25degC_Cycle_2_Pan18650PF,test_id(25C),0.6350865921319192,3.42718130093461,2.5703881209583295,-4.92782473503256
A2-3,42,03-19-17_03.25 25degC_Cycle_2_Pan18650PF,test_id(25C),0.645264043128145,3.436601667913841,2.5703881209583295,-4.92782473503256
A2-3,7,03-19-17_09.07 25degC_Cycle_3_Pan18650PF,test_id(25C),0.4086739168506544,2.8553220290840975,2.426457685551037,-4.598703328649489
A2-3,13,03-19-17_09.07 25degC_Cycle_3_Pan18650PF,test_id(25C),0.37843298130174136,2.906477077682664,2.426457685551037,-4.598703328649489
A2-3,42,03-19-17_09.07 25degC_Cycle_3_Pan18650PF,test_id(25C),0.3871320456752126,2.897435373755833,2.426457685551037,-4.598703328649489
A2-3,7,03-19-17_14.31 25degC_Cycle_4_Pan18650PF,test_id(25C),0.7413388395240156,3.389677522604888,2.577170285043614,-3.511379310344831
A2-3,13,03-19-17_14.31 25degC_Cycle_4_Pan18650PF,test_id(25C),0.755495427872035,3.499060514937264,2.577170285043614,-3.511379310344831
A2-3,42,03-19-17_14.31 25degC_Cycle_4_Pan18650PF,test_id(25C),0.793376880421952,3.5005228786512204,2.577170285043614,-3.511379310344831
A2-3,7,03-27-17_09.06 10degC_HWFET_Pan18650PF,ood(10C),3.0536740677421834,0.9840637394028099,1.8452268472662572,-5.391175670786186
A2-3,13,03-27-17_09.06 10degC_HWFET_Pan18650PF,ood(10C),3.052405144896049,1.2586743867906656,1.8452268472662572,-5.391175670786186
A2-3,42,03-27-17_09.06 10degC_HWFET_Pan18650PF,ood(10C),2.977846154341031,1.2963869750510029,1.8452268472662572,-5.391175670786186
A2-3,7,03-27-17_09.06 10degC_LA92_Pan18650PF,ood(10C),2.9462255524014775,1.0247358379746871,2.0032610970176847,-5.020394580306231
A2-3,13,03-27-17_09.06 10degC_LA92_Pan18650PF,ood(10C),3.3187564787125177,1.3762015377290828,2.0032610970176847,-5.020394580306231
A2-3,42,03-27-17_09.06 10degC_LA92_Pan18650PF,ood(10C),3.226588626180708,1.3238435799644206,2.0032610970176847,-5.020394580306231
A2-3,7,03-27-17_09.06 10degC_NN_Pan18650PF,ood(10C),2.525273122689645,0.7209973062742485,1.9311614311581502,-4.994227521376304
A2-3,13,03-27-17_09.06 10degC_NN_Pan18650PF,ood(10C),2.7062089593099667,0.9771511477232315,1.9311614311581502,-4.994227521376304
A2-3,42,03-27-17_09.06 10degC_NN_Pan18650PF,ood(10C),2.645500435013242,1.01450531942476,1.9311614311581502,-4.994227521376304
A2-3,7,03-27-17_09.06 10degC_UDDS_Pan18650PF,ood(10C),1.8244484240418706,1.5511022985804546,2.3420013579192887,-5.4542135330425845
A2-3,13,03-27-17_09.06 10degC_UDDS_Pan18650PF,ood(10C),2.080521113323305,1.6376713073583495,2.3420013579192887,-5.4542135330425845
A2-3,42,03-27-17_09.06 10degC_UDDS_Pan18650PF,ood(10C),2.0382405229916967,1.673394204619253,2.3420013579192887,-5.4542135330425845
A2-3,7,03-27-17_09.06 10degC_US06_Pan18650PF,ood(10C),3.790123085331993,1.24368541167153,2.7133716679581084,-4.821529163167826
A2-3,13,03-27-17_09.06 10degC_US06_Pan18650PF,ood(10C),4.003568495436278,1.5855864269279387,2.7133716679581084,-4.821529163167826
A2-3,42,03-27-17_09.06 10degC_US06_Pan18650PF,ood(10C),3.870274768921522,1.4465833574271385,2.7133716679581084,-4.821529163167826
A2-3,7,03-28-17_12.51 10degC_Cycle_1_Pan18650PF,ood(10C),3.2738805280044962,1.1073463147845015,2.483015201300219,-4.717110005038805
A2-3,13,03-28-17_12.51 10degC_Cycle_1_Pan18650PF,ood(10C),3.567605516083292,1.437814557766421,2.483015201300219,-4.717110005038805
A2-3,42,03-28-17_12.51 10degC_Cycle_1_Pan18650PF,ood(10C),3.473599046747996,1.3603491929777827,2.483015201300219,-4.717110005038805
A2-3,7,03-28-17_18.18 10degC_Cycle_2_Pan18650PF,ood(10C),4.286416156078469,2.099374812442733,2.2997196778114675,-4.588643572359363
A2-3,13,03-28-17_18.18 10degC_Cycle_2_Pan18650PF,ood(10C),4.6631579681134685,2.515744996327273,2.2997196778114675,-4.588643572359363
A2-3,42,03-28-17_18.18 10degC_Cycle_2_Pan18650PF,ood(10C),4.536162115737945,2.3977173068390796,2.2997196778114675,-4.588643572359363
A2-3,7,04-05-17_17.04 10degC_Cycle_3_Pan18650PF,ood(10C),4.252882889881291,2.0630538120838997,3.331171640553449,-6.240809683332705
A2-3,13,04-05-17_17.04 10degC_Cycle_3_Pan18650PF,ood(10C),4.6510170812825615,2.5573343027548647,3.331171640553449,-6.240809683332705
A2-3,42,04-05-17_17.04 10degC_Cycle_3_Pan18650PF,ood(10C),4.538094136864497,2.472422899639092,3.331171640553449,-6.240809683332705
A2-3,7,04-05-17_22.50 10degC_Cycle_4_Pan18650PF,ood(10C),2.7700799639389984,1.6651293746365212,2.989288180321474,-6.106025821455252
A2-3,13,04-05-17_22.50 10degC_Cycle_4_Pan18650PF,ood(10C),2.958801213504845,1.8791011178434405,2.989288180321474,-6.106025821455252
A2-3,42,04-05-17_22.50 10degC_Cycle_4_Pan18650PF,ood(10C),2.841152489763103,1.8842042421660856,2.989288180321474,-6.106025821455252
A2-3,7,05-30-17_12.56 0degC_Cycle_1_Pan18650PF,ood(0C),9.709956567791975,3.806951436684065,6.729599921017849,-9.999999999999998
A2-3,13,05-30-17_12.56 0degC_Cycle_1_Pan18650PF,ood(0C),9.659294215910725,4.624544405298126,6.729599921017849,-9.999999999999998
A2-3,42,05-30-17_12.56 0degC_Cycle_1_Pan18650PF,ood(0C),9.452716293462933,4.499851175139936,6.729599921017849,-9.999999999999998
A2-3,7,05-30-17_20.16 0degC_Cycle_2_Pan18650PF,ood(0C),9.872403399711528,4.244096432715578,6.725970317767637,-9.999999999999998
A2-3,13,05-30-17_20.16 0degC_Cycle_2_Pan18650PF,ood(0C),9.905699526980674,5.001445035834676,6.725970317767637,-9.999999999999998
A2-3,42,05-30-17_20.16 0degC_Cycle_2_Pan18650PF,ood(0C),9.71549530335032,4.873715112481933,6.725970317767637,-9.999999999999998
A2-3,7,06-01-17_10.36 0degC_LA92_Pan18650PF,ood(0C),5.647425483504425,1.4252013906022363,3.0468047145479455,-11.074208085912963
A2-3,13,06-01-17_10.36 0degC_LA92_Pan18650PF,ood(0C),6.132721574929633,2.060323322586178,3.0468047145479455,-11.074208085912963
A2-3,42,06-01-17_10.36 0degC_LA92_Pan18650PF,ood(0C),6.064753852524233,2.057521018063904,3.0468047145479455,-11.074208085912963
A2-3,7,06-01-17_10.36 0degC_NN_Pan18650PF,ood(0C),4.7554192243417965,0.9420243332181171,2.7624604243027626,-11.074208085912963
A2-3,13,06-01-17_10.36 0degC_NN_Pan18650PF,ood(0C),5.062527546593549,1.4643460136360023,2.7624604243027626,-11.074208085912963
A2-3,42,06-01-17_10.36 0degC_NN_Pan18650PF,ood(0C),5.048416636729513,1.595066380777223,2.7624604243027626,-11.074208085912963
A2-3,7,06-01-17_15.36 0degC_Cycle_3_Pan18650PF,ood(0C),9.711879416926894,5.55902966607341,5.634410998265491,-11.07468541835347
A2-3,13,06-01-17_15.36 0degC_Cycle_3_Pan18650PF,ood(0C),10.428151444418921,6.391517831762596,5.634410998265491,-11.07468541835347
A2-3,42,06-01-17_15.36 0degC_Cycle_3_Pan18650PF,ood(0C),10.120371930740754,6.144275735798762,5.634410998265491,-11.07468541835347
A2-3,7,06-01-17_22.03 0degC_Cycle_4_Pan18650PF,ood(0C),8.03582596256604,2.519020498188975,5.958787032863268,-11.074733151597504
A2-3,13,06-01-17_22.03 0degC_Cycle_4_Pan18650PF,ood(0C),8.490623275969112,3.108991357653828,5.958787032863268,-11.074733151597504
A2-3,42,06-01-17_22.03 0degC_Cycle_4_Pan18650PF,ood(0C),8.356899275210104,2.998160495302502,5.958787032863268,-11.074733151597504
A2-3,7,06-02-17_04.58 0degC_US06_Pan18650PF,ood(0C),10.837941914700977,5.798230575525591,6.351790690982977,-11.174825165035795
A2-3,13,06-02-17_04.58 0degC_US06_Pan18650PF,ood(0C),11.262982643781635,6.483113374438028,6.351790690982977,-11.174825165035795
A2-3,42,06-02-17_04.58 0degC_US06_Pan18650PF,ood(0C),11.033985365886522,6.219147406511523,6.351790690982977,-11.174825165035795
A2-3,7,06-02-17_10.43 0degC_HWFET_Pan18650PF,ood(0C),11.335949025925155,5.839666112808826,6.001956946226094,-11.174632502279936
A2-3,13,06-02-17_10.43 0degC_HWFET_Pan18650PF,ood(0C),11.733008672749598,6.508382783293283,6.001956946226094,-11.174632502279936
A2-3,42,06-02-17_10.43 0degC_HWFET_Pan18650PF,ood(0C),11.431038548057664,6.203750467887401,6.001956946226094,-11.174632502279936
A2-3,7,06-02-17_17.14 0degC_UDDS_Pan18650PF,ood(0C),7.77947411589487,2.822518772179967,5.719143120558255,-11.174921496413715
A2-3,13,06-02-17_17.14 0degC_UDDS_Pan18650PF,ood(0C),8.410028963729008,3.5327513282132865,5.719143120558255,-11.174921496413715
A2-3,42,06-02-17_17.14 0degC_UDDS_Pan18650PF,ood(0C),8.246368160296997,3.3937258695218717,5.719143120558255,-11.174921496413715
A2-3,7,06-07-17_08.39 n10degC_HWFET_Pan18650PF,ood(-10C),6.533112296734395,2.5950166575680886,2.2577113618896774,-10.21978573089678
A2-3,13,06-07-17_08.39 n10degC_HWFET_Pan18650PF,ood(-10C),6.921971968723182,3.1302015280802844,2.2577113618896774,-10.21978573089678
A2-3,42,06-07-17_08.39 n10degC_HWFET_Pan18650PF,ood(-10C),6.743031149823517,3.0190998654148067,2.2577113618896774,-10.21978573089678
A2-3,7,06-07-17_08.39 n10degC_LA92_Pan18650PF,ood(-10C),7.081614465218765,2.913488270663042,2.5846892730178803,-10.219534019476162
A2-3,13,06-07-17_08.39 n10degC_LA92_Pan18650PF,ood(-10C),7.680135882074524,3.6227862106940827,2.5846892730178803,-10.219534019476162
A2-3,42,06-07-17_08.39 n10degC_LA92_Pan18650PF,ood(-10C),7.504371398445816,3.483402649829463,2.5846892730178803,-10.219534019476162
A2-3,7,06-07-17_08.39 n10degC_UDDS_Pan18650PF,ood(-10C),8.520352285878266,4.013806236862496,3.1674627997580016,-10.2196347040444
A2-3,13,06-07-17_08.39 n10degC_UDDS_Pan18650PF,ood(-10C),9.268042074093604,4.858250449555512,3.1674627997580016,-10.2196347040444
A2-3,42,06-07-17_08.39 n10degC_UDDS_Pan18650PF,ood(-10C),9.01614896822163,4.627932796428451,3.1674627997580016,-10.2196347040444
A2-3,7,06-07-17_08.39 n10degC_US06_Pan18650PF,ood(-10C),4.164861086160019,0.7188186046587245,1.6975616341907362,-10.21978573089678
A2-3,13,06-07-17_08.39 n10degC_US06_Pan18650PF,ood(-10C),4.540684177692909,1.4593811915228314,1.6975616341907362,-10.21978573089678
A2-3,42,06-07-17_08.39 n10degC_US06_Pan18650PF,ood(-10C),4.560537489134742,1.6735777879891545,1.6975616341907362,-10.21978573089678
A2-3,7,06-10-17_11.25 n10degC_Cycle_1_Pan18650PF,ood(-10C),11.45385717196268,5.629547940361333,5.49463967564866,-10.48700175513373
A2-3,13,06-10-17_11.25 n10degC_Cycle_1_Pan18650PF,ood(-10C),12.228528583074105,6.546699436402672,5.49463967564866,-10.48700175513373
A2-3,42,06-10-17_11.25 n10degC_Cycle_1_Pan18650PF,ood(-10C),11.928183112863005,6.228346794936376,5.49463967564866,-10.48700175513373
A2-3,7,06-10-17_18.35 n10degC_Cycle_2_Pan18650PF,ood(-10C),16.844566464823,10.991310430618286,5.796838504296095,-10.487156734691784
A2-3,13,06-10-17_18.35 n10degC_Cycle_2_Pan18650PF,ood(-10C),17.66452820231303,11.896319020199796,5.796838504296095,-10.487156734691784
A2-3,42,06-10-17_18.35 n10degC_Cycle_2_Pan18650PF,ood(-10C),17.327026737011387,11.551562172380091,5.796838504296095,-10.487156734691784
A2-3,7,06-11-17_01.39 n10degC_Cycle_3_Pan18650PF,ood(-10C),17.127269363164565,11.421160259415474,5.799385957850039,-10.57671076047112
A2-3,13,06-11-17_01.39 n10degC_Cycle_3_Pan18650PF,ood(-10C),18.13382036716391,12.49724766520402,5.799385957850039,-10.57671076047112
A2-3,42,06-11-17_01.39 n10degC_Cycle_3_Pan18650PF,ood(-10C),17.705489591556695,12.056293439724131,5.799385957850039,-10.57671076047112
A2-3,7,06-11-17_08.42 n10degC_Cycle_4_Pan18650PF,ood(-10C),10.496107929304328,4.280679053747863,5.481903745364333,-10.576554457480636
A2-3,13,06-11-17_08.42 n10degC_Cycle_4_Pan18650PF,ood(-10C),11.199880633964604,5.06244758543554,5.481903745364333,-10.576554457480636
A2-3,42,06-11-17_08.42 n10degC_Cycle_4_Pan18650PF,ood(-10C),10.89055294012024,4.7375877528352515,5.481903745364333,-10.576554457480636
A2-3,7,06-14-17_13.12 n10degC_NN_Pan18650PF,ood(-10C),16.35478222501681,10.378522864845806,5.9804189175296285,-10.847320553823481
A2-3,13,06-14-17_13.12 n10degC_NN_Pan18650PF,ood(-10C),17.13830438324663,11.25843778978913,5.9804189175296285,-10.847320553823481
A2-3,42,06-14-17_13.12 n10degC_NN_Pan18650PF,ood(-10C),16.847517963243373,10.945789040988869,5.9804189175296285,-10.847320553823481
A2-3,7,06-23-17_23.35 n20degC_HWFET_Pan18650PF,ood(-20C),4.3118705855434705,0.9588146598633912,1.9857750186013379,-10.000185817321706
A2-3,13,06-23-17_23.35 n20degC_HWFET_Pan18650PF,ood(-20C),5.031670812046037,1.9122394425190343,1.9857750186013379,-10.000185817321706
A2-3,42,06-23-17_23.35 n20degC_HWFET_Pan18650PF,ood(-20C),4.831234611085764,1.9914512812483345,1.9857750186013379,-10.000185817321706
A2-3,7,06-23-17_23.35 n20degC_LA92_Pan18650PF,ood(-20C),5.13870980154937,1.3045410603810843,2.317435498013663,-10.000473178983116
A2-3,13,06-23-17_23.35 n20degC_LA92_Pan18650PF,ood(-20C),5.969521191430593,2.355269660591214,2.317435498013663,-10.000473178983116
A2-3,42,06-23-17_23.35 n20degC_LA92_Pan18650PF,ood(-20C),5.708538038161134,2.2467761948730645,2.317435498013663,-10.000473178983116
A2-3,7,06-23-17_23.35 n20degC_NN_Pan18650PF,ood(-20C),3.941882356207999,0.8420521581244168,2.2019520752785042,-10.000875485309102
A2-3,13,06-23-17_23.35 n20degC_NN_Pan18650PF,ood(-20C),4.624072203155198,1.4853339608294183,2.2019520752785042,-10.000875485309102
A2-3,42,06-23-17_23.35 n20degC_NN_Pan18650PF,ood(-20C),4.466267089728249,1.6698410753548127,2.2019520752785042,-10.000875485309102
A2-3,7,06-23-17_23.35 n20degC_UDDS_Pan18650PF,ood(-20C),8.972472664380183,4.715593534919435,2.8592512316515672,-10.000645595979973
A2-3,13,06-23-17_23.35 n20degC_UDDS_Pan18650PF,ood(-20C),9.995438764507405,5.814988912623498,2.8592512316515672,-10.000645595979973
A2-3,42,06-23-17_23.35 n20degC_UDDS_Pan18650PF,ood(-20C),9.654695856655378,5.521001804862249,2.8592512316515672,-10.000645595979973
A2-3,7,06-24-17_04.29 n20degC_Cycle_1_Pan18650PF,ood(-20C),22.012448042168785,16.6504549808425,5.435531125644522,-10.079387029579545
A2-3,13,06-24-17_04.29 n20degC_Cycle_1_Pan18650PF,ood(-20C),23.256340175617197,17.934434487448858,5.435531125644522,-10.079387029579545
A2-3,42,06-24-17_04.29 n20degC_Cycle_1_Pan18650PF,ood(-20C),22.757853126773277,17.443253861910346,5.435531125644522,-10.079387029579545
A2-3,7,06-24-17_11.58 n20degC_Cycle_2_Pan18650PF,ood(-20C),21.208201552624235,15.150286929141915,5.9313758743259655,-10.079329103066604
A2-3,13,06-24-17_11.58 n20degC_Cycle_2_Pan18650PF,ood(-20C),22.30280201085699,16.28777926794756,5.9313758743259655,-10.079329103066604
A2-3,42,06-24-17_11.58 n20degC_Cycle_2_Pan18650PF,ood(-20C),21.805143372396042,15.807519644469316,5.9313758743259655,-10.079329103066604
A2-3,7,06-24-17_19.29 n20degC_Cycle_3_Pan18650PF,ood(-20C),21.443927084660142,15.244181810400804,6.15530001503126,-10.079329103066604
A2-3,13,06-24-17_19.29 n20degC_Cycle_3_Pan18650PF,ood(-20C),22.679262957346225,16.50781058417673,6.15530001503126,-10.079329103066604
A2-3,42,06-24-17_19.29 n20degC_Cycle_3_Pan18650PF,ood(-20C),22.064951664871597,15.904268443308412,6.15530001503126,-10.079329103066604
A2-3,7,06-25-17_03.01 n20degC_Cycle_4_Pan18650PF,ood(-20C),17.794464154408928,12.540281166102936,5.288879319130292,-10.158944757591382
A2-3,13,06-25-17_03.01 n20degC_Cycle_4_Pan18650PF,ood(-20C),18.84638314107392,13.64661414896571,5.288879319130292,-10.158944757591382
A2-3,42,06-25-17_03.01 n20degC_Cycle_4_Pan18650PF,ood(-20C),18.40119302584562,13.2090793254611,5.288879319130292,-10.158944757591382
A2-3,7,06-25-17_10.31 n20degC_US06_Pan18650PF,ood(-20C),22.22442700756048,15.661677655127086,6.318670329688938,-10.159119902752101
A2-3,13,06-25-17_10.31 n20degC_US06_Pan18650PF,ood(-20C),23.026680662843205,16.504195168459283,6.318670329688938,-10.159119902752101
A2-3,42,06-25-17_10.31 n20degC_US06_Pan18650PF,ood(-20C),22.666134401381075,16.112817940589967,6.318670329688938,-10.159119902752101
A2-4,7,03-18-17_02.17 25degC_Cycle_1_Pan18650PF,test_id(25C),0.7203330006777273,2.9415862613100905,2.3553240302528966,-4.799590582132318
A2-4,13,03-18-17_02.17 25degC_Cycle_1_Pan18650PF,test_id(25C),0.8501640912264022,2.620072495815077,2.3553240302528966,-4.799590582132318
A2-4,42,03-18-17_02.17 25degC_Cycle_1_Pan18650PF,test_id(25C),0.7463865643706011,2.9376537041652253,2.3553240302528966,-4.799590582132318
A2-4,7,03-19-17_03.25 25degC_Cycle_2_Pan18650PF,test_id(25C),0.6840011928425542,3.40388786546311,2.5703881209583295,-4.92782473503256
A2-4,13,03-19-17_03.25 25degC_Cycle_2_Pan18650PF,test_id(25C),0.8101624861248933,3.0169132757742925,2.5703881209583295,-4.92782473503256
A2-4,42,03-19-17_03.25 25degC_Cycle_2_Pan18650PF,test_id(25C),0.6513839786081486,3.4354914137880788,2.5703881209583295,-4.92782473503256
A2-4,7,03-19-17_09.07 25degC_Cycle_3_Pan18650PF,test_id(25C),0.4074115663053787,2.891734768554512,2.426457685551037,-4.598703328649489
A2-4,13,03-19-17_09.07 25degC_Cycle_3_Pan18650PF,test_id(25C),0.5628376641789499,2.824261671524019,2.426457685551037,-4.598703328649489
A2-4,42,03-19-17_09.07 25degC_Cycle_3_Pan18650PF,test_id(25C),0.41524022244532316,2.880174768672665,2.426457685551037,-4.598703328649489
A2-4,7,03-19-17_14.31 25degC_Cycle_4_Pan18650PF,test_id(25C),0.6261239889447142,3.304245127555303,2.577170285043614,-3.511379310344831
A2-4,13,03-19-17_14.31 25degC_Cycle_4_Pan18650PF,test_id(25C),0.9229430986432938,2.8729506414456214,2.577170285043614,-3.511379310344831
A2-4,42,03-19-17_14.31 25degC_Cycle_4_Pan18650PF,test_id(25C),0.7730100215426525,3.478354195757825,2.577170285043614,-3.511379310344831
A2-4,7,03-27-17_09.06 10degC_HWFET_Pan18650PF,ood(10C),3.114414880793568,1.337717973052508,1.8452268472662572,-5.391175670786186
A2-4,13,03-27-17_09.06 10degC_HWFET_Pan18650PF,ood(10C),3.1517617999021814,0.94827645973083,1.8452268472662572,-5.391175670786186
A2-4,42,03-27-17_09.06 10degC_HWFET_Pan18650PF,ood(10C),3.1261318048942273,1.2887273424373265,1.8452268472662572,-5.391175670786186
A2-4,7,03-27-17_09.06 10degC_LA92_Pan18650PF,ood(10C),3.366417710535661,1.423916686910261,2.0032610970176847,-5.020394580306231
A2-4,13,03-27-17_09.06 10degC_LA92_Pan18650PF,ood(10C),2.7674413327323584,1.0190405129798972,2.0032610970176847,-5.020394580306231
A2-4,42,03-27-17_09.06 10degC_LA92_Pan18650PF,ood(10C),3.3410829325492903,1.3432647268554052,2.0032610970176847,-5.020394580306231
A2-4,7,03-27-17_09.06 10degC_NN_Pan18650PF,ood(10C),2.745788516011248,1.0468200725612662,1.9311614311581502,-4.994227521376304
A2-4,13,03-27-17_09.06 10degC_NN_Pan18650PF,ood(10C),2.278384058898,0.8032456676315614,1.9311614311581502,-4.994227521376304
A2-4,42,03-27-17_09.06 10degC_NN_Pan18650PF,ood(10C),2.744279414577577,0.9468073423212533,1.9311614311581502,-4.994227521376304
A2-4,7,03-27-17_09.06 10degC_UDDS_Pan18650PF,ood(10C),2.2673893786356434,1.565810330105392,2.3420013579192887,-5.4542135330425845
A2-4,13,03-27-17_09.06 10degC_UDDS_Pan18650PF,ood(10C),1.755451873056,1.7138901886253721,2.3420013579192887,-5.4542135330425845
A2-4,42,03-27-17_09.06 10degC_UDDS_Pan18650PF,ood(10C),2.236407273402606,1.44371798144024,2.3420013579192887,-5.4542135330425845
A2-4,7,03-27-17_09.06 10degC_US06_Pan18650PF,ood(10C),3.934444397988364,1.4748042423068901,2.7133716679581084,-4.821529163167826
A2-4,13,03-27-17_09.06 10degC_US06_Pan18650PF,ood(10C),3.329281250389148,0.8923645472396294,2.7133716679581084,-4.821529163167826
A2-4,42,03-27-17_09.06 10degC_US06_Pan18650PF,ood(10C),3.9535487441583927,1.534022439057463,2.7133716679581084,-4.821529163167826
A2-4,7,03-28-17_12.51 10degC_Cycle_1_Pan18650PF,ood(10C),3.6479181149455213,1.4824830874892483,2.483015201300219,-4.717110005038805
A2-4,13,03-28-17_12.51 10degC_Cycle_1_Pan18650PF,ood(10C),2.9999502760728562,1.0583408222614363,2.483015201300219,-4.717110005038805
A2-4,42,03-28-17_12.51 10degC_Cycle_1_Pan18650PF,ood(10C),3.675832212930087,1.4072972747375951,2.483015201300219,-4.717110005038805
A2-4,7,03-28-17_18.18 10degC_Cycle_2_Pan18650PF,ood(10C),4.6894265884075725,2.546809384245665,2.2997196778114675,-4.588643572359363
A2-4,13,03-28-17_18.18 10degC_Cycle_2_Pan18650PF,ood(10C),4.141679505178085,2.0167512878150586,2.2997196778114675,-4.588643572359363
A2-4,42,03-28-17_18.18 10degC_Cycle_2_Pan18650PF,ood(10C),4.704627670018798,2.523506130883304,2.2997196778114675,-4.588643572359363
A2-4,7,04-05-17_17.04 10degC_Cycle_3_Pan18650PF,ood(10C),4.682845806434686,2.4874172893988176,3.331171640553449,-6.240809683332705
A2-4,13,04-05-17_17.04 10degC_Cycle_3_Pan18650PF,ood(10C),4.130104789580816,2.0487996094153766,3.331171640553449,-6.240809683332705
A2-4,42,04-05-17_17.04 10degC_Cycle_3_Pan18650PF,ood(10C),4.728131915504067,2.5165677474484394,3.331171640553449,-6.240809683332705
A2-4,7,04-05-17_22.50 10degC_Cycle_4_Pan18650PF,ood(10C),3.043312354874079,1.8389816681395124,2.989288180321474,-6.106025821455252
A2-4,13,04-05-17_22.50 10degC_Cycle_4_Pan18650PF,ood(10C),2.5964745613257376,1.6583425034438817,2.989288180321474,-6.106025821455252
A2-4,42,04-05-17_22.50 10degC_Cycle_4_Pan18650PF,ood(10C),3.005420524895651,1.7569563020494112,2.989288180321474,-6.106025821455252
A2-4,7,05-30-17_12.56 0degC_Cycle_1_Pan18650PF,ood(0C),10.250944095666329,4.537030480602281,6.729599921017849,-9.999999999999998
A2-4,13,05-30-17_12.56 0degC_Cycle_1_Pan18650PF,ood(0C),9.768153071025898,3.9686129976342763,6.729599921017849,-9.999999999999998
A2-4,42,05-30-17_12.56 0degC_Cycle_1_Pan18650PF,ood(0C),9.827701383422768,4.382782666515675,6.729599921017849,-9.999999999999998
A2-4,7,05-30-17_20.16 0degC_Cycle_2_Pan18650PF,ood(0C),10.415690666514168,4.944506669859564,6.725970317767637,-9.999999999999998
A2-4,13,05-30-17_20.16 0degC_Cycle_2_Pan18650PF,ood(0C),9.930367634756935,4.374445366103735,6.725970317767637,-9.999999999999998
A2-4,42,05-30-17_20.16 0degC_Cycle_2_Pan18650PF,ood(0C),10.033092336594773,4.872470193069703,6.725970317767637,-9.999999999999998
A2-4,7,06-01-17_10.36 0degC_LA92_Pan18650PF,ood(0C),6.1520179374622215,2.2030384968158625,3.0468047145479455,-11.074208085912963
A2-4,13,06-01-17_10.36 0degC_LA92_Pan18650PF,ood(0C),5.468021792238852,1.4783517884271609,3.0468047145479455,-11.074208085912963
A2-4,42,06-01-17_10.36 0degC_LA92_Pan18650PF,ood(0C),6.0392129334173035,1.8298000284249893,3.0468047145479455,-11.074208085912963
A2-4,7,06-01-17_10.36 0degC_NN_Pan18650PF,ood(0C),5.166626566719225,1.716581854510668,2.7624604243027626,-11.074208085912963
A2-4,13,06-01-17_10.36 0degC_NN_Pan18650PF,ood(0C),4.562564440541035,1.0856141920383915,2.7624604243027626,-11.074208085912963
A2-4,42,06-01-17_10.36 0degC_NN_Pan18650PF,ood(0C),5.021678384181992,1.2608862581255391,2.7624604243027626,-11.074208085912963
A2-4,7,06-01-17_15.36 0degC_Cycle_3_Pan18650PF,ood(0C),10.32020790523864,6.190745736548816,5.634410998265491,-11.07468541835347
A2-4,13,06-01-17_15.36 0degC_Cycle_3_Pan18650PF,ood(0C),9.770172572333067,5.740751495152473,5.634410998265491,-11.07468541835347
A2-4,42,06-01-17_15.36 0degC_Cycle_3_Pan18650PF,ood(0C),10.234910860451253,6.2006165523151155,5.634410998265491,-11.07468541835347
A2-4,7,06-01-17_22.03 0degC_Cycle_4_Pan18650PF,ood(0C),8.567417141828667,3.1760304337166865,5.958787032863268,-11.074733151597504
A2-4,13,06-01-17_22.03 0degC_Cycle_4_Pan18650PF,ood(0C),7.783121255375798,2.5901230294630824,5.958787032863268,-11.074733151597504
A2-4,42,06-01-17_22.03 0degC_Cycle_4_Pan18650PF,ood(0C),8.52087224832601,2.99856584494311,5.958787032863268,-11.074733151597504
A2-4,7,06-02-17_04.58 0degC_US06_Pan18650PF,ood(0C),11.12224384154253,6.152574633929651,6.351790690982977,-11.174825165035795
A2-4,13,06-02-17_04.58 0degC_US06_Pan18650PF,ood(0C),10.324373406444408,5.442694468642325,6.351790690982977,-11.174825165035795
A2-4,42,06-02-17_04.58 0degC_US06_Pan18650PF,ood(0C),11.09715773769593,6.253104130825793,6.351790690982977,-11.174825165035795
A2-4,7,06-02-17_10.43 0degC_HWFET_Pan18650PF,ood(0C),11.775380991045282,6.479712301493698,6.001956946226094,-11.174632502279936
A2-4,13,06-02-17_10.43 0degC_HWFET_Pan18650PF,ood(0C),11.393751985044949,6.140708006413251,6.001956946226094,-11.174632502279936
A2-4,42,06-02-17_10.43 0degC_HWFET_Pan18650PF,ood(0C),11.729703674977522,6.447561849524245,6.001956946226094,-11.174632502279936
A2-4,7,06-02-17_17.14 0degC_UDDS_Pan18650PF,ood(0C),8.495901055972665,3.606109041208134,5.719143120558255,-11.174921496413715
A2-4,13,06-02-17_17.14 0degC_UDDS_Pan18650PF,ood(0C),7.768793900301191,3.107711313244428,5.719143120558255,-11.174921496413715
A2-4,42,06-02-17_17.14 0degC_UDDS_Pan18650PF,ood(0C),8.397103880983511,3.3606137937806624,5.719143120558255,-11.174921496413715
A2-4,7,06-07-17_08.39 n10degC_HWFET_Pan18650PF,ood(-10C),7.063890151816619,3.3786240708845545,2.2577113618896774,-10.21978573089678
A2-4,13,06-07-17_08.39 n10degC_HWFET_Pan18650PF,ood(-10C),6.433513486350414,2.5419912541187517,2.2577113618896774,-10.21978573089678
A2-4,42,06-07-17_08.39 n10degC_HWFET_Pan18650PF,ood(-10C),6.791713543053409,2.8927327695118863,2.2577113618896774,-10.21978573089678
A2-4,7,06-07-17_08.39 n10degC_LA92_Pan18650PF,ood(-10C),7.668138538923565,3.703602605016103,2.5846892730178803,-10.219534019476162
A2-4,13,06-07-17_08.39 n10degC_LA92_Pan18650PF,ood(-10C),7.005357662256448,2.8800095347974604,2.5846892730178803,-10.219534019476162
A2-4,42,06-07-17_08.39 n10degC_LA92_Pan18650PF,ood(-10C),7.479795978643354,3.347309852404746,2.5846892730178803,-10.219534019476162
A2-4,7,06-07-17_08.39 n10degC_UDDS_Pan18650PF,ood(-10C),9.262863764924436,4.915900392175676,3.1674627997580016,-10.2196347040444
A2-4,13,06-07-17_08.39 n10degC_UDDS_Pan18650PF,ood(-10C),8.617922962573747,4.163933190630608,3.1674627997580016,-10.2196347040444
A2-4,42,06-07-17_08.39 n10degC_UDDS_Pan18650PF,ood(-10C),9.047993737902065,4.576732453240107,3.1674627997580016,-10.2196347040444
A2-4,7,06-07-17_08.39 n10degC_US06_Pan18650PF,ood(-10C),4.611619658486152,1.8499306114096385,1.6975616341907362,-10.21978573089678
A2-4,13,06-07-17_08.39 n10degC_US06_Pan18650PF,ood(-10C),3.92274459118567,0.6495509707978666,1.6975616341907362,-10.21978573089678
A2-4,42,06-07-17_08.39 n10degC_US06_Pan18650PF,ood(-10C),4.340386105759169,0.996374557718803,1.6975616341907362,-10.21978573089678
A2-4,7,06-10-17_11.25 n10degC_Cycle_1_Pan18650PF,ood(-10C),12.157692249926157,6.480490007504022,5.49463967564866,-10.48700175513373
A2-4,13,06-10-17_11.25 n10degC_Cycle_1_Pan18650PF,ood(-10C),11.42459361856203,5.721613269660085,5.49463967564866,-10.48700175513373
A2-4,42,06-10-17_11.25 n10degC_Cycle_1_Pan18650PF,ood(-10C),11.999987546655213,6.270814361634309,5.49463967564866,-10.48700175513373
A2-4,7,06-10-17_18.35 n10degC_Cycle_2_Pan18650PF,ood(-10C),17.482845296325586,11.725323399014744,5.796838504296095,-10.487156734691784
A2-4,13,06-10-17_18.35 n10degC_Cycle_2_Pan18650PF,ood(-10C),16.726505411898643,10.964838539218489,5.796838504296095,-10.487156734691784
A2-4,42,06-10-17_18.35 n10degC_Cycle_2_Pan18650PF,ood(-10C),17.44326915076681,11.64781144225245,5.796838504296095,-10.487156734691784
A2-4,7,06-11-17_01.39 n10degC_Cycle_3_Pan18650PF,ood(-10C),17.850545269287842,12.211503515784775,5.799385957850039,-10.57671076047112
A2-4,13,06-11-17_01.39 n10degC_Cycle_3_Pan18650PF,ood(-10C),17.16391374501958,11.536397926536415,5.799385957850039,-10.57671076047112
A2-4,42,06-11-17_01.39 n10degC_Cycle_3_Pan18650PF,ood(-10C),17.75317881770451,12.086993857724563,5.799385957850039,-10.57671076047112
A2-4,7,06-11-17_08.42 n10degC_Cycle_4_Pan18650PF,ood(-10C),11.053469263953197,4.933075518026644,5.481903745364333,-10.576554457480636
A2-4,13,06-11-17_08.42 n10degC_Cycle_4_Pan18650PF,ood(-10C),10.254435591794023,4.093939003496641,5.481903745364333,-10.576554457480636
A2-4,42,06-11-17_08.42 n10degC_Cycle_4_Pan18650PF,ood(-10C),10.977791487621733,4.800203256633691,5.481903745364333,-10.576554457480636
A2-4,7,06-14-17_13.12 n10degC_NN_Pan18650PF,ood(-10C),16.946243010656335,11.07128501942867,5.9804189175296285,-10.847320553823481
A2-4,13,06-14-17_13.12 n10degC_NN_Pan18650PF,ood(-10C),16.227550747088333,10.347905061287689,5.9804189175296285,-10.847320553823481
A2-4,42,06-14-17_13.12 n10degC_NN_Pan18650PF,ood(-10C),16.940604165773536,11.03589389103378,5.9804189175296285,-10.847320553823481
A2-4,7,06-23-17_23.35 n20degC_HWFET_Pan18650PF,ood(-20C),5.2989862893945885,2.5386378822825537,1.9857750186013379,-10.000185817321706
A2-4,13,06-23-17_23.35 n20degC_HWFET_Pan18650PF,ood(-20C),4.38832648994433,1.0375433503920608,1.9857750186013379,-10.000185817321706
A2-4,42,06-23-17_23.35 n20degC_HWFET_Pan18650PF,ood(-20C),4.676587587772817,1.2060056072381071,1.9857750186013379,-10.000185817321706
A2-4,7,06-23-17_23.35 n20degC_LA92_Pan18650PF,ood(-20C),6.072483080924121,2.7715938406595,2.317435498013663,-10.000473178983116
A2-4,13,06-23-17_23.35 n20degC_LA92_Pan18650PF,ood(-20C),5.214587008938484,1.408557486689834,2.317435498013663,-10.000473178983116
A2-4,42,06-23-17_23.35 n20degC_LA92_Pan18650PF,ood(-20C),5.537461335690247,1.6712522736602882,2.317435498013663,-10.000473178983116
A2-4,7,06-23-17_23.35 n20degC_NN_Pan18650PF,ood(-20C),4.8498318150604645,2.1871616324645076,2.2019520752785042,-10.000875485309102
A2-4,13,06-23-17_23.35 n20degC_NN_Pan18650PF,ood(-20C),3.9813069592215173,0.8655021643080898,2.2019520752785042,-10.000875485309102
A2-4,42,06-23-17_23.35 n20degC_NN_Pan18650PF,ood(-20C),4.286607478786678,0.8546822100178554,2.2019520752785042,-10.000875485309102
A2-4,7,06-23-17_23.35 n20degC_UDDS_Pan18650PF,ood(-20C),9.978796731745545,5.897102690770356,2.8592512316515672,-10.000645595979973
A2-4,13,06-23-17_23.35 n20degC_UDDS_Pan18650PF,ood(-20C),9.222675071858372,4.988622018608048,2.8592512316515672,-10.000645595979973
A2-4,42,06-23-17_23.35 n20degC_UDDS_Pan18650PF,ood(-20C),9.539118393232547,5.2918616622047665,2.8592512316515672,-10.000645595979973
A2-4,7,06-24-17_04.29 n20degC_Cycle_1_Pan18650PF,ood(-20C),22.949378612539384,17.64285080258065,5.435531125644522,-10.079387029579545
A2-4,13,06-24-17_04.29 n20degC_Cycle_1_Pan18650PF,ood(-20C),22.253849569083183,16.930107806144477,5.435531125644522,-10.079387029579545
A2-4,42,06-24-17_04.29 n20degC_Cycle_1_Pan18650PF,ood(-20C),22.75695655161021,17.432699962409774,5.435531125644522,-10.079387029579545
A2-4,7,06-24-17_11.58 n20degC_Cycle_2_Pan18650PF,ood(-20C),22.012306150154366,16.01806403106786,5.9313758743259655,-10.079329103066604
A2-4,13,06-24-17_11.58 n20degC_Cycle_2_Pan18650PF,ood(-20C),21.326826112135087,15.31146880002277,5.9313758743259655,-10.079329103066604
A2-4,42,06-24-17_11.58 n20degC_Cycle_2_Pan18650PF,ood(-20C),21.96483599899,15.930282724625389,5.9313758743259655,-10.079329103066604
A2-4,7,06-24-17_19.29 n20degC_Cycle_3_Pan18650PF,ood(-20C),22.271790966292414,16.10868896259035,6.15530001503126,-10.079329103066604
A2-4,13,06-24-17_19.29 n20degC_Cycle_3_Pan18650PF,ood(-20C),21.54231992803211,15.367372442769968,6.15530001503126,-10.079329103066604
A2-4,42,06-24-17_19.29 n20degC_Cycle_3_Pan18650PF,ood(-20C),22.216975912906914,16.031071300030035,6.15530001503126,-10.079329103066604
A2-4,7,06-25-17_03.01 n20degC_Cycle_4_Pan18650PF,ood(-20C),18.688292593057433,13.518330436970992,5.288879319130292,-10.158944757591382
A2-4,13,06-25-17_03.01 n20degC_Cycle_4_Pan18650PF,ood(-20C),17.853254694607315,12.649481403749977,5.288879319130292,-10.158944757591382
A2-4,42,06-25-17_03.01 n20degC_Cycle_4_Pan18650PF,ood(-20C),18.504651573099075,13.274914089132034,5.288879319130292,-10.158944757591382
A2-4,7,06-25-17_10.31 n20degC_US06_Pan18650PF,ood(-20C),22.45435700803042,15.936319126306987,6.318670329688938,-10.159119902752101
A2-4,13,06-25-17_10.31 n20degC_US06_Pan18650PF,ood(-20C),21.591646021217564,15.036193532387786,6.318670329688938,-10.159119902752101
A2-4,42,06-25-17_10.31 n20degC_US06_Pan18650PF,ood(-20C),22.52166398999667,15.987852433579633,6.318670329688938,-10.159119902752101
