cycle_id,eval_group,Cn_S1,Cn_nom,A_vs_nom,A_vs_S1,B_vs_nom,B_vs_S1,EKF_published_vs_nom
03-18-17_02.17 25degC_Cycle_1_Pan18650PF,test_id(25C),2.757608462559969,2.9,2.7395506333417683,0.5571104578059625,3.340479645149462,0.7430764690251508,2.7395506333417683
03-19-17_03.25 25degC_Cycle_2_Pan18650PF,test_id(25C),2.754805361784307,2.9,2.7066839268581155,0.797337448919585,3.2707118643431357,0.6624578467340908,2.7066839268581155
03-19-17_09.07 25degC_Cycle_3_Pan18650PF,test_id(25C),2.754805361784307,2.9,2.4878474949368163,0.5724107551640084,3.2208874079705634,0.6125921432158454,2.4878474949368163
03-19-17_14.31 25degC_Cycle_4_Pan18650PF,test_id(25C),2.754805361784307,2.9,3.0028440638054006,0.9030597407937089,3.4942263203968658,0.8448686169284794,3.0028440638054006
03-27-17_09.06 10degC_HWFET_Pan18650PF,ood(10C),2.7323805555790135,2.9,4.9070738149558375,2.400298463177968,5.766471524211717,3.262084463783361,4.9070738149558375
03-27-17_09.06 10degC_LA92_Pan18650PF,ood(10C),2.7323805555790135,2.9,4.319895029226218,1.8369638105324104,4.989720233468007,2.505015219916238,4.319895029226218
03-27-17_09.06 10degC_NN_Pan18650PF,ood(10C),2.7323805555790135,2.9,3.8376637920818157,1.3840404944504885,4.594762236394009,2.123746862510454,3.8376637920818157
03-27-17_09.06 10degC_UDDS_Pan18650PF,ood(10C),2.7323805555790135,2.9,3.2887552927018113,0.7487833604881585,3.7368367830813654,1.1210061738729657,3.2887552927018113
03-27-17_09.06 10degC_US06_Pan18650PF,ood(10C),2.7323805555790135,2.9,5.550873072733233,2.573668417054777,7.12531039881502,4.134282135431091,5.550873072733233
03-28-17_12.51 10degC_Cycle_1_Pan18650PF,ood(10C),2.729577454803352,2.9,4.629360022145899,1.863397902965672,5.637150693752746,2.8530964982624556,4.629360022145899
03-28-17_18.18 10degC_Cycle_2_Pan18650PF,ood(10C),2.729577454803352,2.9,5.5629375368241405,3.0730009233732822,6.472658246265535,3.9488127554084946,5.5629375368241405
04-05-17_17.04 10degC_Cycle_3_Pan18650PF,ood(10C),2.7071526485980586,2.9,5.992050092323416,2.6338269743100806,7.079863049384168,3.657816222891493,5.992050092323416
04-05-17_22.50 10degC_Cycle_4_Pan18650PF,ood(10C),2.7071526485980586,2.9,4.294460354824011,1.0916520457532057,5.277230656670037,2.03297904086295,4.294460354824011
05-30-17_12.56 0degC_Cycle_1_Pan18650PF,ood(0C),2.552982105936666,2.9,11.794908649707837,4.933738562005145,13.79227643059394,6.95861146528006,11.794908649707837
05-30-17_20.16 0degC_Cycle_2_Pan18650PF,ood(0C),2.552982105936666,2.9,11.904937634836397,5.29834232225041,14.163053357032473,7.462393134044293,11.904937634836397
06-01-17_10.36 0degC_LA92_Pan18650PF,ood(0C),2.547375904385343,2.9,6.672680156935701,2.0937182386322757,8.760263625056291,4.161637923008929,6.672680156935701
06-01-17_10.36 0degC_NN_Pan18650PF,ood(0C),2.547375904385343,2.9,5.798505068796094,1.4560737033878521,7.96058504128638,3.5755395818327838,5.798505068796094
06-01-17_15.36 0degC_Cycle_3_Pan18650PF,ood(0C),2.547375904385343,2.9,11.003331129311043,6.150837220199187,13.205041362770023,8.188243839024047,11.003331129311043
06-01-17_22.03 0degC_Cycle_4_Pan18650PF,ood(0C),2.547375904385343,2.9,9.492065878108589,3.1654652874303575,12.656981488411711,6.147681499210222,9.492065878108589
06-02-17_04.58 0degC_US06_Pan18650PF,ood(0C),2.544572803609681,2.9,12.463619713245782,6.6826573391812545,14.800431230490503,9.079704482848658,12.463619713245782
06-02-17_10.43 0degC_HWFET_Pan18650PF,ood(0C),2.544572803609681,2.9,13.113545252606858,7.208479723156943,15.948713855144764,9.897595170190625,13.113545252606858
06-02-17_17.14 0degC_UDDS_Pan18650PF,ood(0C),2.544572803609681,2.9,8.99386602164477,3.1878957958247045,11.14109358849454,5.055176712140317,8.99386602164477
06-07-17_08.39 n10degC_HWFET_Pan18650PF,ood(-10C),2.5305572997313726,2.9,7.35324354699834,3.397839444507742,9.883222697551,5.913156994840493,7.35324354699834
06-07-17_08.39 n10degC_LA92_Pan18650PF,ood(-10C),2.5305572997313726,2.9,7.847711700265142,3.658830189324372,10.29881014435756,6.096676452457808,7.847711700265142
06-07-17_08.39 n10degC_UDDS_Pan18650PF,ood(-10C),2.5305572997313726,2.9,9.29264444685814,4.720673581922006,11.39267840493288,6.81406029345858,9.29264444685814
06-07-17_08.39 n10degC_US06_Pan18650PF,ood(-10C),2.5305572997313726,2.9,4.971117657493705,1.5704826730525572,7.452553337724494,3.9771939077340654,4.971117657493705
06-10-17_11.25 n10degC_Cycle_1_Pan18650PF,ood(-10C),2.522147997404388,2.9,12.556589785123645,6.588545720130427,15.726692488975393,9.665505581140584,12.556589785123645
06-10-17_18.35 n10degC_Cycle_2_Pan18650PF,ood(-10C),2.522147997404388,2.9,18.117217206873395,12.151012853347595,21.052088107976385,14.956364533108026,18.117217206873395
06-11-17_01.39 n10degC_Cycle_3_Pan18650PF,ood(-10C),2.519344896628726,2.9,18.415216987890794,12.625603854519445,20.937959156775683,15.037445664374939,18.415216987890794
06-11-17_08.42 n10degC_Cycle_4_Pan18650PF,ood(-10C),2.519344896628726,2.9,11.62136701925029,5.343130258337107,15.228973660681277,8.924250589508238,11.62136701925029
06-14-17_13.12 n10degC_NN_Pan18650PF,ood(-10C),2.510935594301741,2.9,17.63327270431421,11.518959889393459,21.073240958305654,14.800783636161574,17.63327270431421
06-23-17_23.35 n20degC_HWFET_Pan18650PF,ood(-20C),2.4857076873207857,2.9,4.836625075837714,1.3379284112174061,7.708885168295331,4.00776256441626,4.836625075837714
06-23-17_23.35 n20degC_LA92_Pan18650PF,ood(-20C),2.4857076873207857,2.9,5.575738249441533,1.6982445569630522,8.544011871112636,4.573625444680223,5.575738249441533
06-23-17_23.35 n20degC_NN_Pan18650PF,ood(-20C),2.4857076873207857,2.9,4.420842799982319,1.1011596826602352,7.510979238480045,3.6050056854302324,4.420842799982319
06-23-17_23.35 n20degC_UDDS_Pan18650PF,ood(-20C),2.4857076873207857,2.9,9.457568946753392,5.156307954004598,12.279281435694044,7.941255513796511,9.457568946753392
06-24-17_04.29 n20degC_Cycle_1_Pan18650PF,ood(-20C),2.482904586545124,2.9,23.046308852494782,17.624970581858985,26.74822105526062,21.23402090037134,23.046308852494782
06-24-17_11.58 n20degC_Cycle_2_Pan18650PF,ood(-20C),2.482904586545124,2.9,22.324844882398732,16.209577889963267,25.66891745488061,19.506232764793317,22.324844882398732
06-24-17_19.29 n20degC_Cycle_3_Pan18650PF,ood(-20C),2.482904586545124,2.9,22.530333163149347,16.31068372811738,26.02326469230408,19.783373225861787,22.530333163149347
06-25-17_03.01 n20degC_Cycle_4_Pan18650PF,ood(-20C),2.4801014857694623,2.9,18.61126149021963,13.22773424164669,22.61424625674315,17.03037205224529,18.61126149021963
06-25-17_10.31 n20degC_US06_Pan18650PF,ood(-20C),2.4801014857694623,2.9,23.590572256056397,17.017785455657066,27.100438624611723,20.502865927351937,23.590572256056397
