temperature_c,cycle_id,kind,soc,i_pulse_A,v_rest_V,r0_ohm,v_eq_V,v_amp_mV,tau_s,r1_ohm,c1_F
-20.0,06-15-17_11.31 n20degC_5Pulse_HPPC_Pan18650PF,1,1.0,1.3221913376255499,4.17884,0.10024919716366659,4.165570184476463,233.43424139384967,12.69650821547471,0.17655102915215076,71.91409914995695
-20.0,06-15-17_11.31 n20degC_5Pulse_HPPC_Pan18650PF,1,0.9986137931034482,2.6497225689793855,4.169073335023089,0.07561831809445234,4.146720359494184,253.0979833029546,13.445396216180782,0.09551867288523051,140.76196632606025
-20.0,06-15-17_11.31 n20degC_5Pulse_HPPC_Pan18650PF,1,0.9958344827586209,5.313038803437528,4.153099999999999,0.07463927938523258,4.1200196905082915,259.45482705827226,16.207085707345758,0.048833602888502414,331.8838821774017
-20.0,06-15-17_11.31 n20degC_5Pulse_HPPC_Pan18650PF,1,0.9501144045424006,1.449909464028185,4.049721869108696,0.22220559311226562,4.049228885810716,178.78877756015748,5.723080824859732,0.1233103045368369,46.4120240912231
-20.0,06-15-17_11.31 n20degC_5Pulse_HPPC_Pan18650PF,1,0.9485965517241378,2.8996055200930564,4.057068931128951,0.1979189094445644,4.048500067395537,179.78193536916763,11.97877584262541,0.06200220482522668,193.1991914866814
-20.0,06-15-17_11.31 n20degC_5Pulse_HPPC_Pan18650PF,1,0.9458206896551722,5.799362216828635,4.057187277728907,0.16332600863863725,4.040609605506286,126.61602270933867,57.200664059332574,0.02183274952923673,2619.947798271302
-20.0,06-15-17_11.31 n20degC_5Pulse_HPPC_Pan18650PF,1,0.9000625381085913,1.4499554300277382,4.005818773657664,0.2622153175036874,4.004938538623807,47.283016508118514,63.3115510187536,0.03260997926482056,1941.4778066741583
-20.0,06-15-17_11.31 n20degC_5Pulse_HPPC_Pan18650PF,1,0.898610344827586,2.899410812247858,4.00962,0.21844882990394984,4.002982188261629,65.70298807095362,85.4614518395133,0.022660806738185317,3771.333158033767
-20.0,06-15-17_11.31 n20degC_5Pulse_HPPC_Pan18650PF,1,0.8958344827586205,5.799052322500012,4.008359882567771,0.17202721399463236,3.994424743527428,84.93690260021276,125.82618227722584,0.014646686713044843,8590.760814537032
-20.0,06-15-17_11.31 n20degC_5Pulse_HPPC_Pan18650PF,1,0.8002132887581102,1.3227680121209315,3.8760861121245815,0.003780946875648902,3.881367990066814,27.125030943987586,165.6515023897236,0.020506264662762144,8078.092481198413
-20.0,06-15-17_11.31 n20degC_5Pulse_HPPC_Pan18650PF,1,0.7986068965517243,2.8993963681720616,3.884929718999543,0.19461118871093402,3.8841153325067963,48.33886520215207,99.38572999503181,0.016672044475460092,5961.220301524483
-20.0,06-15-17_11.31 n20degC_5Pulse_HPPC_Pan18650PF,1,0.7958310344827588,5.799329529640775,3.889309999999999,0.15888836991547212,3.8824247997140655,70.14265381446745,126.59524559871399,0.012094959159668973,10466.777434094187
-20.0,06-15-17_11.31 n20degC_5Pulse_HPPC_Pan18650PF,1,0.7002039733137158,1.4499306773324447,3.791162096308889,0.20034892085531833,3.7959800411624562,25.84472592963079,164.3205994587835,0.017824801098201077,9218.649821308085
-20.0,06-15-17_11.31 n20degC_5Pulse_HPPC_Pan18650PF,1,0.698610344827586,2.899488814214671,3.7998800000000004,0.17760656031085223,3.798318187737495,44.71445449576804,103.16538709915545,0.015421495774205629,6689.713411050075
-20.0,06-15-17_11.31 n20degC_5Pulse_HPPC_Pan18650PF,1,0.6958310344827584,5.799164843492622,3.802803969076658,0.1480573075379557,3.79323259261695,73.54172439671528,94.8318137060958,0.01268143368596224,7478.004147990792
-20.0,06-15-17_11.31 n20degC_5Pulse_HPPC_Pan18650PF,1,0.6002164337837342,1.3246516139924187,3.6984622142000774,0.034710361554163,3.7060641729569386,23.236256307302313,286.6155739426506,0.01754140942558448,16339.369715903005
-20.0,06-15-17_11.31 n20degC_5Pulse_HPPC_Pan18650PF,1,0.5986103448275863,2.648307094886658,3.70787,0.019936918606129773,3.707542104564648,35.19569156784026,159.75751650454447,0.013289883048607154,12020.987387190578
-20.0,06-15-17_11.31 n20degC_5Pulse_HPPC_Pan18650PF,1,0.5958310344827588,5.303353304389691,3.710449999999999,0.009262118367578504,3.7013205220696808,61.97170162290862,114.08091444497362,0.011685380563202043,9762.704246382971
-20.0,06-15-17_11.31 n20degC_5Pulse_HPPC_Pan18650PF,1,0.5002141064647132,1.4456392268647533,3.6115853607882613,0.11114374652402163,3.6182111020060446,29.61005095354524,157.17142037893126,0.020482323945900653,7673.515016853723
-20.0,06-15-17_11.31 n20degC_5Pulse_HPPC_Pan18650PF,1,0.4985965517241378,2.898652285581263,3.6222999999999996,0.10152020774693839,3.6178387394550255,332.02659377632034,1.3680580778332148,0.11454516135926923,11.94339474141837
-20.0,06-15-17_11.31 n20degC_5Pulse_HPPC_Pan18650PF,1,0.495793103448276,5.802462249012241,3.625519999999999,0.10195915665658661,3.612396053384618,493.771782420919,1.4922213506376807,0.08509694009727926,17.5355465065117
-20.0,06-15-17_11.31 n20degC_5Pulse_HPPC_Pan18650PF,1,0.40021114466439583,1.44479331709598,3.536297134147094,0.10427165770245071,3.5407069717196333,292.523021282768,1.6432824555870593,0.20246703651061757,8.116296281646243
-20.0,06-15-17_11.31 n20degC_5Pulse_HPPC_Pan18650PF,1,0.3986068965517242,2.897908833940811,3.5495999999999994,0.08824822357774156,3.54638563574014,478.2692620862761,1.360008302697959,0.1650394437826006,8.240504642571626
-20.0,06-15-17_11.31 n20degC_5Pulse_HPPC_Pan18650PF,1,0.30021464394398467,1.4482139921146906,3.465486534271607,0.1420028220917084,3.466223121718412,335.05372243244483,4.330938545701181,0.23135650135737015,18.719761581332424
-20.0,06-15-17_11.31 n20degC_5Pulse_HPPC_Pan18650PF,1,0.29859310344827583,2.899182190263807,3.473029999999999,0.13037012626124664,3.4702362971807865,484.971245622426,4.330818564558101,0.1672786371450139,25.889848449707976
-20.0,06-15-17_11.31 n20degC_5Pulse_HPPC_Pan18650PF,1,0.2501219382439736,1.4499113345131733,3.4352860229232247,0.25141357421813015,3.434414501266673,349.1929160082822,9.298020587343885,0.24083742756968538,38.60704160964989
-10.0,06-07-17_12.29 n10degC_5pulse_HPPC_Pan18650PF,1,1.0,1.3188831114254522,4.17176,0.06480687454375626,4.161711195937179,144.12585430129752,5.734253788066305,0.10927871700891365,52.473655850100926
-10.0,06-07-17_12.29 n10degC_5pulse_HPPC_Pan18650PF,1,0.9986103448275864,2.6496544786259046,4.164680000000001,0.05440663197151919,4.148331373530162,142.96668386486704,9.4062482145318,0.05395672719524121,174.32948037221573
-10.0,06-07-17_12.29 n10degC_5pulse_HPPC_Pan18650PF,1,0.9958344827586209,5.311747178415423,4.153099999999999,0.0469629573673879,4.129496483297852,96.64596670483506,43.03993532928547,0.018194760303645714,2365.5126317141694
-10.0,06-07-17_12.29 n10degC_5pulse_HPPC_Pan18650PF,1,0.9902793103448277,10.610932726655104,4.13508,0.029464934165095154,4.103983860724558,129.67112145471506,56.523596024928125,0.012220520551315514,4625.301826348426
-10.0,06-07-17_12.29 n10degC_5pulse_HPPC_Pan18650PF,1,0.9500916425377611,1.3196162403065932,4.073398467307411,0.03737426924857966,4.073728498087022,22.149173417539615,108.3945113070729,0.01678455655592234,6457.99076942706
-10.0,06-07-17_12.29 n10degC_5pulse_HPPC_Pan18650PF,1,0.9486137931034482,2.6552393637794514,4.07589,0.027936510513658624,4.072322560415195,43.21835542114002,70.722214175602,0.01627663253667017,4345.0151016354
-10.0,06-07-17_12.29 n10degC_5pulse_HPPC_Pan18650PF,1,0.9458344827586207,5.293326295725466,4.074823250527308,0.015787998257336303,4.065385794989286,70.03893145982248,80.83881853611312,0.01323155376164534,6109.5484319039515
-10.0,06-07-17_12.29 n10degC_5pulse_HPPC_Pan18650PF,1,0.9402793103448276,10.593958986098558,4.0688200000000005,0.004957911701758392,4.047839899364541,113.71624525549865,76.49012835340851,0.010734065084140652,7125.9236602189985
-10.0,06-07-17_12.29 n10degC_5pulse_HPPC_Pan18650PF,1,0.900047512384606,1.3265640720904184,4.031544978514393,0.03946091323425005,4.030118014656355,23.065324694023182,82.54216149474044,0.01738726773873539,4747.276152586806
-10.0,06-07-17_12.29 n10degC_5pulse_HPPC_Pan18650PF,1,0.898610344827586,2.659396622384695,4.031756812080856,0.023745409534242395,4.027230000829819,44.04674260773678,74.238289639004,0.01656268276682996,4482.262365592174
-10.0,06-07-17_12.29 n10degC_5pulse_HPPC_Pan18650PF,1,0.8958344827586205,5.286996651946754,4.029310578521811,0.011819364046326079,4.019577309466533,69.27556817037313,95.49291311311602,0.013103009653857979,7287.861005658315
-10.0,06-07-17_12.29 n10degC_5pulse_HPPC_Pan18650PF,1,0.8902793103448273,10.585039581272,4.022490000000001,0.002675882744180792,4.0001546389741165,104.63960566258909,93.16057601889543,0.00988561307297583,9423.854173856678
-10.0,06-07-17_12.29 n10degC_5pulse_HPPC_Pan18650PF,1,0.8001923913703091,1.4493011896655397,3.9107801978068344,0.10631521892747486,3.9167307404407885,24.963971376782652,186.50617247815566,0.017224833288478618,10827.749061751809
-10.0,06-07-17_12.29 n10degC_5pulse_HPPC_Pan18650PF,1,0.7986137931034485,2.899185690664831,3.919982619517697,0.09998321101978554,3.918058928978203,49.19818631425831,85.29216413535555,0.016969656849739886,5026.1572694478455
-10.0,06-07-17_12.29 n10degC_5pulse_HPPC_Pan18650PF,1,0.7958379310344829,5.799763219341865,3.9214800000000007,0.09287411034166691,3.9132608147756414,69.44135597217202,112.01589257415826,0.01197313637573845,9355.60149478792
-10.0,06-07-17_12.29 n10degC_5pulse_HPPC_Pan18650PF,1,0.7902793103448278,11.599610191980894,3.9171270884377467,0.07935962822015194,3.896608751373765,99.94586054002869,99.72699330734075,0.008616312004098535,11574.20869391724
-10.0,06-07-17_12.29 n10degC_5pulse_HPPC_Pan18650PF,1,0.7001842767480473,1.4497351497986966,3.820640999820593,0.11490126869507777,3.8224943252846844,19.57597807551833,122.10222666290657,0.013503140955254176,9042.505522790656
-10.0,06-07-17_12.29 n10degC_5pulse_HPPC_Pan18650PF,1,0.6985931034482756,2.899387767907249,3.8256099999999993,0.109570689268618,3.824465196487253,36.438903969578874,103.0280854806752,0.012567792543278935,8197.786932421403
-10.0,06-07-17_12.29 n10degC_5pulse_HPPC_Pan18650PF,1,0.6958172413793101,5.799251359433664,3.8281683415181353,0.09857908530077687,3.820999267259057,56.10596553793424,125.02511163202756,0.009674691104165791,12922.904750746351
-10.0,06-07-17_12.29 n10degC_5pulse_HPPC_Pan18650PF,1,0.6902586206896549,11.599784631821384,3.825696667844775,0.08426493019934707,3.804300080429383,89.9532927967517,87.16901352507755,0.007754738182809463,11240.742301050466
-10.0,06-07-17_12.29 n10degC_5pulse_HPPC_Pan18650PF,1,0.6001871431528255,1.4497488517410997,3.7249816625696752,0.10876021271203433,3.726263739071716,16.642661846314432,136.01179786958383,0.011479686172075359,11848.041473506144
-10.0,06-07-17_12.29 n10degC_5pulse_HPPC_Pan18650PF,1,0.5986068965517243,2.8992512529198704,3.7281700811146865,0.10484769084532931,3.7248647332959663,31.63687533989276,81.73220982176896,0.010912084734991797,7490.063705212824
-10.0,06-07-17_12.29 n10degC_5pulse_HPPC_Pan18650PF,1,0.5958310344827588,5.799197886467894,3.727819999999999,0.09467800061256262,3.717808363833037,55.60164884014402,73.37358950472228,0.009587817130691017,7652.794009790846
-10.0,06-07-17_12.29 n10degC_5pulse_HPPC_Pan18650PF,1,0.5902724137931034,11.599513593410162,3.7226699999999986,0.08178929279731319,3.7040034620907054,98.3162595910707,64.84272750269089,0.008475895027781637,7650.251364623368
-10.0,06-07-17_12.29 n10degC_5pulse_HPPC_Pan18650PF,1,0.5001895511265616,1.4497273897736578,3.6379423163937714,0.10280980814215679,3.638917097130384,14.770484301808692,131.33861175831473,0.01018845639945781,12890.92347348162
-10.0,06-07-17_12.29 n10degC_5pulse_HPPC_Pan18650PF,1,0.4986068965517241,2.899394640810312,3.6409600000000015,0.09894605061657616,3.6373433810659423,29.396055387347978,71.58947587414426,0.01013868721890597,7061.020261148684
-10.0,06-07-17_12.29 n10degC_5pulse_HPPC_Pan18650PF,1,0.49583103448275867,5.799666978069308,3.640320000000001,0.09138943534868091,3.6316777984576425,54.92695837961847,63.081024851418945,0.00947070902300385,6660.644382400355
-10.0,06-07-17_12.29 n10degC_5pulse_HPPC_Pan18650PF,1,0.4902758620689656,11.400872217449566,3.6358100000000015,0.08066750747133661,3.585990846211717,70.95235191149663,10.040517346771539,0.006223414363236241,1613.345466129362
-10.0,06-07-17_12.29 n10degC_5pulse_HPPC_Pan18650PF,1,0.4002026307592866,1.3237399134556525,3.5728171005923954,0.02504147718204772,3.5756558845657014,13.950174541360935,202.50529435701512,0.01053845577938622,19215.841352499316
-10.0,06-07-17_12.29 n10degC_5pulse_HPPC_Pan18650PF,1,0.3986068965517242,2.6482198779022132,3.5772599999999994,0.01450750451600487,3.5757226948051444,23.346651660070037,122.63987114976523,0.008815979313078821,13911.088807550237
-10.0,06-07-17_12.29 n10degC_5pulse_HPPC_Pan18650PF,1,0.39583103448275864,5.2888878331867595,3.577910000000001,0.006802745134218462,3.569472040213492,46.12205332170153,75.5688814763429,0.008720558041010903,8665.601572853337
-10.0,06-07-17_12.29 n10degC_5pulse_HPPC_Pan18650PF,1,0.3002040869210315,1.449885089291926,3.501494627962877,0.13512417974893892,3.506338535663819,20.97358284296557,168.7565642414911,0.014465686279461187,11665.990882236725
-10.0,06-07-17_12.29 n10degC_5pulse_HPPC_Pan18650PF,1,0.29861034482758625,2.899517513080452,3.509721694641038,0.12626957554075396,3.5062949216110453,133.03630147491265,4.616393484772108,0.04588222036071605,100.61399488688703
-10.0,06-07-17_12.29 n10degC_5pulse_HPPC_Pan18650PF,1,0.2958344827586206,5.799143646079523,3.512280000000001,0.11123285180090921,3.502199691027547,154.01675295152242,10.552900740048418,0.026558533871745796,397.3450037193162
-10.0,06-07-17_12.29 n10degC_5pulse_HPPC_Pan18650PF,1,0.2501113555130294,1.4498130392955666,3.4636079356768996,0.1352651192190164,3.464210803747503,183.7242508721716,3.5204690264406833,0.12672271933865303,27.780882897822
-10.0,06-07-17_12.29 n10degC_5pulse_HPPC_Pan18650PF,1,0.24860689655172402,2.8994226338133755,3.4698199999999995,0.1260948051277301,3.465165224446674,297.661593518509,3.628658541482014,0.10266236803394849,35.34555661410504
-10.0,06-07-17_12.29 n10degC_5pulse_HPPC_Pan18650PF,1,0.20011605543636174,1.4497489401436232,3.4126797883427336,0.17221355641224195,3.41106906713985,323.92142891805577,7.807956685232197,0.22343277511619744,34.94544021651088
-10.0,06-07-17_12.29 n10degC_5pulse_HPPC_Pan18650PF,1,0.19860689655172406,2.895190155700083,3.4158339441829484,0.15648723659856478,3.3859436363366857,464.9756184979826,6.63172090342079,0.16060279066041083,41.29268785523995
0.0,05-20-17_10.44 0degC_5pulse_HPPC_Pan18650PF,1,1.0,1.3317347706903295,4.15889,0.04561498496439155,4.152606144161461,27.483624570531866,24.44193551719891,0.020637461133709994,1184.3479853863685
0.0,05-20-17_10.44 0degC_5pulse_HPPC_Pan18650PF,1,0.9985999999999999,2.6750177956198353,4.154390000000002,0.02619943250501513,4.144548344164156,33.098374158995625,57.152312166979115,0.012373141671502904,4619.062295116929
0.0,05-20-17_10.44 0degC_5pulse_HPPC_Pan18650PF,1,0.9958206896551725,5.301672605076756,4.146691521847521,0.003087829942537075,4.129579535129202,54.52549592200925,57.379735924418924,0.010284583750003146,5579.198664642248
0.0,05-20-17_10.44 0degC_5pulse_HPPC_Pan18650PF,1,0.9902620689655172,11.599552991394628,4.133799999999998,0.08140275298493445,4.1089255668062,95.76916334667602,51.784283167453204,0.00825628051509609,6272.108011927271
0.0,05-20-17_10.44 0degC_5pulse_HPPC_Pan18650PF,1,0.9791517241379313,16.03036067624693,4.1139343460250855,0.07573883933925958,4.062954565955536,133.85011066036796,19.694998938842275,0.00834978784093742,2358.74243921282
0.0,05-20-17_10.44 0degC_5pulse_HPPC_Pan18650PF,1,0.9500447717511915,1.3180728022337813,4.084151448617846,0.046742394268346296,4.084026682260282,13.378619329615955,96.78561411302859,0.010150136856585439,9535.399914360149
0.0,05-20-17_10.44 0degC_5pulse_HPPC_Pan18650PF,1,0.948610344827586,2.6761880415076216,4.085539999999999,0.025130169470048234,4.081162218818714,30.80281780152312,44.33476341499644,0.01150996018357905,3851.860710886529
0.0,05-20-17_10.44 0degC_5pulse_HPPC_Pan18650PF,1,0.9458344827586207,5.799415112325083,4.083675107191509,0.08884781544005824,4.0760546086367855,55.113555769675116,54.986104719700016,0.009503295539673683,5786.003864674937
0.0,05-20-17_10.44 0degC_5pulse_HPPC_Pan18650PF,1,0.9402758620689655,11.599521857432766,4.07911,0.07345677737896687,4.063564452624425,94.144849071676,60.91247012982322,0.008116269810841355,7504.98339131839
0.0,05-20-17_10.44 0degC_5pulse_HPPC_Pan18650PF,1,0.9291586206896552,16.04731645103478,4.068169999999999,0.07005463239787749,4.010848013495436,127.76162590413126,18.554919318815184,0.007961557079899971,2330.5641261631586
0.0,05-20-17_10.44 0degC_5pulse_HPPC_Pan18650PF,1,0.9000149563673563,1.4497918470770579,4.0423747379214605,0.09528234062753145,4.040265402018414,17.28926374018658,49.64409129551807,0.011925342093103686,4162.907102197662
0.0,05-20-17_10.44 0degC_5pulse_HPPC_Pan18650PF,1,0.8986034482758617,2.8994916550877896,4.0417900000000015,0.08944334862848166,4.0364969573228535,34.91142839572628,45.38284684796222,0.01204053418621384,3769.1722099775798
0.0,05-20-17_10.44 0degC_5pulse_HPPC_Pan18650PF,1,0.8958241379310342,5.799146108705257,4.038579999999999,0.07952536100904942,4.029322290473383,60.143239517702824,59.0592937486033,0.010371050908239778,5694.629625400915
0.0,05-20-17_10.44 0degC_5pulse_HPPC_Pan18650PF,1,0.8902689655172412,11.599651575615926,4.031577159505944,0.06793488853674853,4.013047295376234,93.02816785471998,69.1851840200793,0.008019910533371371,8626.677783024541
0.0,05-20-17_10.44 0degC_5pulse_HPPC_Pan18650PF,1,0.8791551724137929,16.556124718998202,4.017340000000001,0.06400478311554933,3.940649668649058,118.56769710340379,12.305366508097892,0.007161561000283297,1718.2519994748513
0.0,05-20-17_10.44 0degC_5pulse_HPPC_Pan18650PF,1,0.8001676793804032,1.4444634667713598,3.929892858801993,0.045418257321605496,3.92933937977917,25.412289008066598,44.59357017780325,0.017592891473307882,2534.7493472270367
0.0,05-20-17_10.44 0degC_5pulse_HPPC_Pan18650PF,1,0.7986103448275864,2.641853709105699,3.931129999999999,0.03785945988796554,3.927499585187724,34.81168531274705,59.26936143486904,0.013176992046441228,4497.9431744345775
0.0,05-20-17_10.44 0degC_5pulse_HPPC_Pan18650PF,1,0.7958310344827588,5.330233445767549,3.9292228563071268,0.029257332247892655,3.9220878711577685,56.455237939705775,80.40058756985889,0.01059151320746258,7591.03878690442
0.0,05-20-17_10.44 0degC_5pulse_HPPC_Pan18650PF,1,0.7902206896551722,10.626666796051278,3.9240716298057503,0.018377473398169482,3.9110288591293347,76.67431078044449,119.1739826447177,0.007215273824990503,16516.903659560634
0.0,05-20-17_10.44 0degC_5pulse_HPPC_Pan18650PF,1,0.7791103448275862,14.726889741701362,3.913759999999999,0.009091678740188009,3.8442157716431837,100.47574658418345,13.605506553463353,0.006822604660349398,1994.1807023546035
0.0,05-20-17_10.44 0degC_5pulse_HPPC_Pan18650PF,1,0.7001716812384252,1.3162180157296592,3.8365871454563747,0.03195364653516711,3.842504989710007,18.233932591494188,219.656292456144,0.013853276868715413,15855.908644415355
0.0,05-20-17_10.44 0degC_5pulse_HPPC_Pan18650PF,1,0.698610344827586,2.6664945572366836,3.8442286825091734,0.022700195486509103,3.8423940588331136,32.063788655723215,107.06587198460826,0.012024696832290278,8903.831296361757
0.0,05-20-17_10.44 0degC_5pulse_HPPC_Pan18650PF,1,0.6958344827586206,5.31367315770959,3.844269999999999,0.009183026824693474,3.835435834815248,50.19934327108977,109.13292739016082,0.009447201922507356,11551.878353542817
0.0,05-20-17_10.44 0degC_5pulse_HPPC_Pan18650PF,1,0.6902793103448275,11.599586736107454,3.839119999999999,0.06289004442137382,3.8199121151789543,67.5820419849031,121.88665651307811,0.005826245669126487,20920.274124203253
0.0,05-20-17_10.44 0degC_5pulse_HPPC_Pan18650PF,1,0.6791689655172415,15.894381104091694,3.826260000000001,0.06346091184106545,3.7506375157894407,91.6954261284981,11.319462336505541,0.005769046654159621,1962.1027554602867
0.0,05-20-17_10.44 0degC_5pulse_HPPC_Pan18650PF,1,0.6001678827119384,1.3179977931670228,3.7343293430033695,0.047225863270830004,3.7347443483929523,12.456502396767034,116.40156495809671,0.00945107985866596,12316.218537859973
0.0,05-20-17_10.44 0degC_5pulse_HPPC_Pan18650PF,1,0.5986068965517243,2.6454538321059236,3.736137376179608,0.0371371177467767,3.733172638462764,22.90833762008499,92.41618280541063,0.008659511401054662,10672.216771278232
0.0,05-20-17_10.44 0degC_5pulse_HPPC_Pan18650PF,1,0.5958310344827588,5.318295347006206,3.7348900000000014,0.024998980797343157,3.7270928934208,37.80776531717748,98.31050444456005,0.007109000694829851,13829.018826240675
0.0,05-20-17_10.44 0degC_5pulse_HPPC_Pan18650PF,1,0.5902758620689654,10.618976257622727,3.7293174877198734,0.012939881682477554,3.710732431851762,71.70989522715858,54.579549925840396,0.006752995155788426,8082.272927303488
0.0,05-20-17_10.44 0degC_5pulse_HPPC_Pan18650PF,1,0.5790551722171992,15.842465176648721,3.715588967983891,0.06290626176048092,3.6568014246414067,90.92564025509284,12.87510523379173,0.005739361850648993,2243.2990929707357
0.0,05-20-17_10.44 0degC_5pulse_HPPC_Pan18650PF,1,0.5001571675909897,1.4498166752602577,3.6455680725193966,0.06826799483691225,3.645416735024298,10.613708625183097,91.82620270979352,0.007320724617322961,12543.321530290328
0.0,05-20-17_10.44 0degC_5pulse_HPPC_Pan18650PF,1,0.4986103448275862,2.8992585574293686,3.646749999999999,0.06845102854685887,3.643582632675278,20.550915063958573,68.59094833773635,0.007088334709333434,9676.595582798946
0.0,05-20-17_10.44 0degC_5pulse_HPPC_Pan18650PF,1,0.49583103448275867,5.799225,3.64546,0.06588018123502352,3.6381529691254553,39.4463752677231,60.72169444719721,0.0068020080730999575,8927.024754253755
0.0,05-20-17_10.44 0degC_5pulse_HPPC_Pan18650PF,1,0.4902758620689656,11.599627596080602,3.6409600000000015,0.06074505727584861,3.628714172481871,74.16140431791464,57.98778989958201,0.006393429763466979,9069.903329654606
0.0,05-20-17_10.44 0degC_5pulse_HPPC_Pan18650PF,1,0.479055172413793,17.39918847735917,3.632376532971722,0.056876516400236395,3.620581319079442,85.46870025174529,59.49768690599828,0.004912223369668194,12112.170483407226
0.0,05-20-17_10.44 0degC_5pulse_HPPC_Pan18650PF,1,0.4001647197047186,1.4498295269091255,3.5850800452992018,0.07166771324181753,3.584806193802705,10.574198291367155,98.36825789022917,0.007293408014603045,13487.282994900845
0.0,05-20-17_10.44 0degC_5pulse_HPPC_Pan18650PF,1,0.3986068965517242,2.899387267623537,3.58627,0.07080453390108674,3.58365813194018,19.975624624304675,77.19089489914003,0.006889602105715791,11203.969941181434
0.0,05-20-17_10.44 0degC_5pulse_HPPC_Pan18650PF,1,0.39583103448275864,5.799466429287499,3.5855866944207766,0.06755592216084723,3.578574126858582,39.26474272366757,64.52382370584102,0.006770406071389483,9530.273815998582
0.0,05-20-17_10.44 0degC_5pulse_HPPC_Pan18650PF,1,0.3902793103448274,11.599792830179982,3.581770000000001,0.062172917886212514,3.5691732439927413,75.4106216182349,61.584327437653684,0.006501031761708182,9473.008238537212
0.0,05-20-17_10.44 0degC_5pulse_HPPC_Pan18650PF,1,0.3001895387051866,1.3262875326112522,3.5220645971993805,0.03712356951809067,3.5242734653023335,11.068331220809316,212.39823588618432,0.008345348160679387,25451.09344711787
0.0,05-20-17_10.44 0degC_5pulse_HPPC_Pan18650PF,1,0.2986068965517242,2.663759288554533,3.52557681047888,0.024788626422611832,3.5233896588276434,19.08543555303861,108.82754965947662,0.007164849930338549,15189.08989268033
0.0,05-20-17_10.44 0degC_5pulse_HPPC_Pan18650PF,1,0.29583103448275866,5.3238310672187765,3.525149999999999,0.00739253160754538,3.5167630937641547,38.679702920425804,66.333686653441,0.007265388858522228,9130.094471905968
0.0,05-20-17_10.44 0degC_5pulse_HPPC_Pan18650PF,1,0.2902724137931034,11.599488839801813,3.52064,0.07186020813533614,3.505604544643495,70.01667211175081,72.57647354539868,0.0060361859973949595,12023.564810083812
0.0,05-20-17_10.44 0degC_5pulse_HPPC_Pan18650PF,1,0.2500865167234726,1.4500908922815015,3.4834243728538468,0.09310464733268918,3.483083881499046,14.048419407541495,94.08781549848385,0.009687957825483894,9711.831656718052
0.0,05-20-17_10.44 0degC_5pulse_HPPC_Pan18650PF,1,0.24861034482758615,2.899322789189088,3.485259999999999,0.08946813772375355,3.48021449680478,41.13899224529686,24.852978411945198,0.014189172864330513,1751.5452556379744
0.0,05-20-17_10.44 0degC_5pulse_HPPC_Pan18650PF,1,0.24583448275862071,5.799182117003874,3.483329999999999,0.08233668284025121,3.471841769586446,121.41582977442937,9.323665738909565,0.020936716130784044,445.3260807792406
0.0,05-20-17_10.44 0degC_5pulse_HPPC_Pan18650PF,1,0.20011246186644668,1.4498608076493116,3.426840188556174,0.09964018020128504,3.4242687848172753,146.09494888462888,2.9041241258263453,0.1007648100520046,28.820816754654032
0.0,05-20-17_10.44 0degC_5pulse_HPPC_Pan18650PF,1,0.19860689655172406,2.8994636416994712,3.427350000000001,0.09396049217566214,3.420741211324945,278.17568391346657,3.110659824902449,0.09594039391037808,32.42283774452965
0.0,05-20-17_10.44 0degC_5pulse_HPPC_Pan18650PF,1,0.1501151798819402,1.4500481749181147,3.3592835870939712,0.11641466480479443,3.3550279149841282,312.9606802697747,8.001421484846526,0.21582778123040486,37.07317676728876
0.0,05-20-17_10.44 0degC_5pulse_HPPC_Pan18650PF,1,0.148603448275862,2.818998396641776,3.3598000000000012,0.11217449520414387,3.319575905268468,455.8058776979054,7.212052346854193,0.1616907190301701,44.60399700188411
10.0,03-27-17_09.06 10degC_5Pulse_HPPC_Pan18650PF,1,1.0,1.329268479812479,4.158250000000001,0.03845630308976554,4.153987258959358,11.27954816478238,49.60672436445753,0.008485530452338413,5846.036926399466
10.0,03-27-17_09.06 10degC_5Pulse_HPPC_Pan18650PF,1,0.9986137931034482,2.6776283208544833,4.155029999999999,0.023533205211451264,4.1479352872843975,20.73393578844046,59.85010570103633,0.007743395760702088,7729.180781999674
10.0,03-27-17_09.06 10degC_5Pulse_HPPC_Pan18650PF,1,0.9958068965517239,5.344886737758046,4.149240000000002,0.006152862902757194,4.1361399733361965,39.47171736977259,49.675622488748374,0.007384949262054768,6726.603085005728
10.0,03-27-17_09.06 10degC_5Pulse_HPPC_Pan18650PF,1,0.9902517241379309,11.599761365144499,4.138940000000001,0.05757735475108414,4.118584161243258,75.76042749325336,41.38487168429203,0.006531205695394891,6336.482667124115
10.0,03-27-17_09.06 10degC_5Pulse_HPPC_Pan18650PF,1,0.9790275862068966,15.953472068321078,4.121655378656791,0.055743154183136294,4.0805368479908415,104.44850078088444,17.615268664412103,0.006547070150847511,2690.557494963121
10.0,03-27-17_09.06 10degC_5Pulse_HPPC_Pan18650PF,1,0.9500395810048734,1.449780541946311,4.093197329160526,0.06143015471727176,4.091324154614207,12.516683944082581,31.66053641535345,0.008633502507406467,3667.1717403443927
10.0,03-27-17_09.06 10degC_5Pulse_HPPC_Pan18650PF,1,0.948610344827586,2.899437003457183,4.092619999999999,0.059442968068490205,4.089265772311455,26.323345852697916,30.57263431237708,0.009078778335694454,3367.483287060397
10.0,03-27-17_09.06 10degC_5Pulse_HPPC_Pan18650PF,1,0.9458068965517238,5.799502370088914,4.0906899999999995,0.05499582218594744,4.082966272817988,51.72832779299458,30.87506223908261,0.008919442478338278,3461.546202474612
10.0,03-27-17_09.06 10degC_5Pulse_HPPC_Pan18650PF,1,0.9402517241379308,11.599594739269047,4.085539999999999,0.04956536594640472,4.0732241110396314,85.14610641157037,42.68811524898762,0.007340438034728779,5815.47246186445
10.0,03-27-17_09.06 10degC_5Pulse_HPPC_Pan18650PF,1,0.9291413793103447,16.996507557650634,4.075767816796178,0.04602811323674339,4.029656164655096,112.18623734197999,15.64798442114456,0.006600546433521964,2370.710452345838
10.0,03-27-17_09.06 10degC_5Pulse_HPPC_Pan18650PF,1,0.900015576274963,1.4498208510636665,4.048190587457188,0.052691505576421084,4.045913170619777,14.157795231789764,31.835859003318724,0.009765203212109169,3260.1327705952117
10.0,03-27-17_09.06 10degC_5Pulse_HPPC_Pan18650PF,1,0.8985931034482761,2.8994074538368237,4.046940000000002,0.05206080712311318,4.0421847191987315,28.480839447644122,32.12812129511325,0.009822986213943492,3270.7081731936223
10.0,03-27-17_09.06 10degC_5Pulse_HPPC_Pan18650PF,1,0.89581724137931,5.799478507600601,4.043720000000002,0.050116749057426274,4.034335604868336,52.65413413439895,37.49510568720853,0.00907911531448771,4129.819303801209
10.0,03-27-17_09.06 10degC_5Pulse_HPPC_Pan18650PF,1,0.8902034482758621,11.5995781935227,4.036649999999999,0.04650765950831513,4.020072594409294,81.01612536592324,52.758112413788254,0.006984402709674677,7553.70424742385
10.0,03-27-17_09.06 10degC_5Pulse_HPPC_Pan18650PF,1,0.8790931034482761,16.938327116241013,4.023129999999999,0.04451433476281135,3.954347540047467,100.29665376322674,9.69054919111583,0.005921284497278311,1636.5619985950755
10.0,03-27-17_09.06 10degC_5Pulse_HPPC_Pan18650PF,1,0.8001466134572147,1.4498476790035917,3.936352875256085,0.04522727299682937,3.9345990589735176,14.16444727724891,40.73706409439803,0.00976961061660176,4169.773565506535
10.0,03-27-17_09.06 10degC_5Pulse_HPPC_Pan18650PF,1,0.798596551724138,2.8993719138568492,3.935630000000001,0.04694463710612803,3.9312494396310296,29.456723895922458,37.43817189320395,0.010159691399072036,3684.971366022345
10.0,03-27-17_09.06 10degC_5Pulse_HPPC_Pan18650PF,1,0.7958172413793104,5.799281029183302,3.9330599999999993,0.0462407095099849,3.9258190385485823,50.359371649909114,53.82488891441534,0.008683726723448871,6198.362826074515
10.0,03-27-17_09.06 10degC_5Pulse_HPPC_Pan18650PF,1,0.790206896551724,11.599573772436951,3.927909999999999,0.04398543940993777,3.9139579596964365,70.39885938325696,79.1262937869752,0.00606909018937744,13037.58740073887
10.0,03-27-17_09.06 10degC_5Pulse_HPPC_Pan18650PF,1,0.7790931034482758,16.704624313839687,3.9169700000000014,0.043510982415512135,3.8577267845711636,90.88137856996397,11.964620801473902,0.0054404922171562555,2199.1798396005806
10.0,03-27-17_09.06 10degC_5Pulse_HPPC_Pan18650PF,1,0.7001536415476136,1.4498288885884436,3.8513797806465884,0.046076415349920345,3.8507343793715756,14.815617520549772,61.28522102469623,0.01021887316300773,5997.258214980926
10.0,03-27-17_09.06 10degC_5Pulse_HPPC_Pan18650PF,1,0.6986068965517238,2.899355878333167,3.8520116034569707,0.046462642176494824,3.848877932714472,27.97108203208323,60.38378259198986,0.009647343481050605,6259.109848280639
10.0,03-27-17_09.06 10degC_5Pulse_HPPC_Pan18650PF,1,0.6958275862068963,5.7991735590125275,3.850710000000001,0.04587930677682936,3.842959478614605,46.482125404652365,78.80096383470314,0.008015301651459325,9831.316057874885
10.0,03-27-17_09.06 10degC_5Pulse_HPPC_Pan18650PF,1,0.6902689655172413,11.599794708831457,3.845560000000001,0.04363098933320689,3.830961123060757,60.81309743025617,124.67532585950393,0.005242601180170574,23781.19593210168
10.0,03-27-17_09.06 10degC_5Pulse_HPPC_Pan18650PF,1,0.679051724137931,16.453303962134722,3.83462,0.04406296005779942,3.7632594846337954,80.34236759886608,8.821517981505313,0.004883053749190088,1806.55762451283
10.0,03-27-17_09.06 10degC_5Pulse_HPPC_Pan18650PF,1,0.6001646276868962,1.4491922966524986,3.743355339656962,0.04020381807402539,3.7446640931901034,11.217814459998605,149.8962015687998,0.0077407356400601415,19364.593824009622
10.0,03-27-17_09.06 10degC_5Pulse_HPPC_Pan18650PF,1,0.5986068965517243,2.8991641633432996,3.7464582529341204,0.04027371624221491,3.7444688042788075,20.955018171493858,118.76655564991735,0.007227951571851886,16431.56494191728
10.0,03-27-17_09.06 10degC_5Pulse_HPPC_Pan18650PF,1,0.5958275862068967,5.800046538467533,3.746480000000001,0.0388515271119348,3.7367161504525557,32.54804937004697,98.55830930217532,0.0056116876225353,17563.042694391414
10.0,03-27-17_09.06 10degC_5Pulse_HPPC_Pan18650PF,1,0.5902758620689654,11.59967827708602,3.7399372416455114,0.03910364458809157,3.718956254201836,65.9674839694133,38.617308384112825,0.005687009794032419,6790.441687762756
10.0,03-27-17_09.06 10degC_5Pulse_HPPC_Pan18650PF,1,0.579165517241379,17.197218957278245,3.723267297072044,0.03578029153772783,3.6697721114394475,83.26199088985177,9.0627302534076,0.004841596254411441,1871.8475843891476
10.0,03-27-17_09.06 10degC_5Pulse_HPPC_Pan18650PF,1,0.5001625483826628,1.4497711788356007,3.6513371585478307,0.04124614246702815,3.650183610757302,9.373784498038896,48.500763040091734,0.0064656993012977065,7501.240125775309
10.0,03-27-17_09.06 10degC_5Pulse_HPPC_Pan18650PF,1,0.4986103448275862,2.8993272323241057,3.651271755313447,0.041699763194811564,3.6485027811591264,18.24433278620012,47.6568115683353,0.006292609051781792,7573.458191374685
10.0,03-27-17_09.06 10degC_5Pulse_HPPC_Pan18650PF,1,0.495806896551724,5.799385233417465,3.6499699999999993,0.04150465310763259,3.6434234090140576,35.438308154775676,43.71582946796078,0.006110700829214025,7153.979664486967
10.0,03-27-17_09.06 10degC_5Pulse_HPPC_Pan18650PF,1,0.49024827586206887,11.599774563196998,3.64546,0.04088600770791394,3.63410420707783,68.77358476547994,39.46149988666019,0.005928872530305912,6655.818570048444
10.0,03-27-17_09.06 10degC_5Pulse_HPPC_Pan18650PF,1,0.4790344827586208,16.966403249795807,3.637100000000001,0.04026788443959591,3.596337873267782,90.90620596153374,14.569936167380288,0.005358012810560059,2719.279830511889
10.0,03-27-17_09.06 10degC_5Pulse_HPPC_Pan18650PF,1,0.4001633408721929,1.4459988996492403,3.5920810695751384,0.03479806463845027,3.590980552542108,10.847768056980495,52.14947473992455,0.007501919994276528,6951.483724128112
10.0,03-27-17_09.06 10degC_5Pulse_HPPC_Pan18650PF,1,0.3986068965517242,2.8989114714400572,3.592060000000001,0.031980961106816974,3.5890660117382436,23.059725860995368,37.189581466209276,0.007954615409328201,4675.220554672936
10.0,03-27-17_09.06 10degC_5Pulse_HPPC_Pan18650PF,1,0.39579999999999976,5.382239473581391,3.5907700000000013,0.02933470969887042,3.5856425124125826,31.252467715464352,66.6716973599289,0.005806591822765678,11482.070618177737
10.0,03-27-17_09.06 10degC_5Pulse_HPPC_Pan18650PF,1,0.3902482758620689,10.655349601487622,3.587559999999999,0.01816008059917339,3.5782975528121823,61.03114394266888,66.32867446123532,0.005727746739923781,11580.23869996004
10.0,03-27-17_09.06 10degC_5Pulse_HPPC_Pan18650PF,1,0.37901724137931025,14.667875413138391,3.5810347291510225,0.004373391847511201,3.535851956363751,81.70614265475177,16.262253067584144,0.005570414279737166,2919.3974183822215
10.0,03-27-17_09.06 10degC_5Pulse_HPPC_Pan18650PF,1,0.3001678853743424,1.3328308108792948,3.5348053027783695,0.029981743455712192,3.5355555525076428,8.022035039994131,179.25733197719998,0.006018794714613355,29782.928389627825
10.0,03-27-17_09.06 10degC_5Pulse_HPPC_Pan18650PF,1,0.29861034482758625,2.6747305625640023,3.536730000000001,0.019395901964636506,3.5340098725234697,15.343765481195168,91.44320540118771,0.005736564907115954,15940.411532301583
10.0,03-27-17_09.06 10degC_5Pulse_HPPC_Pan18650PF,1,0.2958068965517241,5.325227164448938,3.535439999999999,0.004480277156933618,3.528141225461044,31.102883158443454,64.80450755657728,0.005840667862224808,11095.393383984028
10.0,03-27-17_09.06 10degC_5Pulse_HPPC_Pan18650PF,1,0.29025172413793116,11.599673300341141,3.53094,0.04813070632672117,3.5174154886714275,61.09052156607507,64.29474277138434,0.005266572599443678,12208.080598409668
10.0,03-27-17_09.06 10degC_5Pulse_HPPC_Pan18650PF,1,0.2791379310344827,17.399439312121686,3.5215230393621453,0.047054269342080034,3.5024110804740927,96.95943097951464,55.254711734746955,0.005572560657857854,9915.497583114224
10.0,03-27-17_09.06 10degC_5Pulse_HPPC_Pan18650PF,1,0.2500416606397405,1.4497024044196596,3.498161295659151,0.052243067618505286,3.4967294573098435,9.408627629660591,76.66820848836193,0.006490040715237018,11813.209169607188
10.0,03-27-17_09.06 10degC_5Pulse_HPPC_Pan18650PF,1,0.24861034482758615,2.8993611934780006,3.4981513894058076,0.05195397464091654,3.4936507912032755,19.777527575678143,46.59343417111246,0.006821339686882378,6830.540085947179
10.0,03-27-17_09.06 10degC_5Pulse_HPPC_Pan18650PF,1,0.24580344827586195,5.799328947710961,3.4955499999999993,0.05054638025090302,3.485587082940095,41.87734169263768,36.824502225757115,0.0072210667941446875,5099.593076138947
10.0,03-27-17_09.06 10degC_5Pulse_HPPC_Pan18650PF,1,0.24024482758620697,11.599679611421625,3.4884700000000013,0.04852418850125409,3.4706752076412113,89.52921702498556,31.93434807345237,0.0077182491261940205,4137.5119604619
10.0,03-27-17_09.06 10degC_5Pulse_HPPC_Pan18650PF,1,0.2000821000127207,1.449718986638588,3.4403204374047562,0.06857994300021274,3.4382735048304127,11.617732504422767,52.115130603645575,0.008013782403002385,6503.187631363749
10.0,03-27-17_09.06 10degC_5Pulse_HPPC_Pan18650PF,1,0.19861379310344834,2.8994736156232905,3.4394934120049867,0.06873562852308673,3.433941386875018,25.877681954426198,35.862787970537525,0.00892495859075557,4018.2581919969953
10.0,03-27-17_09.06 10degC_5Pulse_HPPC_Pan18650PF,1,0.19581034482758614,5.798996858733054,3.4357200000000008,0.0662614785138562,3.4243467181508116,63.09972726831034,22.143538980066978,0.01088114527485641,2035.037527826701
10.0,03-27-17_09.06 10degC_5Pulse_HPPC_Pan18650PF,1,0.15010697494721134,1.4498147203408482,3.3713503069727886,0.07304500923989866,3.3678431177412094,121.59248741971601,2.498542177955885,0.08386760440060223,29.791505263717106
10.0,03-27-17_09.06 10degC_5Pulse_HPPC_Pan18650PF,1,0.14861034482758606,2.899454134161795,3.3700900000000007,0.06909545089762674,3.363602198124357,272.4198668647681,2.709967492763612,0.09395557034514779,28.84307426168016
10.0,03-27-17_09.06 10degC_5Pulse_HPPC_Pan18650PF,1,0.10012490917988043,1.4492731720541536,3.3257708283897083,0.06661562628127211,3.3215957696772564,302.74130273369366,6.6067755362335605,0.20889181458082037,31.627737781354735
10.0,03-27-17_09.06 10degC_5Pulse_HPPC_Pan18650PF,1,0.09861379310344817,2.706137349266397,3.3263400000000005,0.06709483927711844,3.28588399171463,430.7797830776855,7.0833514433748,0.1591862228258536,44.49726438401544
25.0,03-11-17_08.47 25degC_5Pulse_HPPC_Pan18650PF,1,1.0,1.3358271631043153,4.17497,0.024689256071771568,4.171121111713492,8.382880336085472,30.388278122355967,0.006275422874771151,4842.427152523032
25.0,03-11-17_08.47 25degC_5Pulse_HPPC_Pan18650PF,1,0.9986137931034482,2.6447505432251517,4.171478436376188,0.015055841968436501,4.164188798532858,15.835619619655224,27.85921102324087,0.005987566449402981,4652.843731866844
25.0,03-11-17_08.47 25degC_5Pulse_HPPC_Pan18650PF,1,0.9958068965517239,5.325605794462968,4.165319999999999,0.008738253477916767,4.153866936543885,29.98586415618623,33.19496836183009,0.0056305076480430705,5895.555150052461
25.0,03-11-17_08.47 25degC_5Pulse_HPPC_Pan18650PF,1,0.9902551724137931,10.59090772203772,4.155029999999999,0.0014871509443937071,4.134784104068457,59.515831916103274,26.320437484345014,0.0056195213364253795,4683.7507874091725
25.0,03-11-17_08.47 25degC_5Pulse_HPPC_Pan18650PF,1,0.9791448275862069,15.908082684280338,4.137010000000001,0.03815754435886245,4.102834374175999,77.0144374930038,15.465456718302141,0.004841214307309708,3194.540819015382
25.0,03-11-17_08.47 25degC_5Pulse_HPPC_Pan18650PF,1,0.9500407714174917,1.449767661787141,4.104193613276696,0.03517364514382602,4.102769849243908,8.002346304252134,29.5478083248038,0.005519743966690203,5353.112119532151
25.0,03-11-17_08.47 25degC_5Pulse_HPPC_Pan18650PF,1,0.9458068965517238,5.799389103296102,4.100848672759416,0.035006902811322196,4.094288877923537,34.59973884225219,25.043154171749205,0.005966100605766789,4197.5749030351035
25.0,03-11-17_08.47 25degC_5Pulse_HPPC_Pan18650PF,1,0.9402517241379308,11.5996830190977,4.095839999999999,0.03388556458319091,4.082802341683939,62.66926995436435,26.681584594191744,0.005402670904988159,4938.591497319828
25.0,03-11-17_08.47 25degC_5Pulse_HPPC_Pan18650PF,1,0.9290344827586207,16.207004089990207,4.085539999999999,0.0349361486931713,4.052514052484434,78.43477827600643,15.38115893373879,0.004839560590007466,3178.2139406410574
25.0,03-11-17_08.47 25degC_5Pulse_HPPC_Pan18650PF,1,0.9000191877454751,1.4493459482158342,4.058507039520633,0.030453758018864945,4.056089594525396,11.205305946233214,15.685066971702826,0.007731284556338746,2028.7788992118926
25.0,03-11-17_08.47 25degC_5Pulse_HPPC_Pan18650PF,1,0.8985965517241382,2.89916335766599,4.057230000000001,0.030015638049721363,4.052508449772575,23.208831314142714,17.685585346407837,0.008005354804438234,2209.219426052522
25.0,03-11-17_08.47 25degC_5Pulse_HPPC_Pan18650PF,1,0.895820689655172,5.80012453351385,4.054019999999999,0.02906448668796066,4.0460449979115,44.74729007315484,22.819922147054854,0.007714884364051042,2957.9085142725644
25.0,03-11-17_08.47 25degC_5Pulse_HPPC_Pan18650PF,1,0.890262068965517,11.599616353747582,4.047579999999999,0.029899517783455138,4.033078587734299,68.27875763594103,35.102656737845926,0.005886294473341065,5963.455769470132
25.0,03-11-17_08.47 25degC_5Pulse_HPPC_Pan18650PF,1,0.8790448275862066,17.19255504016526,4.03463021038098,0.027779193265970947,3.9719570978046974,73.95301956305022,6.786753505355522,0.004301456030838996,1577.780513551308
25.0,03-11-17_08.47 25degC_5Pulse_HPPC_Pan18650PF,1,0.8001723179223101,1.3332145151339267,3.9466944332028984,0.006486371184826685,3.9442837532568977,10.547296574549305,26.648813630530483,0.00791117742480458,3368.501576892488
25.0,03-11-17_08.47 25degC_5Pulse_HPPC_Pan18650PF,1,0.798613793095756,2.8992810415246963,3.9452799829120284,0.03266347741794744,3.9414650923140777,21.283482082016143,30.194581853652384,0.007340951697053633,4113.169940318678
25.0,03-11-17_08.47 25degC_5Pulse_HPPC_Pan18650PF,1,0.7958068965517241,5.7992615232089495,3.942710000000001,0.03242658866857849,3.9349698440601273,39.757478942555906,34.7599840615252,0.006855610629636961,5070.297299449446
25.0,03-11-17_08.47 25degC_5Pulse_HPPC_Pan18650PF,1,0.7902517241379311,11.599549964016045,3.93692,0.03156171981396254,3.924762023557938,59.412904769901935,57.1360852538986,0.005122000849533972,11155.032365739877
25.0,03-11-17_08.47 25degC_5Pulse_HPPC_Pan18650PF,1,0.7791413793103449,16.026060600343023,3.9266300000000007,0.033374202852416074,3.873783955760543,64.36103958505403,10.417690237868438,0.004016023724737222,2594.03104959249
25.0,03-11-17_08.47 25degC_5Pulse_HPPC_Pan18650PF,1,0.7001640210392256,1.4499292401432649,3.8627674733386765,0.030728618281497887,3.861441762318873,10.517424037159682,51.714723334370724,0.0072537498699732925,7129.377806152714
25.0,03-11-17_08.47 25degC_5Pulse_HPPC_Pan18650PF,1,0.698610344827586,2.8991795516342145,3.861705032415145,0.030838607556672098,3.8583950617544307,22.003434994594347,40.95430930048924,0.0075895385583108895,5396.152741808316
25.0,03-11-17_08.47 25degC_5Pulse_HPPC_Pan18650PF,1,0.6958068965517239,5.799190898871361,3.8597100000000015,0.030634907029128567,3.85352999880313,39.16118716272236,56.31249055585078,0.006752870847956378,8339.04450769892
25.0,03-11-17_08.47 25degC_5Pulse_HPPC_Pan18650PF,1,0.6902517241379308,11.59966987772686,3.85521,0.030310762347066665,3.8430828785035707,55.480166324643726,88.5971558354686,0.004782909074953428,18523.69644646261
25.0,03-11-17_08.47 25degC_5Pulse_HPPC_Pan18650PF,1,0.6791344827586205,16.80179769530622,3.845560000000001,0.03060236198865876,3.7846722977241716,64.72540067813614,8.208415223680387,0.0038522902044117544,2130.788385122147
25.0,03-11-17_08.47 25degC_5Pulse_HPPC_Pan18650PF,1,0.600163741302665,1.4441643330383005,3.7684292800280303,0.021828959799042934,3.7695173666309603,11.35881071434521,162.74731022301773,0.007865317301146755,20691.766649934052
25.0,03-11-17_08.47 25degC_5Pulse_HPPC_Pan18650PF,1,0.5986068965517243,2.6718083310445055,3.7709200000000007,0.020035634286353004,3.7673253758962804,16.22594626239152,130.22727495249347,0.006073020311321589,21443.57638813065
25.0,03-11-17_08.47 25degC_5Pulse_HPPC_Pan18650PF,1,0.5958310344827588,5.323751448579814,3.7689900000000005,0.012568251694856617,3.7583868877229643,26.516105620454432,108.92721675896006,0.004980718179006644,21869.781193017538
25.0,03-11-17_08.47 25degC_5Pulse_HPPC_Pan18650PF,1,0.5902724137931034,10.64989879111825,3.7606300000000012,0.008696926799748837,3.73834138224481,40.4954778054226,64.51302838507382,0.0038024284173662592,16966.270315683832
25.0,03-11-17_08.47 25degC_5Pulse_HPPC_Pan18650PF,1,0.5001604243446729,1.4494613393012694,3.663590498057322,0.028246401998502254,3.6626576782441935,7.492511759500493,43.291832138887656,0.005169169784902542,8375.006807733222
25.0,03-11-17_08.47 25degC_5Pulse_HPPC_Pan18650PF,1,0.4986068965517241,2.8993120574243574,3.6634799999999985,0.02819922370476297,3.65957151534458,15.157910663262776,27.77990222162435,0.005228105965498763,5313.569083134324
25.0,03-11-17_08.47 25degC_5Pulse_HPPC_Pan18650PF,1,0.4958034482758619,5.79994621735425,3.6608999999999994,0.02739238693783377,3.6547446015364256,31.04074255678842,25.678647686480623,0.005351901792452864,4798.041646184931
25.0,03-11-17_08.47 25degC_5Pulse_HPPC_Pan18650PF,1,0.49025172413793094,11.599436743328962,3.656400000000001,0.028522046457899807,3.6464991708879677,60.57673892101507,25.263586067741166,0.005222386246974777,4837.556027644614
25.0,03-11-17_08.47 25degC_5Pulse_HPPC_Pan18650PF,1,0.4791413793103448,17.145064406642074,3.6486799999999997,0.027212429715816153,3.613594660432339,72.45829560433158,10.068994994971519,0.004226189758509213,2382.5231639677613
25.0,03-11-17_08.47 25degC_5Pulse_HPPC_Pan18650PF,1,0.4001558804251938,1.450000600357542,3.6024911830959327,0.029924941469150697,3.6014768593982933,7.098756584821253,39.08099328746516,0.00489569216941761,7982.730926506399
25.0,03-11-17_08.47 25degC_5Pulse_HPPC_Pan18650PF,1,0.3986034482758621,2.899587120294452,3.6023600000000005,0.030194861508689677,3.5996267581611954,13.620812737438353,37.700888499069606,0.004697500772473828,8025.733326109773
25.0,03-11-17_08.47 25degC_5Pulse_HPPC_Pan18650PF,1,0.3958275862068966,5.799184224931687,3.6010699999999987,0.030187062112364788,3.595918449321192,26.994736847178242,39.82584054836554,0.0046549196921738135,8555.645034075156
25.0,03-11-17_08.47 25degC_5Pulse_HPPC_Pan18650PF,1,0.3902689655172415,11.599766747790209,3.597849999999999,0.0302289673990081,3.58955506557175,52.026056509975575,45.32244226483755,0.004485095057612835,10105.124123937776
25.0,03-11-17_08.47 25degC_5Pulse_HPPC_Pan18650PF,1,0.37914827586206873,16.65171108646423,3.5917078835139025,0.031393502307099724,3.556360557609237,72.54184102332619,13.01982080042314,0.004356419628388441,2988.6516706471475
25.0,03-11-17_08.47 25degC_5Pulse_HPPC_Pan18650PF,1,0.30017250189117617,1.3329521950745304,3.5502702799324974,0.00455443583279664,3.5499579816695928,6.419081305162571,104.86094614913476,0.004815687560950867,21774.864922596797
25.0,03-11-17_08.47 25degC_5Pulse_HPPC_Pan18650PF,1,0.29861034482758625,2.899352803717633,3.550858667404009,0.03216753236432054,3.5481871071358033,12.354972277524386,69.60554524230635,0.004261286264190577,16334.39786179861
25.0,03-11-17_08.47 25degC_5Pulse_HPPC_Pan18650PF,1,0.2958068965517241,5.799100026546604,3.5495999999999994,0.03230015611570891,3.543085175839044,25.123622996047754,55.33002056661688,0.004332331375737453,12771.41930473833
25.0,03-11-17_08.47 25degC_5Pulse_HPPC_Pan18650PF,1,0.29025172413793116,11.599677610483273,3.5450900000000005,0.03224047139735439,3.5328744547966013,49.70348336603919,52.32707569809192,0.004284902135652407,12211.965184153441
25.0,03-11-17_08.47 25degC_5Pulse_HPPC_Pan18650PF,1,0.2791379310344827,16.052835213425624,3.5360900000000006,0.03489587757449873,3.502533339744686,70.47330111209597,21.25764583380707,0.004390084379185326,4842.195274103566
25.0,03-11-17_08.47 25degC_5Pulse_HPPC_Pan18650PF,1,0.2500450524102016,1.32977760396141,3.5128665760871995,0.007055957399312411,3.511345353781277,6.922487860561498,50.04279127044428,0.005205748570241665,9612.986604176536
25.0,03-11-17_08.47 25degC_5Pulse_HPPC_Pan18650PF,1,0.24861378510538953,2.899628267012502,3.512260931328395,0.03352681124805968,3.5085827340922595,13.215026737897002,51.14171693080271,0.0045574899680201056,11221.46560709162
25.0,03-11-17_08.47 25degC_5Pulse_HPPC_Pan18650PF,1,0.24580689655172414,5.799062999999999,3.509688127205221,0.0339848922673394,3.5016377454230168,26.48162650477543,45.0884884992639,0.004566535404905143,9873.67544568517
25.0,03-11-17_08.47 25degC_5Pulse_HPPC_Pan18650PF,1,0.24025172413793097,11.599725747912332,3.5031831458977645,0.03409195581152516,3.488711229782274,52.98131909532074,42.560384074427034,0.00456746308031085,9318.167071321019
25.0,03-11-17_08.47 25degC_5Pulse_HPPC_Pan18650PF,1,0.22914137931034487,16.021391642444506,3.4904526665989524,0.037290116390908186,3.4532597118070605,69.5551899872462,18.100316700643738,0.004341395026071133,4169.239747119747
25.0,03-11-17_08.47 25degC_5Pulse_HPPC_Pan18650PF,1,0.20003758573250316,1.3281330189719738,3.4582144099114673,0.008576537259133103,3.4562169707638164,7.2635512886793325,43.232441485012615,0.005468993831884099,7905.008272814013
25.0,03-11-17_08.47 25degC_5Pulse_HPPC_Pan18650PF,1,0.19860689655172406,2.645389090899457,3.4569500000000013,0.0009580190271960113,3.4525845417150927,14.413893795490765,44.16366145003303,0.005448685732120376,8105.3787319179055
25.0,03-11-17_08.47 25degC_5Pulse_HPPC_Pan18650PF,1,0.19580344827586207,5.799136977696987,3.4537300000000015,0.03789242254335326,3.4450259821760483,28.4958373759011,42.6636483941916,0.004913806569062568,8682.402897745884
25.0,03-11-17_08.47 25degC_5Pulse_HPPC_Pan18650PF,1,0.19024827586206886,11.599695902102532,3.4465860649055973,0.03845206641536118,3.427649064094571,54.41871132749704,33.01295373275526,0.00469139120428435,7036.92194814336
25.0,03-11-17_08.47 25degC_5Pulse_HPPC_Pan18650PF,1,0.17914137931034474,15.998437469900603,3.430570000000001,0.04260229015393309,3.3906261645950053,73.1986207887709,13.16934307614785,0.0045753606204659986,2878.318053715853
25.0,03-11-17_08.47 25degC_5Pulse_HPPC_Pan18650PF,1,0.15004062334435894,1.4445020651602023,3.3906822918724333,0.027559706441198692,3.3875243074606463,40.314718115452976,1.48216086970989,0.027909076136199137,53.106769370537165
25.0,03-11-17_08.47 25degC_5Pulse_HPPC_Pan18650PF,1,0.14860689655172413,2.672961587858131,3.3887500000000004,0.026465381137561757,3.3838165491749344,15.88008253725685,38.79014221925026,0.0059410066382516585,6529.220480835141
25.0,03-11-17_08.47 25degC_5Pulse_HPPC_Pan18650PF,1,0.14579999999999987,5.333447935686478,3.3848899999999995,0.015060731048170675,3.3757625002253167,32.69472935789429,28.959758659685562,0.006130130030731441,4724.167108120888
25.0,03-11-17_08.47 25degC_5Pulse_HPPC_Pan18650PF,1,0.14024137931034467,10.633756590312116,3.3771700000000013,0.00500711911916913,3.364750490696563,78.28621883390807,20.52969873335839,0.0073620472848918445,2788.5855576462777
25.0,03-11-17_08.47 25degC_5Pulse_HPPC_Pan18650PF,1,0.10008404873074132,1.3209060662605778,3.3446125672102203,0.033336916948262366,3.3432414919039424,13.2780539518559,55.46114151083126,0.010052231790747573,5517.296324372429
25.0,03-11-17_08.47 25degC_5Pulse_HPPC_Pan18650PF,1,0.09860689655172403,2.6823475968874804,3.344359999999999,0.022653751549284375,3.3401277170722024,34.36168062749829,30.416979363287947,0.012810301195628263,2374.4156283903976
25.0,03-11-17_08.47 25degC_5Pulse_HPPC_Pan18650PF,1,0.09582758620689637,5.349113251079968,3.3418014929755597,0.010000845241875273,3.334362435410896,119.33831321155178,12.07343770828346,0.02230992458188425,541.1689162807453
25.0,03-11-17_08.47 25degC_5Pulse_HPPC_Pan18650PF,1,0.05011522172274051,1.4455717099118834,3.237197577034144,0.03529874267246813,3.2283176169175185,181.6931353993727,2.0423701946001667,0.12568946538836737,16.249334725781953
25.0,03-11-17_08.47 25degC_5Pulse_HPPC_Pan18650PF,1,0.0486103448275861,2.680755483236881,3.231120000000001,0.031049879319457983,3.2117406345860355,213.58611182703666,4.220561892116885,0.07967385058526183,52.972987512387284
25.0,05-20-17_10.44 3619_DisPulse,1,1.0,1.3317347706903295,4.15889,0.04561498496439155,4.152606144161461,27.483624570531866,24.44193551719891,0.020637461133709994,1184.3479853863685
25.0,05-20-17_10.44 3619_DisPulse,1,0.9985999999999999,2.6750177956198353,4.154390000000002,0.02619943250501513,4.144548344164156,33.098374158995625,57.152312166979115,0.012373141671502904,4619.062295116929
25.0,05-20-17_10.44 3619_DisPulse,1,0.9958206896551725,5.301672605076756,4.146691521847521,0.003087829942537075,4.129579535129202,54.52549592200925,57.379735924418924,0.010284583750003146,5579.198664642248
25.0,05-20-17_10.44 3619_DisPulse,1,0.9902620689655172,11.599552991394628,4.133799999999998,0.08140275298493445,4.1089255668062,95.76916334667602,51.784283167453204,0.00825628051509609,6272.108011927271
25.0,05-20-17_10.44 3619_DisPulse,1,0.9791517241379313,16.03036067624693,4.1139343460250855,0.07573883933925958,4.062954565955536,133.85011066036796,19.694998938842275,0.00834978784093742,2358.74243921282
25.0,05-20-17_10.44 3619_DisPulse,1,0.9500447717511915,1.3180728022337813,4.084151448617846,0.046742394268346296,4.084026682260282,13.378619329615955,96.78561411302859,0.010150136856585439,9535.399914360149
25.0,05-20-17_10.44 3619_DisPulse,1,0.948610344827586,2.6761880415076216,4.085539999999999,0.025130169470048234,4.081162218818714,30.80281780152312,44.33476341499644,0.01150996018357905,3851.860710886529
25.0,05-20-17_10.44 3619_DisPulse,1,0.9458344827586207,5.799415112325083,4.083675107191509,0.08884781544005824,4.0760546086367855,55.113555769675116,54.986104719700016,0.009503295539673683,5786.003864674937
25.0,05-20-17_10.44 3619_DisPulse,1,0.9402758620689655,11.599521857432766,4.07911,0.07345677737896687,4.063564452624425,94.144849071676,60.91247012982322,0.008116269810841355,7504.98339131839
25.0,05-20-17_10.44 3619_DisPulse,1,0.9291586206896552,16.04731645103478,4.068169999999999,0.07005463239787749,4.010848013495436,127.76162590413126,18.554919318815184,0.007961557079899971,2330.5641261631586
25.0,05-20-17_10.44 3619_DisPulse,1,0.9000149563673563,1.4497918470770579,4.0423747379214605,0.09528234062753145,4.040265402018414,17.28926374018658,49.64409129551807,0.011925342093103686,4162.907102197662
25.0,05-20-17_10.44 3619_DisPulse,1,0.8986034482758617,2.8994916550877896,4.0417900000000015,0.08944334862848166,4.0364969573228535,34.91142839572628,45.38284684796222,0.01204053418621384,3769.1722099775798
25.0,05-20-17_10.44 3619_DisPulse,1,0.8958241379310342,5.799146108705257,4.038579999999999,0.07952536100904942,4.029322290473383,60.143239517702824,59.0592937486033,0.010371050908239778,5694.629625400915
25.0,05-20-17_10.44 3619_DisPulse,1,0.8902689655172412,11.599651575615926,4.031577159505944,0.06793488853674853,4.013047295376234,93.02816785471998,69.1851840200793,0.008019910533371371,8626.677783024541
25.0,05-20-17_10.44 3619_DisPulse,1,0.8791551724137929,16.556124718998202,4.017340000000001,0.06400478311554933,3.940649668649058,118.56769710340379,12.305366508097892,0.007161561000283297,1718.2519994748513
25.0,05-20-17_10.44 3619_DisPulse,1,0.8001676793804032,1.4444634667713598,3.929892858801993,0.045418257321605496,3.92933937977917,25.412289008066598,44.59357017780325,0.017592891473307882,2534.7493472270367
25.0,05-20-17_10.44 3619_DisPulse,1,0.7986103448275864,2.641853709105699,3.931129999999999,0.03785945988796554,3.927499585187724,34.81168531274705,59.26936143486904,0.013176992046441228,4497.9431744345775
25.0,05-20-17_10.44 3619_DisPulse,1,0.7958310344827588,5.330233445767549,3.9292228563071268,0.029257332247892655,3.9220878711577685,56.455237939705775,80.40058756985889,0.01059151320746258,7591.03878690442
25.0,05-20-17_10.44 3619_DisPulse,1,0.7902206896551722,10.626666796051278,3.9240716298057503,0.018377473398169482,3.9110288591293347,76.67431078044449,119.1739826447177,0.007215273824990503,16516.903659560634
25.0,05-20-17_10.44 3619_DisPulse,1,0.7791103448275862,14.726889741701362,3.913759999999999,0.009091678740188009,3.8442157716431837,100.47574658418345,13.605506553463353,0.006822604660349398,1994.1807023546035
25.0,05-20-17_10.44 3619_DisPulse,1,0.7001716812384252,1.3162180157296592,3.8365871454563747,0.03195364653516711,3.842504989710007,18.233932591494188,219.656292456144,0.013853276868715413,15855.908644415355
25.0,05-20-17_10.44 3619_DisPulse,1,0.698610344827586,2.6664945572366836,3.8442286825091734,0.022700195486509103,3.8423940588331136,32.063788655723215,107.06587198460826,0.012024696832290278,8903.831296361757
25.0,05-20-17_10.44 3619_DisPulse,1,0.6958344827586206,5.31367315770959,3.844269999999999,0.009183026824693474,3.835435834815248,50.19934327108977,109.13292739016082,0.009447201922507356,11551.878353542817
25.0,05-20-17_10.44 3619_DisPulse,1,0.6902793103448275,11.599586736107454,3.839119999999999,0.06289004442137382,3.8199121151789543,67.5820419849031,121.88665651307811,0.005826245669126487,20920.274124203253
25.0,05-20-17_10.44 3619_DisPulse,1,0.6791689655172415,15.894381104091694,3.826260000000001,0.06346091184106545,3.7506375157894407,91.6954261284981,11.319462336505541,0.005769046654159621,1962.1027554602867
25.0,05-20-17_10.44 3619_DisPulse,1,0.6001678827119384,1.3179977931670228,3.7343293430033695,0.047225863270830004,3.7347443483929523,12.456502396767034,116.40156495809671,0.00945107985866596,12316.218537859973
25.0,05-20-17_10.44 3619_DisPulse,1,0.5986068965517243,2.6454538321059236,3.736137376179608,0.0371371177467767,3.733172638462764,22.90833762008499,92.41618280541063,0.008659511401054662,10672.216771278232
25.0,05-20-17_10.44 3619_DisPulse,1,0.5958310344827588,5.318295347006206,3.7348900000000014,0.024998980797343157,3.7270928934208,37.80776531717748,98.31050444456005,0.007109000694829851,13829.018826240675
25.0,05-20-17_10.44 3619_DisPulse,1,0.5902758620689654,10.618976257622727,3.7293174877198734,0.012939881682477554,3.710732431851762,71.70989522715858,54.579549925840396,0.006752995155788426,8082.272927303488
25.0,05-20-17_10.44 3619_DisPulse,1,0.5790551722171992,15.842465176648721,3.715588967983891,0.06290626176048092,3.6568014246414067,90.92564025509284,12.87510523379173,0.005739361850648993,2243.2990929707357
25.0,05-20-17_10.44 3619_DisPulse,1,0.5001571675909897,1.4498166752602577,3.6455680725193966,0.06826799483691225,3.645416735024298,10.613708625183097,91.82620270979352,0.007320724617322961,12543.321530290328
25.0,05-20-17_10.44 3619_DisPulse,1,0.4986103448275862,2.8992585574293686,3.646749999999999,0.06845102854685887,3.643582632675278,20.550915063958573,68.59094833773635,0.007088334709333434,9676.595582798946
25.0,05-20-17_10.44 3619_DisPulse,1,0.49583103448275867,5.799225,3.64546,0.06588018123502352,3.6381529691254553,39.4463752677231,60.72169444719721,0.0068020080730999575,8927.024754253755
25.0,05-20-17_10.44 3619_DisPulse,1,0.4902758620689656,11.599627596080602,3.6409600000000015,0.06074505727584861,3.628714172481871,74.16140431791464,57.98778989958201,0.006393429763466979,9069.903329654606
25.0,05-20-17_10.44 3619_DisPulse,1,0.479055172413793,17.39918847735917,3.632376532971722,0.056876516400236395,3.620581319079442,85.46870025174529,59.49768690599828,0.004912223369668194,12112.170483407226
25.0,05-20-17_10.44 3619_DisPulse,1,0.4001647197047186,1.4498295269091255,3.5850800452992018,0.07166771324181753,3.584806193802705,10.574198291367155,98.36825789022917,0.007293408014603045,13487.282994900845
25.0,05-20-17_10.44 3619_DisPulse,1,0.3986068965517242,2.899387267623537,3.58627,0.07080453390108674,3.58365813194018,19.975624624304675,77.19089489914003,0.006889602105715791,11203.969941181434
25.0,05-20-17_10.44 3619_DisPulse,1,0.39583103448275864,5.799466429287499,3.5855866944207766,0.06755592216084723,3.578574126858582,39.26474272366757,64.52382370584102,0.006770406071389483,9530.273815998582
25.0,05-20-17_10.44 3619_DisPulse,1,0.3902793103448274,11.599792830179982,3.581770000000001,0.062172917886212514,3.5691732439927413,75.4106216182349,61.584327437653684,0.006501031761708182,9473.008238537212
25.0,05-20-17_10.44 3619_DisPulse,1,0.3001895387051866,1.3262875326112522,3.5220645971993805,0.03712356951809067,3.5242734653023335,11.068331220809316,212.39823588618432,0.008345348160679387,25451.09344711787
25.0,05-20-17_10.44 3619_DisPulse,1,0.2986068965517242,2.663759288554533,3.52557681047888,0.024788626422611832,3.5233896588276434,19.08543555303861,108.82754965947662,0.007164849930338549,15189.08989268033
25.0,05-20-17_10.44 3619_DisPulse,1,0.29583103448275866,5.3238310672187765,3.525149999999999,0.00739253160754538,3.5167630937641547,38.679702920425804,66.333686653441,0.007265388858522228,9130.094471905968
25.0,05-20-17_10.44 3619_DisPulse,1,0.2902724137931034,11.599488839801813,3.52064,0.07186020813533614,3.505604544643495,70.01667211175081,72.57647354539868,0.0060361859973949595,12023.564810083812
25.0,05-20-17_10.44 3619_DisPulse,1,0.2500865167234726,1.4500908922815015,3.4834243728538468,0.09310464733268918,3.483083881499046,14.048419407541495,94.08781549848385,0.009687957825483894,9711.831656718052
25.0,05-20-17_10.44 3619_DisPulse,1,0.24861034482758615,2.899322789189088,3.485259999999999,0.08946813772375355,3.48021449680478,41.13899224529686,24.852978411945198,0.014189172864330513,1751.5452556379744
25.0,05-20-17_10.44 3619_DisPulse,1,0.24583448275862071,5.799182117003874,3.483329999999999,0.08233668284025121,3.471841769586446,121.41582977442937,9.323665738909565,0.020936716130784044,445.3260807792406
25.0,05-20-17_10.44 3619_DisPulse,1,0.20011246186644668,1.4498608076493116,3.426840188556174,0.09964018020128504,3.4242687848172753,146.09494888462888,2.9041241258263453,0.1007648100520046,28.820816754654032
25.0,05-20-17_10.44 3619_DisPulse,1,0.19860689655172406,2.8994636416994712,3.427350000000001,0.09396049217566214,3.420741211324945,278.17568391346657,3.110659824902449,0.09594039391037808,32.42283774452965
25.0,05-20-17_10.44 3619_DisPulse,1,0.1501151798819402,1.4500481749181147,3.3592835870939712,0.11641466480479443,3.3550279149841282,312.9606802697747,8.001421484846526,0.21582778123040486,37.07317676728876
25.0,05-20-17_10.44 3619_DisPulse,1,0.148603448275862,2.818998396641776,3.3598000000000012,0.11217449520414387,3.319575905268468,455.8058776979054,7.212052346854193,0.1616907190301701,44.60399700188411
