cycle_id,split,nominal_temp_c,n,full_RMSE,full_MAE,full_MAX,ss_RMSE,ss_MAE,ss_MAX
03-18-17_02.17 25degC_Cycle_1_Pan18650PF,test_id,25.0,10984,2.702696451863028,2.227583150930783,7.657208932350315,2.7395506333417683,2.281255783208747,7.657208932350315
03-19-17_03.25 25degC_Cycle_2_Pan18650PF,test_id,25.0,11148,2.670636692906976,2.052515513606488,8.660662136880635,2.7066839268581155,2.103230313493502,8.660662136880635
03-19-17_09.07 25degC_Cycle_3_Pan18650PF,test_id,25.0,10265,2.4522267841244996,1.9719529617578189,5.469066722893637,2.4878474949368163,2.020490667399944,5.469066722893637
03-19-17_14.31 25degC_Cycle_4_Pan18650PF,test_id,25.0,12107,2.9685830626446834,2.3864649012277592,8.24461172155084,3.0028440638054006,2.4300618818896553,8.24461172155084
03-20-17_01.43 25degC_US06_Pan18650PF,train,25.0,4819,3.1952680528915605,2.5378127248145463,7.1219365832174875,3.289591383562733,2.6499986657784236,7.1219365832174875
03-20-17_05.56 25degC_HWFTa_Pan18650PF,train,25.0,7613,3.6103794320075004,2.899294309736073,9.654176984817898,3.682557152902998,3.0007649064527375,9.654176984817898
03-20-17_19.27 25degC_HWFTb_Pan18650PF,train,25.0,7598,3.915047620808095,3.2412838472298486,10.002811213114448,3.994413587892218,3.36850347168524,10.002811213114448
03-21-17_00.29 25degC_UDDS_Pan18650PF,val,25.0,22448,1.6817614142876975,1.4387825549014361,4.186847300235744,1.6917810071202202,1.450717686719852,4.186847300235744
03-21-17_09.38 25degC_LA92_Pan18650PF,train,25.0,14104,2.393701332532607,1.9536904035002765,4.912352498137483,2.4176119720410174,1.9819676360285898,4.912352498137483
03-21-17_16.27 25degC_NN_Pan18650PF,train,25.0,11734,2.511755071400543,2.0386248816348274,5.035457506356898,2.540427719032305,2.0724783319445264,5.035457506356898
03-27-17_09.06 10degC_HWFET_Pan18650PF,test_ood,10.0,10592,4.840278095026615,3.698902195447693,13.630748691868272,4.9070738149558375,3.7762642701144595,13.630748691868272
03-27-17_09.06 10degC_LA92_Pan18650PF,test_ood,10.0,16146,4.281997006373079,3.584672705301469,7.447820964282053,4.319895029226218,3.632535850882045,7.447820964282053
03-27-17_09.06 10degC_NN_Pan18650PF,test_ood,10.0,14079,3.7995864090697835,3.1010788330585743,7.043790210359593,3.8376637920818157,3.1459700961033703,7.043790210359593
03-27-17_09.06 10degC_UDDS_Pan18650PF,test_ood,10.0,24610,3.270729875843768,2.7729225800635935,7.548236856654135,3.2887552927018113,2.7941035195172788,7.548236856654135
03-27-17_09.06 10degC_US06_Pan18650PF,test_ood,10.0,4211,5.3554761684014975,4.8643446047156305,8.188910571174931,5.550873072733233,5.191477334746276,8.188910571174931
03-28-17_12.51 10degC_Cycle_1_Pan18650PF,test_ood,10.0,9396,4.557892680767586,4.152954360381565,6.931186473413009,4.629360022145899,4.263284348223638,6.931186473413009
03-28-17_18.18 10degC_Cycle_2_Pan18650PF,test_ood,10.0,8124,5.488853195745346,5.229470537552449,8.447400218996941,5.5629375368241405,5.324171708267648,8.447400218996941
04-05-17_17.04 10degC_Cycle_3_Pan18650PF,test_ood,10.0,10098,5.922912906145892,5.710047901062252,12.595597348870502,5.992050092323416,5.802003153292734,12.595597348870502
04-05-17_22.50 10degC_Cycle_4_Pan18650PF,test_ood,10.0,9918,4.240206052197055,3.8497790921235833,8.530046606759145,4.294460354824011,3.9216436756955906,6.809504924545023
05-30-17_12.56 0degC_Cycle_1_Pan18650PF,test_ood,0.0,8816,11.602236084321639,11.127522481868755,18.0082156770667,11.794908649707837,11.441956368777674,18.0082156770667
05-30-17_20.16 0degC_Cycle_2_Pan18650PF,test_ood,0.0,8389,11.741856818629524,11.403289109901731,18.602034647052268,11.904937634836397,11.641532474258256,18.602034647052268
06-01-17_10.36 0degC_LA92_Pan18650PF,test_ood,0.0,15406,6.608576506213688,4.686020870508611,13.165544315666283,6.672680156935701,4.761281906023418,13.165544315666283
06-01-17_10.36 0degC_NN_Pan18650PF,test_ood,0.0,13477,5.735219875288424,3.8700875929845258,12.748033977520052,5.798505068796094,3.93742769852119,12.748033977520052
06-01-17_15.36 0degC_Cycle_3_Pan18650PF,test_ood,0.0,6260,10.80411432093594,10.621686103734675,14.088179865230252,11.003331129311043,10.916872478251962,14.088179865230252
06-01-17_22.03 0degC_Cycle_4_Pan18650PF,test_ood,0.0,7718,9.30660742843703,8.649697335910943,12.795496085748137,9.492065878108589,8.97641668442932,12.795496085748137
06-02-17_04.58 0degC_US06_Pan18650PF,test_ood,0.0,3673,12.06323011102715,11.736812463552699,15.82127883058981,12.463619713245782,12.299201605282146,15.82127883058981
06-02-17_10.43 0degC_HWFET_Pan18650PF,test_ood,0.0,5999,12.811537776926558,12.48519701772539,15.748888284345874,13.113545252606858,12.961694343725842,15.748888284345874
06-02-17_17.14 0degC_UDDS_Pan18650PF,test_ood,0.0,12869,8.890522933426562,8.521377029468264,12.172268924905685,8.99386602164477,8.697544893648866,12.172268924905685
06-07-17_08.39 n10degC_HWFET_Pan18650PF,test_ood,-10.0,12280,7.26420681142496,4.538663800527903,17.820207666507038,7.35324354699834,4.629982917176471,17.820207666507038
06-07-17_08.39 n10degC_LA92_Pan18650PF,test_ood,-10.0,14094,7.764829562612593,5.1101983473356665,18.0647656641367,7.847711700265142,5.201956167393516,18.0647656641367
06-07-17_08.39 n10degC_UDDS_Pan18650PF,test_ood,-10.0,18115,9.21602710140089,6.754489660929839,18.127777629045198,9.29264444685814,6.853901898329504,18.127777629045198
06-07-17_08.39 n10degC_US06_Pan18650PF,test_ood,-10.0,10258,4.900262565899079,2.784910568136713,14.78312982525246,4.971117657493705,2.8419370031341926,14.78312982525246
06-10-17_11.25 n10degC_Cycle_1_Pan18650PF,test_ood,-10.0,6035,12.245113402467922,11.331337425446444,17.82722543217617,12.556589785123645,11.881209742398154,17.82722543217617
06-10-17_18.35 n10degC_Cycle_2_Pan18650PF,test_ood,-10.0,5983,17.687076878284763,17.15930401983164,21.78334446366725,18.117217206873395,17.89481523142987,21.78334446366725
06-11-17_01.39 n10degC_Cycle_3_Pan18650PF,test_ood,-10.0,5697,17.96830091271977,17.53751589793175,22.05344948636105,18.415216987890794,18.292198277942315,22.05344948636105
06-11-17_08.42 n10degC_Cycle_4_Pan18650PF,test_ood,-10.0,6120,11.33756311428817,9.796518507471811,18.220378231100977,11.62136701925029,10.240058090324538,18.220378231100977
06-14-17_13.12 n10degC_NN_Pan18650PF,test_ood,-10.0,5268,17.346973481242298,17.08385075109894,21.93602368684304,17.63327270431421,17.442498196679907,21.93602368684304
06-23-17_23.35 n20degC_HWFET_Pan18650PF,test_ood,-20.0,11371,4.7743546092426925,2.8536706513126933,14.895293537374377,4.836625075837714,2.9081952140640017,14.895293537374377
06-23-17_23.35 n20degC_LA92_Pan18650PF,test_ood,-20.0,12850,5.511731685814992,3.500501770827977,15.155296590794217,5.575738249441533,3.5643069524609863,15.155296590794217
06-23-17_23.35 n20degC_NN_Pan18650PF,test_ood,-20.0,11679,4.3658569243855645,2.5275444590270646,13.710810134485557,4.420842799982319,2.5715808559266193,13.710810134485557
06-23-17_23.35 n20degC_UDDS_Pan18650PF,test_ood,-20.0,16082,9.369673060037599,6.669413888580885,20.444221237952075,9.457568946753392,6.779894416163219,20.444221237952075
06-24-17_04.29 n20degC_Cycle_1_Pan18650PF,test_ood,-20.0,5081,22.82613362821044,22.688001495773605,44.83069164348069,23.046308852494782,22.974870432429583,27.89233578759074
06-24-17_11.58 n20degC_Cycle_2_Pan18650PF,test_ood,-20.0,5047,22.009426597824604,21.688725251596722,45.71870496859655,22.324844882398732,22.08190696855726,29.488963184828464
06-24-17_19.29 n20degC_Cycle_3_Pan18650PF,test_ood,-20.0,5024,22.254274443746656,22.036368372474875,37.53947422165046,22.530333163149347,22.38461080256075,31.500400328004375
06-25-17_03.01 n20degC_Cycle_4_Pan18650PF,test_ood,-20.0,5044,18.3661318019833,18.152324909033602,22.514427179912786,18.61126149021963,18.457782607278258,22.514427179912786
06-25-17_10.31 n20degC_US06_Pan18650PF,test_ood,-20.0,2662,22.704249829225745,22.070467140683803,30.231803743649778,23.590572256056397,23.153989979772824,30.231803743649778
06-30-17_19.27 n20degC_trise_Cycle_1_Pan18650PF,test_ood_trise,-20.0,6948,16.911532219399035,16.59627684058252,42.806391000385545,17.034479800334218,16.76202637543693,19.512001914617837
07-01-17_01.30 n20degC_trise_Cycle_2_Pan18650PF,test_ood_trise,-20.0,6968,16.69789058846306,16.25829651312653,45.764511509805786,16.942151763076755,16.5926072764859,19.715008062715334
07-01-17_07.36 n20degC_trise_Cycle_3_Pan18650PF,test_ood_trise,-20.0,6089,17.505148617047908,17.368722802064337,37.15579780200204,17.69529038782378,17.621316163616005,19.691791511732756
07-01-17_13.42 n20degC_trise_Cycle_4_Pan18650PF,test_ood_trise,-20.0,7596,17.721473097799308,17.420153910741806,20.85058106378698,17.838716690871337,17.565588797710806,20.85058106378698
07-01-17_19.59 n20degC_trise_US06_Pan18650PF,test_ood_trise,-20.0,3534,21.72724935317493,21.26989525700012,28.453240553008907,22.355484897417167,22.077012152717803,28.453240553008907
07-09-17_19.11 10degC_trise_Cycle_1_Pan18650PF,test_ood_trise,10.0,9819,7.215456879150021,6.998419432381685,12.040892252811036,7.308518306864824,7.135436858416273,12.040892252811036
07-10-17_01.57 10degC_trise_Cycle_2_Pan18650PF,test_ood_trise,10.0,9835,7.9875564101040375,7.775275125619484,12.693745740783235,8.017401251308705,7.820790227356186,11.384424264336095
07-10-17_08.45 10degC_trise_Cycle_3_Pan18650PF,test_ood_trise,10.0,9827,8.85738660345993,8.744318200938856,11.488781575533974,8.92066614908419,8.831440388021015,11.488781575533974
07-10-17_15.34 10degC_trise_Cycle_4_Pan18650PF,test_ood_trise,10.0,9663,7.120197659694058,6.754527716673968,12.2655409323995,7.207814513680123,6.868386796402767,12.2655409323995
