pair,eval_group,n_files,delta_mean_pp,ci95_lo,ci95_hi,excludes_zero,n_files_improved
A2-1 − A2-0,ood(-10C),9,0.5563,0.4577,0.6549,True,0
A2-1 − A2-0,ood(-20C),9,0.5565,0.3822,0.7309,True,0
A2-1 − A2-0,ood(0C),9,0.5447,0.4459,0.6434,True,0
A2-1 − A2-0,ood(10C),9,0.3308,0.3077,0.354,True,0
A2-1 − A2-0,test_id(25C),4,-0.0237,-0.1009,0.0535,False,2
A2-2 − A2-0,ood(-10C),9,0.2569,0.1857,0.3281,True,0
A2-2 − A2-0,ood(-20C),9,0.2958,0.2123,0.3794,True,0
A2-2 − A2-0,ood(0C),9,0.1487,0.0646,0.2328,True,1
A2-2 − A2-0,ood(10C),9,0.1049,0.0394,0.1704,True,0
A2-2 − A2-0,test_id(25C),4,0.003,-0.0392,0.0453,False,2
A2-3 − A2-0,ood(-10C),9,-0.1964,-0.3151,-0.0777,True,8
A2-3 − A2-0,ood(-20C),9,-0.2378,-0.3588,-0.1168,True,8
A2-3 − A2-0,ood(0C),9,-0.102,-0.2011,-0.0029,True,8
A2-3 − A2-0,ood(10C),9,-0.0558,-0.1407,0.0292,False,7
A2-3 − A2-0,test_id(25C),4,0.0009,-0.0656,0.0673,False,2
A2-3 − A2-1,ood(-10C),9,-0.7527,-0.9399,-0.5656,True,9
A2-3 − A2-1,ood(-20C),9,-0.7943,-0.9582,-0.6305,True,9
A2-3 − A2-1,ood(0C),9,-0.6466,-0.7694,-0.5239,True,9
A2-3 − A2-1,ood(10C),9,-0.3866,-0.4632,-0.3101,True,9
A2-3 − A2-1,test_id(25C),4,0.0246,-0.1121,0.1613,False,2
A2-3 − A2-4,ood(-10C),9,0.0454,0.0012,0.0896,True,2
A2-3 − A2-4,ood(-20C),9,0.0437,-0.0762,0.1637,False,5
A2-3 − A2-4,ood(0C),9,-0.0628,-0.1949,0.0693,False,5
A2-3 − A2-4,ood(10C),9,-0.0106,-0.069,0.0478,False,6
A2-3 − A2-4,test_id(25C),4,-0.06,-0.1152,-0.0049,True,4
A2-4 − A2-0,ood(-10C),9,-0.2418,-0.3499,-0.1338,True,9
A2-4 − A2-0,ood(-20C),9,-0.2815,-0.3799,-0.1831,True,9
A2-4 − A2-0,ood(0C),9,-0.0392,-0.1972,0.1189,False,6
A2-4 − A2-0,ood(10C),9,-0.0452,-0.1279,0.0375,False,8
A2-4 − A2-0,test_id(25C),4,0.0609,0.0307,0.0911,True,0
