pair,desc,eval_group,seed,cycle_id,delta_pp
A2-1 − A2-0,残差族（仅 ν）相对无诊断量基线,test_id(25C),7,03-18-17_02.17 25degC_Cycle_1_Pan18650PF,-0.004246234893798828
A2-1 − A2-0,残差族（仅 ν）相对无诊断量基线,test_id(25C),7,03-19-17_03.25 25degC_Cycle_2_Pan18650PF,0.006396234035491943
A2-1 − A2-0,残差族（仅 ν）相对无诊断量基线,test_id(25C),7,03-19-17_09.07 25degC_Cycle_3_Pan18650PF,-0.009906530380248968
A2-1 − A2-0,残差族（仅 ν）相对无诊断量基线,test_id(25C),7,03-19-17_14.31 25degC_Cycle_4_Pan18650PF,0.02220696210861206
A2-1 − A2-0,残差族（仅 ν）相对无诊断量基线,test_id(25C),13,03-18-17_02.17 25degC_Cycle_1_Pan18650PF,-0.014315366744995117
A2-1 − A2-0,残差族（仅 ν）相对无诊断量基线,test_id(25C),13,03-19-17_03.25 25degC_Cycle_2_Pan18650PF,-0.031650543212890625
A2-1 − A2-0,残差族（仅 ν）相对无诊断量基线,test_id(25C),13,03-19-17_09.07 25degC_Cycle_3_Pan18650PF,0.0094490647315979
A2-1 − A2-0,残差族（仅 ν）相对无诊断量基线,test_id(25C),13,03-19-17_14.31 25degC_Cycle_4_Pan18650PF,-0.0020028352737426758
A2-1 − A2-0,残差族（仅 ν）相对无诊断量基线,test_id(25C),42,03-18-17_02.17 25degC_Cycle_1_Pan18650PF,0.03454524278640747
A2-1 − A2-0,残差族（仅 ν）相对无诊断量基线,test_id(25C),42,03-19-17_03.25 25degC_Cycle_2_Pan18650PF,0.013584911823272705
A2-1 − A2-0,残差族（仅 ν）相对无诊断量基线,test_id(25C),42,03-19-17_09.07 25degC_Cycle_3_Pan18650PF,0.0004899501800537664
A2-1 − A2-0,残差族（仅 ν）相对无诊断量基线,test_id(25C),42,03-19-17_14.31 25degC_Cycle_4_Pan18650PF,-0.30897748470306396
A2-1 − A2-0,残差族（仅 ν）相对无诊断量基线,ood(10C),7,03-27-17_09.06 10degC_HWFET_Pan18650PF,0.19302272796630904
A2-1 − A2-0,残差族（仅 ν）相对无诊断量基线,ood(10C),7,03-27-17_09.06 10degC_LA92_Pan18650PF,0.17687058448791504
A2-1 − A2-0,残差族（仅 ν）相对无诊断量基线,ood(10C),7,03-27-17_09.06 10degC_NN_Pan18650PF,0.20665311813354448
A2-1 − A2-0,残差族（仅 ν）相对无诊断量基线,ood(10C),7,03-27-17_09.06 10degC_UDDS_Pan18650PF,0.22347187995910556
A2-1 − A2-0,残差族（仅 ν）相对无诊断量基线,ood(10C),7,03-27-17_09.06 10degC_US06_Pan18650PF,0.1905221939086923
A2-1 − A2-0,残差族（仅 ν）相对无诊断量基线,ood(10C),7,03-28-17_12.51 10degC_Cycle_1_Pan18650PF,0.21865868568420455
A2-1 − A2-0,残差族（仅 ν）相对无诊断量基线,ood(10C),7,03-28-17_18.18 10degC_Cycle_2_Pan18650PF,0.25202465057373047
A2-1 − A2-0,残差族（仅 ν）相对无诊断量基线,ood(10C),7,04-05-17_17.04 10degC_Cycle_3_Pan18650PF,0.20532941818237305
A2-1 − A2-0,残差族（仅 ν）相对无诊断量基线,ood(10C),7,04-05-17_22.50 10degC_Cycle_4_Pan18650PF,0.25760054588317916
A2-1 − A2-0,残差族（仅 ν）相对无诊断量基线,ood(10C),13,03-27-17_09.06 10degC_HWFET_Pan18650PF,0.12042450904846191
A2-1 − A2-0,残差族（仅 ν）相对无诊断量基线,ood(10C),13,03-27-17_09.06 10degC_LA92_Pan18650PF,0.11335182189941362
A2-1 − A2-0,残差族（仅 ν）相对无诊断量基线,ood(10C),13,03-27-17_09.06 10degC_NN_Pan18650PF,0.1006162166595459
A2-1 − A2-0,残差族（仅 ν）相对无诊断量基线,ood(10C),13,03-27-17_09.06 10degC_UDDS_Pan18650PF,0.020723342895507812
A2-1 − A2-0,残差族（仅 ν）相对无诊断量基线,ood(10C),13,03-27-17_09.06 10degC_US06_Pan18650PF,0.28653669357299805
A2-1 − A2-0,残差族（仅 ν）相对无诊断量基线,ood(10C),13,03-28-17_12.51 10degC_Cycle_1_Pan18650PF,0.16602635383606001
A2-1 − A2-0,残差族（仅 ν）相对无诊断量基线,ood(10C),13,03-28-17_18.18 10degC_Cycle_2_Pan18650PF,0.18726396560668945
A2-1 − A2-0,残差族（仅 ν）相对无诊断量基线,ood(10C),13,04-05-17_17.04 10degC_Cycle_3_Pan18650PF,0.1691131591796875
A2-1 − A2-0,残差族（仅 ν）相对无诊断量基线,ood(10C),13,04-05-17_22.50 10degC_Cycle_4_Pan18650PF,0.11970853805541992
A2-1 − A2-0,残差族（仅 ν）相对无诊断量基线,ood(10C),42,03-27-17_09.06 10degC_HWFET_Pan18650PF,0.6710426807403564
A2-1 − A2-0,残差族（仅 ν）相对无诊断量基线,ood(10C),42,03-27-17_09.06 10degC_LA92_Pan18650PF,0.6067004203796387
A2-1 − A2-0,残差族（仅 ν）相对无诊断量基线,ood(10C),42,03-27-17_09.06 10degC_NN_Pan18650PF,0.6033132076263428
A2-1 − A2-0,残差族（仅 ν）相对无诊断量基线,ood(10C),42,03-27-17_09.06 10degC_UDDS_Pan18650PF,0.6481661796569824
A2-1 − A2-0,残差族（仅 ν）相对无诊断量基线,ood(10C),42,03-27-17_09.06 10degC_US06_Pan18650PF,0.6561620235443115
A2-1 − A2-0,残差族（仅 ν）相对无诊断量基线,ood(10C),42,03-28-17_12.51 10degC_Cycle_1_Pan18650PF,0.6155490875244141
A2-1 − A2-0,残差族（仅 ν）相对无诊断量基线,ood(10C),42,03-28-17_18.18 10degC_Cycle_2_Pan18650PF,0.6256160736083984
A2-1 − A2-0,残差族（仅 ν）相对无诊断量基线,ood(10C),42,04-05-17_17.04 10degC_Cycle_3_Pan18650PF,0.5727748870849609
A2-1 − A2-0,残差族（仅 ν）相对无诊断量基线,ood(10C),42,04-05-17_22.50 10degC_Cycle_4_Pan18650PF,0.7254130840301514
A2-1 − A2-0,残差族（仅 ν）相对无诊断量基线,ood(0C),7,05-30-17_12.56 0degC_Cycle_1_Pan18650PF,0.1415052413940412
A2-1 − A2-0,残差族（仅 ν）相对无诊断量基线,ood(0C),7,05-30-17_20.16 0degC_Cycle_2_Pan18650PF,0.37143898010253906
A2-1 − A2-0,残差族（仅 ν）相对无诊断量基线,ood(0C),7,06-01-17_10.36 0degC_LA92_Pan18650PF,0.31291961669921875
A2-1 − A2-0,残差族（仅 ν）相对无诊断量基线,ood(0C),7,06-01-17_10.36 0degC_NN_Pan18650PF,0.24077415466308594
A2-1 − A2-0,残差族（仅 ν）相对无诊断量基线,ood(0C),7,06-01-17_15.36 0degC_Cycle_3_Pan18650PF,0.5488767623901349
A2-1 − A2-0,残差族（仅 ν）相对无诊断量基线,ood(0C),7,06-01-17_22.03 0degC_Cycle_4_Pan18650PF,0.37960052490234375
A2-1 − A2-0,残差族（仅 ν）相对无诊断量基线,ood(0C),7,06-02-17_04.58 0degC_US06_Pan18650PF,0.43467044830322266
A2-1 − A2-0,残差族（仅 ν）相对无诊断量基线,ood(0C),7,06-02-17_10.43 0degC_HWFET_Pan18650PF,0.4128293991088885
A2-1 − A2-0,残差族（仅 ν）相对无诊断量基线,ood(0C),7,06-02-17_17.14 0degC_UDDS_Pan18650PF,0.4789314270019531
A2-1 − A2-0,残差族（仅 ν）相对无诊断量基线,ood(0C),13,05-30-17_12.56 0degC_Cycle_1_Pan18650PF,0.1678123474121076
A2-1 − A2-0,残差族（仅 ν）相对无诊断量基线,ood(0C),13,05-30-17_20.16 0degC_Cycle_2_Pan18650PF,0.25206851959228693
A2-1 − A2-0,残差族（仅 ν）相对无诊断量基线,ood(0C),13,06-01-17_10.36 0degC_LA92_Pan18650PF,0.08205080032348633
A2-1 − A2-0,残差族（仅 ν）相对无诊断量基线,ood(0C),13,06-01-17_10.36 0degC_NN_Pan18650PF,0.016900539398194248
A2-1 − A2-0,残差族（仅 ν）相对无诊断量基线,ood(0C),13,06-01-17_15.36 0degC_Cycle_3_Pan18650PF,0.25174522399902166
A2-1 − A2-0,残差族（仅 ν）相对无诊断量基线,ood(0C),13,06-01-17_22.03 0degC_Cycle_4_Pan18650PF,0.2102794647216797
A2-1 − A2-0,残差族（仅 ν）相对无诊断量基线,ood(0C),13,06-02-17_04.58 0degC_US06_Pan18650PF,0.5902948379516619
A2-1 − A2-0,残差族（仅 ν）相对无诊断量基线,ood(0C),13,06-02-17_10.43 0degC_HWFET_Pan18650PF,0.35651111602783203
A2-1 − A2-0,残差族（仅 ν）相对无诊断量基线,ood(0C),13,06-02-17_17.14 0degC_UDDS_Pan18650PF,0.005839347839355469
A2-1 − A2-0,残差族（仅 ν）相对无诊断量基线,ood(0C),42,05-30-17_12.56 0degC_Cycle_1_Pan18650PF,1.0525751113891602
A2-1 − A2-0,残差族（仅 ν）相对无诊断量基线,ood(0C),42,05-30-17_20.16 0degC_Cycle_2_Pan18650PF,1.1468677520751935
A2-1 − A2-0,残差族（仅 ν）相对无诊断量基线,ood(0C),42,06-01-17_10.36 0degC_LA92_Pan18650PF,0.8471956253051758
A2-1 − A2-0,残差族（仅 ν）相对无诊断量基线,ood(0C),42,06-01-17_10.36 0degC_NN_Pan18650PF,0.7854518890380859
A2-1 − A2-0,残差族（仅 ν）相对无诊断量基线,ood(0C),42,06-01-17_15.36 0degC_Cycle_3_Pan18650PF,0.994661331176756
A2-1 − A2-0,残差族（仅 ν）相对无诊断量基线,ood(0C),42,06-01-17_22.03 0degC_Cycle_4_Pan18650PF,1.1012077331542969
A2-1 − A2-0,残差族（仅 ν）相对无诊断量基线,ood(0C),42,06-02-17_04.58 0degC_US06_Pan18650PF,1.0261049270629883
A2-1 − A2-0,残差族（仅 ν）相对无诊断量基线,ood(0C),42,06-02-17_10.43 0degC_HWFET_Pan18650PF,1.4754533767700213
A2-1 − A2-0,残差族（仅 ν）相对无诊断量基线,ood(0C),42,06-02-17_17.14 0degC_UDDS_Pan18650PF,1.0211019515991193
A2-1 − A2-0,残差族（仅 ν）相对无诊断量基线,ood(-10C),7,06-07-17_08.39 n10degC_HWFET_Pan18650PF,0.28612565994262695
A2-1 − A2-0,残差族（仅 ν）相对无诊断量基线,ood(-10C),7,06-07-17_08.39 n10degC_LA92_Pan18650PF,0.38692188262939453
A2-1 − A2-0,残差族（仅 ν）相对无诊断量基线,ood(-10C),7,06-07-17_08.39 n10degC_UDDS_Pan18650PF,0.4487600326538086
A2-1 − A2-0,残差族（仅 ν）相对无诊断量基线,ood(-10C),7,06-07-17_08.39 n10degC_US06_Pan18650PF,0.16681241989135742
A2-1 − A2-0,残差族（仅 ν）相对无诊断量基线,ood(-10C),7,06-10-17_11.25 n10degC_Cycle_1_Pan18650PF,0.470283508300783
A2-1 − A2-0,残差族（仅 ν）相对无诊断量基线,ood(-10C),7,06-10-17_18.35 n10degC_Cycle_2_Pan18650PF,0.6128349304199219
A2-1 − A2-0,残差族（仅 ν）相对无诊断量基线,ood(-10C),7,06-11-17_01.39 n10degC_Cycle_3_Pan18650PF,0.60028076171875
A2-1 − A2-0,残差族（仅 ν）相对无诊断量基线,ood(-10C),7,06-11-17_08.42 n10degC_Cycle_4_Pan18650PF,0.5437831878662092
A2-1 − A2-0,残差族（仅 ν）相对无诊断量基线,ood(-10C),7,06-14-17_13.12 n10degC_NN_Pan18650PF,0.5748062133789062
A2-1 − A2-0,残差族（仅 ν）相对无诊断量基线,ood(-10C),13,06-07-17_08.39 n10degC_HWFET_Pan18650PF,-0.02149057388305664
A2-1 − A2-0,残差族（仅 ν）相对无诊断量基线,ood(-10C),13,06-07-17_08.39 n10degC_LA92_Pan18650PF,-0.04745054244995206
A2-1 − A2-0,残差族（仅 ν）相对无诊断量基线,ood(-10C),13,06-07-17_08.39 n10degC_UDDS_Pan18650PF,-0.17025661468506037
A2-1 − A2-0,残差族（仅 ν）相对无诊断量基线,ood(-10C),13,06-07-17_08.39 n10degC_US06_Pan18650PF,-0.02403545379638583
A2-1 − A2-0,残差族（仅 ν）相对无诊断量基线,ood(-10C),13,06-10-17_11.25 n10degC_Cycle_1_Pan18650PF,0.06027603149413885
A2-1 − A2-0,残差族（仅 ν）相对无诊断量基线,ood(-10C),13,06-10-17_18.35 n10degC_Cycle_2_Pan18650PF,0.19089698791503906
A2-1 − A2-0,残差族（仅 ν）相对无诊断量基线,ood(-10C),13,06-11-17_01.39 n10degC_Cycle_3_Pan18650PF,0.21246719360351562
A2-1 − A2-0,残差族（仅 ν）相对无诊断量基线,ood(-10C),13,06-11-17_08.42 n10degC_Cycle_4_Pan18650PF,0.22766780853271484
A2-1 − A2-0,残差族（仅 ν）相对无诊断量基线,ood(-10C),13,06-14-17_13.12 n10degC_NN_Pan18650PF,0.19957542419433594
A2-1 − A2-0,残差族（仅 ν）相对无诊断量基线,ood(-10C),42,06-07-17_08.39 n10degC_HWFET_Pan18650PF,1.3248729705810547
A2-1 − A2-0,残差族（仅 ν）相对无诊断量基线,ood(-10C),42,06-07-17_08.39 n10degC_LA92_Pan18650PF,0.9782099723815918
A2-1 − A2-0,残差族（仅 ν）相对无诊断量基线,ood(-10C),42,06-07-17_08.39 n10degC_UDDS_Pan18650PF,0.9755477905273438
A2-1 − A2-0,残差族（仅 ν）相对无诊断量基线,ood(-10C),42,06-07-17_08.39 n10degC_US06_Pan18650PF,0.9101719856262207
A2-1 − A2-0,残差族（仅 ν）相对无诊断量基线,ood(-10C),42,06-10-17_11.25 n10degC_Cycle_1_Pan18650PF,1.2636775970458984
A2-1 − A2-0,残差族（仅 ν）相对无诊断量基线,ood(-10C),42,06-10-17_18.35 n10degC_Cycle_2_Pan18650PF,1.336517333984382
A2-1 − A2-0,残差族（仅 ν）相对无诊断量基线,ood(-10C),42,06-11-17_01.39 n10degC_Cycle_3_Pan18650PF,1.1669445037841797
A2-1 − A2-0,残差族（仅 ν）相对无诊断量基线,ood(-10C),42,06-11-17_08.42 n10degC_Cycle_4_Pan18650PF,1.263686180114746
A2-1 − A2-0,残差族（仅 ν）相对无诊断量基线,ood(-10C),42,06-14-17_13.12 n10degC_NN_Pan18650PF,1.0828094482421875
A2-1 − A2-0,残差族（仅 ν）相对无诊断量基线,ood(-20C),7,06-23-17_23.35 n20degC_HWFET_Pan18650PF,0.28357410430908203
A2-1 − A2-0,残差族（仅 ν）相对无诊断量基线,ood(-20C),7,06-23-17_23.35 n20degC_LA92_Pan18650PF,0.3764643669128418
A2-1 − A2-0,残差族（仅 ν）相对无诊断量基线,ood(-20C),7,06-23-17_23.35 n20degC_NN_Pan18650PF,0.37122631072998047
A2-1 − A2-0,残差族（仅 ν）相对无诊断量基线,ood(-20C),7,06-23-17_23.35 n20degC_UDDS_Pan18650PF,0.3693275451660156
A2-1 − A2-0,残差族（仅 ν）相对无诊断量基线,ood(-20C),7,06-24-17_04.29 n20degC_Cycle_1_Pan18650PF,0.5786914825439453
A2-1 − A2-0,残差族（仅 ν）相对无诊断量基线,ood(-20C),7,06-24-17_11.58 n20degC_Cycle_2_Pan18650PF,0.6105537414550781
A2-1 − A2-0,残差族（仅 ν）相对无诊断量基线,ood(-20C),7,06-24-17_19.29 n20degC_Cycle_3_Pan18650PF,0.4941272735595703
A2-1 − A2-0,残差族（仅 ν）相对无诊断量基线,ood(-20C),7,06-25-17_03.01 n20degC_Cycle_4_Pan18650PF,0.559350967407223
A2-1 − A2-0,残差族（仅 ν）相对无诊断量基线,ood(-20C),7,06-25-17_10.31 n20degC_US06_Pan18650PF,0.8029804229736328
A2-1 − A2-0,残差族（仅 ν）相对无诊断量基线,ood(-20C),13,06-23-17_23.35 n20degC_HWFET_Pan18650PF,-0.321286678314209
A2-1 − A2-0,残差族（仅 ν）相对无诊断量基线,ood(-20C),13,06-23-17_23.35 n20degC_LA92_Pan18650PF,-0.3261404037475586
A2-1 − A2-0,残差族（仅 ν）相对无诊断量基线,ood(-20C),13,06-23-17_23.35 n20degC_NN_Pan18650PF,-0.3817429542541504
A2-1 − A2-0,残差族（仅 ν）相对无诊断量基线,ood(-20C),13,06-23-17_23.35 n20degC_UDDS_Pan18650PF,-0.39748191833495916
A2-1 − A2-0,残差族（仅 ν）相对无诊断量基线,ood(-20C),13,06-24-17_04.29 n20degC_Cycle_1_Pan18650PF,0.00366973876953125
A2-1 − A2-0,残差族（仅 ν）相对无诊断量基线,ood(-20C),13,06-24-17_11.58 n20degC_Cycle_2_Pan18650PF,0.0779876708984375
A2-1 − A2-0,残差族（仅 ν）相对无诊断量基线,ood(-20C),13,06-24-17_19.29 n20degC_Cycle_3_Pan18650PF,0.039148330688480115
A2-1 − A2-0,残差族（仅 ν）相对无诊断量基线,ood(-20C),13,06-25-17_03.01 n20degC_Cycle_4_Pan18650PF,-0.04412269592284801
A2-1 − A2-0,残差族（仅 ν）相对无诊断量基线,ood(-20C),13,06-25-17_10.31 n20degC_US06_Pan18650PF,0.8948535919189489
A2-1 − A2-0,残差族（仅 ν）相对无诊断量基线,ood(-20C),42,06-23-17_23.35 n20degC_HWFET_Pan18650PF,1.3395261764526358
A2-1 − A2-0,残差族（仅 ν）相对无诊断量基线,ood(-20C),42,06-23-17_23.35 n20degC_LA92_Pan18650PF,1.0802359580993652
A2-1 − A2-0,残差族（仅 ν）相对无诊断量基线,ood(-20C),42,06-23-17_23.35 n20degC_NN_Pan18650PF,1.0718703269958496
A2-1 − A2-0,残差族（仅 ν）相对无诊断量基线,ood(-20C),42,06-23-17_23.35 n20degC_UDDS_Pan18650PF,0.9182567596435565
A2-1 − A2-0,残差族（仅 ν）相对无诊断量基线,ood(-20C),42,06-24-17_04.29 n20degC_Cycle_1_Pan18650PF,1.2419624328613281
A2-1 − A2-0,残差族（仅 ν）相对无诊断量基线,ood(-20C),42,06-24-17_11.58 n20degC_Cycle_2_Pan18650PF,1.3105506896972656
A2-1 − A2-0,残差族（仅 ν）相对无诊断量基线,ood(-20C),42,06-24-17_19.29 n20degC_Cycle_3_Pan18650PF,1.204416275024414
A2-1 − A2-0,残差族（仅 ν）相对无诊断量基线,ood(-20C),42,06-25-17_03.01 n20degC_Cycle_4_Pan18650PF,1.4572582244873047
A2-1 − A2-0,残差族（仅 ν）相对无诊断量基线,ood(-20C),42,06-25-17_10.31 n20degC_US06_Pan18650PF,1.411289215087887
A2-2 − A2-0,残差族完整（ν+NIS）相对基线,test_id(25C),7,03-18-17_02.17 25degC_Cycle_1_Pan18650PF,-0.061709582805633545
A2-2 − A2-0,残差族完整（ν+NIS）相对基线,test_id(25C),7,03-19-17_03.25 25degC_Cycle_2_Pan18650PF,-0.03628873825073242
A2-2 − A2-0,残差族完整（ν+NIS）相对基线,test_id(25C),7,03-19-17_09.07 25degC_Cycle_3_Pan18650PF,0.0022521913051605225
A2-2 − A2-0,残差族完整（ν+NIS）相对基线,test_id(25C),7,03-19-17_14.31 25degC_Cycle_4_Pan18650PF,0.10141342878341675
A2-2 − A2-0,残差族完整（ν+NIS）相对基线,test_id(25C),13,03-18-17_02.17 25degC_Cycle_1_Pan18650PF,-0.04851377010345459
A2-2 − A2-0,残差族完整（ν+NIS）相对基线,test_id(25C),13,03-19-17_03.25 25degC_Cycle_2_Pan18650PF,0.026188015937805176
A2-2 − A2-0,残差族完整（ν+NIS）相对基线,test_id(25C),13,03-19-17_09.07 25degC_Cycle_3_Pan18650PF,0.07924422621726984
A2-2 − A2-0,残差族完整（ν+NIS）相对基线,test_id(25C),13,03-19-17_14.31 25degC_Cycle_4_Pan18650PF,0.18395179510116577
A2-2 − A2-0,残差族完整（ν+NIS）相对基线,test_id(25C),42,03-18-17_02.17 25degC_Cycle_1_Pan18650PF,0.02472364902496338
A2-2 − A2-0,残差族完整（ν+NIS）相对基线,test_id(25C),42,03-19-17_03.25 25degC_Cycle_2_Pan18650PF,-0.007764756679534912
A2-2 − A2-0,残差族完整（ν+NIS）相对基线,test_id(25C),42,03-19-17_09.07 25degC_Cycle_3_Pan18650PF,0.019508123397827204
A2-2 − A2-0,残差族完整（ν+NIS）相对基线,test_id(25C),42,03-19-17_14.31 25degC_Cycle_4_Pan18650PF,-0.24656373262405396
A2-2 − A2-0,残差族完整（ν+NIS）相对基线,ood(10C),7,03-27-17_09.06 10degC_HWFET_Pan18650PF,0.1714489459991455
A2-2 − A2-0,残差族完整（ν+NIS）相对基线,ood(10C),7,03-27-17_09.06 10degC_LA92_Pan18650PF,-0.0016429424285888672
A2-2 − A2-0,残差族完整（ν+NIS）相对基线,ood(10C),7,03-27-17_09.06 10degC_NN_Pan18650PF,0.10377192497253374
A2-2 − A2-0,残差族完整（ν+NIS）相对基线,ood(10C),7,03-27-17_09.06 10degC_UDDS_Pan18650PF,0.08724927902221591
A2-2 − A2-0,残差族完整（ν+NIS）相对基线,ood(10C),7,03-27-17_09.06 10degC_US06_Pan18650PF,-0.039285898208617276
A2-2 − A2-0,残差族完整（ν+NIS）相对基线,ood(10C),7,03-28-17_12.51 10degC_Cycle_1_Pan18650PF,0.04056096076965332
A2-2 − A2-0,残差族完整（ν+NIS）相对基线,ood(10C),7,03-28-17_18.18 10degC_Cycle_2_Pan18650PF,0.05548238754272461
A2-2 − A2-0,残差族完整（ν+NIS）相对基线,ood(10C),7,04-05-17_17.04 10degC_Cycle_3_Pan18650PF,0.011146068572998047
A2-2 − A2-0,残差族完整（ν+NIS）相对基线,ood(10C),7,04-05-17_22.50 10degC_Cycle_4_Pan18650PF,0.079370498657227
A2-2 − A2-0,残差族完整（ν+NIS）相对基线,ood(10C),13,03-27-17_09.06 10degC_HWFET_Pan18650PF,0.3694891929626465
A2-2 − A2-0,残差族完整（ν+NIS）相对基线,ood(10C),13,03-27-17_09.06 10degC_LA92_Pan18650PF,-0.12491059303283736
A2-2 − A2-0,残差族完整（ν+NIS）相对基线,ood(10C),13,03-27-17_09.06 10degC_NN_Pan18650PF,0.0679473876953125
A2-2 − A2-0,残差族完整（ν+NIS）相对基线,ood(10C),13,03-27-17_09.06 10degC_UDDS_Pan18650PF,-0.0755472183227539
A2-2 − A2-0,残差族完整（ν+NIS）相对基线,ood(10C),13,03-27-17_09.06 10degC_US06_Pan18650PF,0.08665919303894043
A2-2 − A2-0,残差族完整（ν+NIS）相对基线,ood(10C),13,03-28-17_12.51 10degC_Cycle_1_Pan18650PF,-0.05327653884887651
A2-2 − A2-0,残差族完整（ν+NIS）相对基线,ood(10C),13,03-28-17_18.18 10degC_Cycle_2_Pan18650PF,-0.08510875701904297
A2-2 − A2-0,残差族完整（ν+NIS）相对基线,ood(10C),13,04-05-17_17.04 10degC_Cycle_3_Pan18650PF,-0.0401611328125
A2-2 − A2-0,残差族完整（ν+NIS）相对基线,ood(10C),13,04-05-17_22.50 10degC_Cycle_4_Pan18650PF,0.008357763290405273
A2-2 − A2-0,残差族完整（ν+NIS）相对基线,ood(10C),42,03-27-17_09.06 10degC_HWFET_Pan18650PF,0.395596981048584
A2-2 − A2-0,残差族完整（ν+NIS）相对基线,ood(10C),42,03-27-17_09.06 10degC_LA92_Pan18650PF,0.18906354904174805
A2-2 − A2-0,残差族完整（ν+NIS）相对基线,ood(10C),42,03-27-17_09.06 10degC_NN_Pan18650PF,0.2510530948638916
A2-2 − A2-0,残差族完整（ν+NIS）相对基线,ood(10C),42,03-27-17_09.06 10degC_UDDS_Pan18650PF,0.23789548873901367
A2-2 − A2-0,残差族完整（ν+NIS）相对基线,ood(10C),42,03-27-17_09.06 10degC_US06_Pan18650PF,0.23974251747131348
A2-2 − A2-0,残差族完整（ν+NIS）相对基线,ood(10C),42,03-28-17_12.51 10degC_Cycle_1_Pan18650PF,0.2181041240692143
A2-2 − A2-0,残差族完整（ν+NIS）相对基线,ood(10C),42,03-28-17_18.18 10degC_Cycle_2_Pan18650PF,0.17774677276611328
A2-2 − A2-0,残差族完整（ν+NIS）相对基线,ood(10C),42,04-05-17_17.04 10degC_Cycle_3_Pan18650PF,0.21723556518554688
A2-2 − A2-0,残差族完整（ν+NIS）相对基线,ood(10C),42,04-05-17_22.50 10degC_Cycle_4_Pan18650PF,0.24431920051574707
A2-2 − A2-0,残差族完整（ν+NIS）相对基线,ood(0C),7,05-30-17_12.56 0degC_Cycle_1_Pan18650PF,-0.23383712768554865
A2-2 − A2-0,残差族完整（ν+NIS）相对基线,ood(0C),7,05-30-17_20.16 0degC_Cycle_2_Pan18650PF,-0.11182117462158203
A2-2 − A2-0,残差族完整（ν+NIS）相对基线,ood(0C),7,06-01-17_10.36 0degC_LA92_Pan18650PF,0.23889970779419034
A2-2 − A2-0,残差族完整（ν+NIS）相对基线,ood(0C),7,06-01-17_10.36 0degC_NN_Pan18650PF,0.29730796813964844
A2-2 − A2-0,残差族完整（ν+NIS）相对基线,ood(0C),7,06-01-17_15.36 0degC_Cycle_3_Pan18650PF,0.22003173828124822
A2-2 − A2-0,残差族完整（ν+NIS）相对基线,ood(0C),7,06-01-17_22.03 0degC_Cycle_4_Pan18650PF,0.1772327423095703
A2-2 − A2-0,残差族完整（ν+NIS）相对基线,ood(0C),7,06-02-17_04.58 0degC_US06_Pan18650PF,-0.024537086486816406
A2-2 − A2-0,残差族完整（ν+NIS）相对基线,ood(0C),7,06-02-17_10.43 0degC_HWFET_Pan18650PF,-0.007008552551269531
A2-2 − A2-0,残差族完整（ν+NIS）相对基线,ood(0C),7,06-02-17_17.14 0degC_UDDS_Pan18650PF,0.3201637268066406
A2-2 − A2-0,残差族完整（ν+NIS）相对基线,ood(0C),13,05-30-17_12.56 0degC_Cycle_1_Pan18650PF,-0.2009944915771502
A2-2 − A2-0,残差族完整（ν+NIS）相对基线,ood(0C),13,05-30-17_20.16 0degC_Cycle_2_Pan18650PF,-0.16891860961913885
A2-2 − A2-0,残差族完整（ν+NIS）相对基线,ood(0C),13,06-01-17_10.36 0degC_LA92_Pan18650PF,0.0035657882690429688
A2-2 − A2-0,残差族完整（ν+NIS）相对基线,ood(0C),13,06-01-17_10.36 0degC_NN_Pan18650PF,0.1720576286315918
A2-2 − A2-0,残差族完整（ν+NIS）相对基线,ood(0C),13,06-01-17_15.36 0degC_Cycle_3_Pan18650PF,-0.19114208221435547
A2-2 − A2-0,残差族完整（ν+NIS）相对基线,ood(0C),13,06-01-17_22.03 0degC_Cycle_4_Pan18650PF,0.02775287628173828
A2-2 − A2-0,残差族完整（ν+NIS）相对基线,ood(0C),13,06-02-17_04.58 0degC_US06_Pan18650PF,0.07708454132080256
A2-2 − A2-0,残差族完整（ν+NIS）相对基线,ood(0C),13,06-02-17_10.43 0degC_HWFET_Pan18650PF,0.28826427459716797
A2-2 − A2-0,残差族完整（ν+NIS）相对基线,ood(0C),13,06-02-17_17.14 0degC_UDDS_Pan18650PF,-0.18249797821044922
A2-2 − A2-0,残差族完整（ν+NIS）相对基线,ood(0C),42,05-30-17_12.56 0degC_Cycle_1_Pan18650PF,0.3373270034790039
A2-2 − A2-0,残差族完整（ν+NIS）相对基线,ood(0C),42,05-30-17_20.16 0degC_Cycle_2_Pan18650PF,0.35723972320556285
A2-2 − A2-0,残差族完整（ν+NIS）相对基线,ood(0C),42,06-01-17_10.36 0degC_LA92_Pan18650PF,0.3436403274536133
A2-2 − A2-0,残差族完整（ν+NIS）相对基线,ood(0C),42,06-01-17_10.36 0degC_NN_Pan18650PF,0.290006160736084
A2-2 − A2-0,残差族完整（ν+NIS）相对基线,ood(0C),42,06-01-17_15.36 0degC_Cycle_3_Pan18650PF,0.2336740493774414
A2-2 − A2-0,残差族完整（ν+NIS）相对基线,ood(0C),42,06-01-17_22.03 0degC_Cycle_4_Pan18650PF,0.42212581634521484
A2-2 − A2-0,残差族完整（ν+NIS）相对基线,ood(0C),42,06-02-17_04.58 0degC_US06_Pan18650PF,0.3170928955078125
A2-2 − A2-0,残差族完整（ν+NIS）相对基线,ood(0C),42,06-02-17_10.43 0degC_HWFET_Pan18650PF,0.6522216796875
A2-2 − A2-0,残差族完整（ν+NIS）相对基线,ood(0C),42,06-02-17_17.14 0degC_UDDS_Pan18650PF,0.35934925079345703
A2-2 − A2-0,残差族完整（ν+NIS）相对基线,ood(-10C),7,06-07-17_08.39 n10degC_HWFET_Pan18650PF,0.29489564895629883
A2-2 − A2-0,残差族完整（ν+NIS）相对基线,ood(-10C),7,06-07-17_08.39 n10degC_LA92_Pan18650PF,0.43122053146362305
A2-2 − A2-0,残差族完整（ν+NIS）相对基线,ood(-10C),7,06-07-17_08.39 n10degC_UDDS_Pan18650PF,0.5241785049438477
A2-2 − A2-0,残差族完整（ν+NIS）相对基线,ood(-10C),7,06-07-17_08.39 n10degC_US06_Pan18650PF,0.35010957717895597
A2-2 − A2-0,残差族完整（ν+NIS）相对基线,ood(-10C),7,06-10-17_11.25 n10degC_Cycle_1_Pan18650PF,0.44178390502929865
A2-2 − A2-0,残差族完整（ν+NIS）相对基线,ood(-10C),7,06-10-17_18.35 n10degC_Cycle_2_Pan18650PF,0.412933349609375
A2-2 − A2-0,残差族完整（ν+NIS）相对基线,ood(-10C),7,06-11-17_01.39 n10degC_Cycle_3_Pan18650PF,0.39658355712890625
A2-2 − A2-0,残差族完整（ν+NIS）相对基线,ood(-10C),7,06-11-17_08.42 n10degC_Cycle_4_Pan18650PF,0.43337154388427557
A2-2 − A2-0,残差族完整（ν+NIS）相对基线,ood(-10C),7,06-14-17_13.12 n10degC_NN_Pan18650PF,0.4533653259277344
A2-2 − A2-0,残差族完整（ν+NIS）相对基线,ood(-10C),13,06-07-17_08.39 n10degC_HWFET_Pan18650PF,0.3147244453430176
A2-2 − A2-0,残差族完整（ν+NIS）相对基线,ood(-10C),13,06-07-17_08.39 n10degC_LA92_Pan18650PF,-0.0069141387939453125
A2-2 − A2-0,残差族完整（ν+NIS）相对基线,ood(-10C),13,06-07-17_08.39 n10degC_UDDS_Pan18650PF,-0.18662834167480646
A2-2 − A2-0,残差族完整（ν+NIS）相对基线,ood(-10C),13,06-07-17_08.39 n10degC_US06_Pan18650PF,0.3870062828063965
A2-2 − A2-0,残差族完整（ν+NIS）相对基线,ood(-10C),13,06-10-17_11.25 n10degC_Cycle_1_Pan18650PF,-0.019088745117189276
A2-2 − A2-0,残差族完整（ν+NIS）相对基线,ood(-10C),13,06-10-17_18.35 n10degC_Cycle_2_Pan18650PF,-0.1832256317138672
A2-2 − A2-0,残差族完整（ν+NIS）相对基线,ood(-10C),13,06-11-17_01.39 n10degC_Cycle_3_Pan18650PF,-0.2977275848388672
A2-2 − A2-0,残差族完整（ν+NIS）相对基线,ood(-10C),13,06-11-17_08.42 n10degC_Cycle_4_Pan18650PF,-0.07381343841552734
A2-2 − A2-0,残差族完整（ν+NIS）相对基线,ood(-10C),13,06-14-17_13.12 n10degC_NN_Pan18650PF,-0.19817161560058594
A2-2 − A2-0,残差族完整（ν+NIS）相对基线,ood(-10C),42,06-07-17_08.39 n10degC_HWFET_Pan18650PF,0.6217875480651855
A2-2 − A2-0,残差族完整（ν+NIS）相对基线,ood(-10C),42,06-07-17_08.39 n10degC_LA92_Pan18650PF,0.3470425605773926
A2-2 − A2-0,残差族完整（ν+NIS）相对基线,ood(-10C),42,06-07-17_08.39 n10degC_UDDS_Pan18650PF,0.28986644744873047
A2-2 − A2-0,残差族完整（ν+NIS）相对基线,ood(-10C),42,06-07-17_08.39 n10degC_US06_Pan18650PF,0.3498268127441406
A2-2 − A2-0,残差族完整（ν+NIS）相对基线,ood(-10C),42,06-10-17_11.25 n10degC_Cycle_1_Pan18650PF,0.4469327926635742
A2-2 − A2-0,残差族完整（ν+NIS）相对基线,ood(-10C),42,06-10-17_18.35 n10degC_Cycle_2_Pan18650PF,0.4088573455810547
A2-2 − A2-0,残差族完整（ν+NIS）相对基线,ood(-10C),42,06-11-17_01.39 n10degC_Cycle_3_Pan18650PF,0.23468589782714844
A2-2 − A2-0,残差族完整（ν+NIS）相对基线,ood(-10C),42,06-11-17_08.42 n10degC_Cycle_4_Pan18650PF,0.4920892715454084
A2-2 − A2-0,残差族完整（ν+NIS）相对基线,ood(-10C),42,06-14-17_13.12 n10degC_NN_Pan18650PF,0.27066802978515625
A2-2 − A2-0,残差族完整（ν+NIS）相对基线,ood(-20C),7,06-23-17_23.35 n20degC_HWFET_Pan18650PF,0.603489875793457
A2-2 − A2-0,残差族完整（ν+NIS）相对基线,ood(-20C),7,06-23-17_23.35 n20degC_LA92_Pan18650PF,0.7051138877868652
A2-2 − A2-0,残差族完整（ν+NIS）相对基线,ood(-20C),7,06-23-17_23.35 n20degC_NN_Pan18650PF,0.7141017913818368
A2-2 − A2-0,残差族完整（ν+NIS）相对基线,ood(-20C),7,06-23-17_23.35 n20degC_UDDS_Pan18650PF,0.7304496765136719
A2-2 − A2-0,残差族完整（ν+NIS）相对基线,ood(-20C),7,06-24-17_04.29 n20degC_Cycle_1_Pan18650PF,0.6679172515869141
A2-2 − A2-0,残差族完整（ν+NIS）相对基线,ood(-20C),7,06-24-17_11.58 n20degC_Cycle_2_Pan18650PF,0.6760482788085938
A2-2 − A2-0,残差族完整（ν+NIS）相对基线,ood(-20C),7,06-24-17_19.29 n20degC_Cycle_3_Pan18650PF,0.6619224548339844
A2-2 − A2-0,残差族完整（ν+NIS）相对基线,ood(-20C),7,06-25-17_03.01 n20degC_Cycle_4_Pan18650PF,0.675064086914059
A2-2 − A2-0,残差族完整（ν+NIS）相对基线,ood(-20C),7,06-25-17_10.31 n20degC_US06_Pan18650PF,0.2681293487548828
A2-2 − A2-0,残差族完整（ν+NIS）相对基线,ood(-20C),13,06-23-17_23.35 n20degC_HWFET_Pan18650PF,0.35204315185546875
A2-2 − A2-0,残差族完整（ν+NIS）相对基线,ood(-20C),13,06-23-17_23.35 n20degC_LA92_Pan18650PF,0.1098637580871582
A2-2 − A2-0,残差族完整（ν+NIS）相对基线,ood(-20C),13,06-23-17_23.35 n20degC_NN_Pan18650PF,0.1400771141052246
A2-2 − A2-0,残差族完整（ν+NIS）相对基线,ood(-20C),13,06-23-17_23.35 n20degC_UDDS_Pan18650PF,-0.11739540100097479
A2-2 − A2-0,残差族完整（ν+NIS）相对基线,ood(-20C),13,06-24-17_04.29 n20degC_Cycle_1_Pan18650PF,-0.31214904785155895
A2-2 − A2-0,残差族完整（ν+NIS）相对基线,ood(-20C),13,06-24-17_11.58 n20degC_Cycle_2_Pan18650PF,-0.34405517578125
A2-2 − A2-0,残差族完整（ν+NIS）相对基线,ood(-20C),13,06-24-17_19.29 n20degC_Cycle_3_Pan18650PF,-0.3887653350830149
A2-2 − A2-0,残差族完整（ν+NIS）相对基线,ood(-20C),13,06-25-17_03.01 n20degC_Cycle_4_Pan18650PF,-0.08266639709473012
A2-2 − A2-0,残差族完整（ν+NIS）相对基线,ood(-20C),13,06-25-17_10.31 n20degC_US06_Pan18650PF,0.05099868774414773
A2-2 − A2-0,残差族完整（ν+NIS）相对基线,ood(-20C),42,06-23-17_23.35 n20degC_HWFET_Pan18650PF,0.5217876434326163
A2-2 − A2-0,残差族完整（ν+NIS）相对基线,ood(-20C),42,06-23-17_23.35 n20degC_LA92_Pan18650PF,0.2976040840148926
A2-2 − A2-0,残差族完整（ν+NIS）相对基线,ood(-20C),42,06-23-17_23.35 n20degC_NN_Pan18650PF,0.3522329330444336
A2-2 − A2-0,残差族完整（ν+NIS）相对基线,ood(-20C),42,06-23-17_23.35 n20degC_UDDS_Pan18650PF,0.1544589996337873
A2-2 − A2-0,残差族完整（ν+NIS）相对基线,ood(-20C),42,06-24-17_04.29 n20degC_Cycle_1_Pan18650PF,0.18341827392578125
A2-2 − A2-0,残差族完整（ν+NIS）相对基线,ood(-20C),42,06-24-17_11.58 n20degC_Cycle_2_Pan18650PF,0.3027935028076172
A2-2 − A2-0,残差族完整（ν+NIS）相对基线,ood(-20C),42,06-24-17_19.29 n20degC_Cycle_3_Pan18650PF,0.2586841583251953
A2-2 − A2-0,残差族完整（ν+NIS）相对基线,ood(-20C),42,06-25-17_03.01 n20degC_Cycle_4_Pan18650PF,0.3724479675292969
A2-2 − A2-0,残差族完整（ν+NIS）相对基线,ood(-20C),42,06-25-17_10.31 n20degC_US06_Pan18650PF,0.4343147277832031
A2-3 − A2-0,全诊断集相对基线,test_id(25C),7,03-18-17_02.17 25degC_Cycle_1_Pan18650PF,-0.051476895809173584
A2-3 − A2-0,全诊断集相对基线,test_id(25C),7,03-19-17_03.25 25degC_Cycle_2_Pan18650PF,-0.07795602083206177
A2-3 − A2-0,全诊断集相对基线,test_id(25C),7,03-19-17_09.07 25degC_Cycle_3_Pan18650PF,0.015013009309768732
A2-3 − A2-0,全诊断集相对基线,test_id(25C),7,03-19-17_14.31 25degC_Cycle_4_Pan18650PF,0.14863401651382446
A2-3 − A2-0,全诊断集相对基线,test_id(25C),13,03-18-17_02.17 25degC_Cycle_1_Pan18650PF,-0.037703633308410645
A2-3 − A2-0,全诊断集相对基线,test_id(25C),13,03-19-17_03.25 25degC_Cycle_2_Pan18650PF,-0.007737576961517334
A2-3 − A2-0,全诊断集相对基线,test_id(25C),13,03-19-17_09.07 25degC_Cycle_3_Pan18650PF,0.02973353862762451
A2-3 − A2-0,全诊断集相对基线,test_id(25C),13,03-19-17_14.31 25degC_Cycle_4_Pan18650PF,0.13883578777313232
A2-3 − A2-0,全诊断集相对基线,test_id(25C),42,03-18-17_02.17 25degC_Cycle_1_Pan18650PF,0.015819966793060303
A2-3 − A2-0,全诊断集相对基线,test_id(25C),42,03-19-17_03.25 25degC_Cycle_2_Pan18650PF,-0.0359157919883728
A2-3 − A2-0,全诊断集相对基线,test_id(25C),42,03-19-17_09.07 25degC_Cycle_3_Pan18650PF,0.003721475601196289
A2-3 − A2-0,全诊断集相对基线,test_id(25C),42,03-19-17_14.31 25degC_Cycle_4_Pan18650PF,-0.1306048035621643
A2-3 − A2-0,全诊断集相对基线,ood(10C),7,03-27-17_09.06 10degC_HWFET_Pan18650PF,0.04316711425781339
A2-3 − A2-0,全诊断集相对基线,ood(10C),7,03-27-17_09.06 10degC_LA92_Pan18650PF,-0.35604166984558105
A2-3 − A2-0,全诊断集相对基线,ood(10C),7,03-27-17_09.06 10degC_NN_Pan18650PF,-0.1389997005462651
A2-3 − A2-0,全诊断集相对基线,ood(10C),7,03-27-17_09.06 10degC_UDDS_Pan18650PF,-0.36071646213531583
A2-3 − A2-0,全诊断集相对基线,ood(10C),7,03-27-17_09.06 10degC_US06_Pan18650PF,-0.09851217269897328
A2-3 − A2-0,全诊断集相对基线,ood(10C),7,03-28-17_12.51 10degC_Cycle_1_Pan18650PF,-0.2733426094055176
A2-3 − A2-0,全诊断集相对基线,ood(10C),7,03-28-17_18.18 10degC_Cycle_2_Pan18650PF,-0.33028745651245117
A2-3 − A2-0,全诊断集相对基线,ood(10C),7,04-05-17_17.04 10degC_Cycle_3_Pan18650PF,-0.3899269104003906
A2-3 − A2-0,全诊断集相对基线,ood(10C),7,04-05-17_22.50 10degC_Cycle_4_Pan18650PF,-0.17287564277648926
A2-3 − A2-0,全诊断集相对基线,ood(10C),13,03-27-17_09.06 10degC_HWFET_Pan18650PF,0.10068297386169434
A2-3 − A2-0,全诊断集相对基线,ood(10C),13,03-27-17_09.06 10degC_LA92_Pan18650PF,-0.1230545043945317
A2-3 − A2-0,全诊断集相对基线,ood(10C),13,03-27-17_09.06 10degC_NN_Pan18650PF,-0.029474258422851562
A2-3 − A2-0,全诊断集相对基线,ood(10C),13,03-27-17_09.06 10degC_UDDS_Pan18650PF,-0.21711564064025834
A2-3 − A2-0,全诊断集相对基线,ood(10C),13,03-27-17_09.06 10degC_US06_Pan18650PF,0.18974018096923828
A2-3 − A2-0,全诊断集相对基线,ood(10C),13,03-28-17_12.51 10degC_Cycle_1_Pan18650PF,-0.05438590049743608
A2-3 − A2-0,全诊断集相对基线,ood(10C),13,03-28-17_18.18 10degC_Cycle_2_Pan18650PF,-0.08519744873046875
A2-3 − A2-0,全诊断集相对基线,ood(10C),13,04-05-17_17.04 10degC_Cycle_3_Pan18650PF,-0.0045375823974609375
A2-3 − A2-0,全诊断集相对基线,ood(10C),13,04-05-17_22.50 10degC_Cycle_4_Pan18650PF,-0.06129336357116699
A2-3 − A2-0,全诊断集相对基线,ood(10C),42,03-27-17_09.06 10degC_HWFET_Pan18650PF,0.21901631355285645
A2-3 − A2-0,全诊断集相对基线,ood(10C),42,03-27-17_09.06 10degC_LA92_Pan18650PF,0.05799436569213867
A2-3 − A2-0,全诊断集相对基线,ood(10C),42,03-27-17_09.06 10degC_NN_Pan18650PF,0.12848997116088867
A2-3 − A2-0,全诊断集相对基线,ood(10C),42,03-27-17_09.06 10degC_UDDS_Pan18650PF,-0.008250236511230469
A2-3 − A2-0,全诊断集相对基线,ood(10C),42,03-27-17_09.06 10degC_US06_Pan18650PF,0.24226617813110352
A2-3 − A2-0,全诊断集相对基线,ood(10C),42,03-28-17_12.51 10degC_Cycle_1_Pan18650PF,0.056254863739014116
A2-3 − A2-0,全诊断集相对基线,ood(10C),42,03-28-17_18.18 10degC_Cycle_2_Pan18650PF,0.028562545776367188
A2-3 − A2-0,全诊断集相对基线,ood(10C),42,04-05-17_17.04 10degC_Cycle_3_Pan18650PF,0.04893827438354492
A2-3 − A2-0,全诊断集相对基线,ood(10C),42,04-05-17_22.50 10degC_Cycle_4_Pan18650PF,0.08288884162902832
A2-3 − A2-0,全诊断集相对基线,ood(0C),7,05-30-17_12.56 0degC_Cycle_1_Pan18650PF,-0.24613380432129084
A2-3 − A2-0,全诊断集相对基线,ood(0C),7,05-30-17_20.16 0degC_Cycle_2_Pan18650PF,-0.09858322143554688
A2-3 − A2-0,全诊断集相对基线,ood(0C),7,06-01-17_10.36 0degC_LA92_Pan18650PF,-0.3856930732727051
A2-3 − A2-0,全诊断集相对基线,ood(0C),7,06-01-17_10.36 0degC_NN_Pan18650PF,-0.20418596267700195
A2-3 − A2-0,全诊断集相对基线,ood(0C),7,06-01-17_15.36 0degC_Cycle_3_Pan18650PF,-0.5953588485717791
A2-3 − A2-0,全诊断集相对基线,ood(0C),7,06-01-17_22.03 0degC_Cycle_4_Pan18650PF,-0.43869495391845703
A2-3 − A2-0,全诊断集相对基线,ood(0C),7,06-02-17_04.58 0degC_US06_Pan18650PF,-0.28759765625
A2-3 − A2-0,全诊断集相对基线,ood(0C),7,06-02-17_10.43 0degC_HWFET_Pan18650PF,-0.4478273391723633
A2-3 − A2-0,全诊断集相对基线,ood(0C),7,06-02-17_17.14 0degC_UDDS_Pan18650PF,-0.6332144737243652
A2-3 − A2-0,全诊断集相对基线,ood(0C),13,05-30-17_12.56 0degC_Cycle_1_Pan18650PF,-0.1311836242675799
A2-3 − A2-0,全诊断集相对基线,ood(0C),13,05-30-17_20.16 0degC_Cycle_2_Pan18650PF,-0.08900642395019354
A2-3 − A2-0,全诊断集相对基线,ood(0C),13,06-01-17_10.36 0degC_LA92_Pan18650PF,-0.12690019607543945
A2-3 − A2-0,全诊断集相对基线,ood(0C),13,06-01-17_10.36 0degC_NN_Pan18650PF,-0.0838022232055664
A2-3 − A2-0,全诊断集相对基线,ood(0C),13,06-01-17_15.36 0degC_Cycle_3_Pan18650PF,-0.07081985473632812
A2-3 − A2-0,全诊断集相对基线,ood(0C),13,06-01-17_22.03 0degC_Cycle_4_Pan18650PF,-0.06299972534179688
A2-3 − A2-0,全诊断集相对基线,ood(0C),13,06-02-17_04.58 0degC_US06_Pan18650PF,0.2831020355224627
A2-3 − A2-0,全诊断集相对基线,ood(0C),13,06-02-17_10.43 0degC_HWFET_Pan18650PF,0.1817941665649414
A2-3 − A2-0,全诊断集相对基线,ood(0C),13,06-02-17_17.14 0degC_UDDS_Pan18650PF,-0.2766876220703125
A2-3 − A2-0,全诊断集相对基线,ood(0C),42,05-30-17_12.56 0degC_Cycle_1_Pan18650PF,0.11205577850341797
A2-3 − A2-0,全诊断集相对基线,ood(0C),42,05-30-17_20.16 0degC_Cycle_2_Pan18650PF,0.18194675445556285
A2-3 − A2-0,全诊断集相对基线,ood(0C),42,06-01-17_10.36 0degC_LA92_Pan18650PF,0.15923070907592773
A2-3 − A2-0,全诊断集相对基线,ood(0C),42,06-01-17_10.36 0degC_NN_Pan18650PF,0.19537830352783203
A2-3 − A2-0,全诊断集相对基线,ood(0C),42,06-01-17_15.36 0degC_Cycle_3_Pan18650PF,-0.130340576171875
A2-3 − A2-0,全诊断集相对基线,ood(0C),42,06-01-17_22.03 0degC_Cycle_4_Pan18650PF,0.13167190551757812
A2-3 − A2-0,全诊断集相对基线,ood(0C),42,06-02-17_04.58 0degC_US06_Pan18650PF,0.2433452606201154
A2-3 − A2-0,全诊断集相对基线,ood(0C),42,06-02-17_10.43 0degC_HWFET_Pan18650PF,0.1542034149169922
A2-3 − A2-0,全诊断集相对基线,ood(0C),42,06-02-17_17.14 0degC_UDDS_Pan18650PF,-0.08722114562988281
A2-3 − A2-0,全诊断集相对基线,ood(-10C),7,06-07-17_08.39 n10degC_HWFET_Pan18650PF,-0.3434324264526367
A2-3 − A2-0,全诊断集相对基线,ood(-10C),7,06-07-17_08.39 n10degC_LA92_Pan18650PF,-0.40166139602661133
A2-3 − A2-0,全诊断集相对基线,ood(-10C),7,06-07-17_08.39 n10degC_UDDS_Pan18650PF,-0.6201505661010742
A2-3 − A2-0,全诊断集相对基线,ood(-10C),7,06-07-17_08.39 n10degC_US06_Pan18650PF,-0.09707021713256836
A2-3 − A2-0,全诊断集相对基线,ood(-10C),7,06-10-17_11.25 n10degC_Cycle_1_Pan18650PF,-0.6561117172241193
A2-3 − A2-0,全诊断集相对基线,ood(-10C),7,06-10-17_18.35 n10degC_Cycle_2_Pan18650PF,-0.7140464782714844
A2-3 − A2-0,全诊断集相对基线,ood(-10C),7,06-11-17_01.39 n10degC_Cycle_3_Pan18650PF,-0.8183574676513672
A2-3 − A2-0,全诊断集相对基线,ood(-10C),7,06-11-17_08.42 n10degC_Cycle_4_Pan18650PF,-0.5081901550292987
A2-3 − A2-0,全诊断集相对基线,ood(-10C),7,06-14-17_13.12 n10degC_NN_Pan18650PF,-0.5459232330322266
A2-3 − A2-0,全诊断集相对基线,ood(-10C),13,06-07-17_08.39 n10degC_HWFET_Pan18650PF,-0.04253864288330078
A2-3 − A2-0,全诊断集相对基线,ood(-10C),13,06-07-17_08.39 n10degC_LA92_Pan18650PF,-0.1640167236328125
A2-3 − A2-0,全诊断集相对基线,ood(-10C),13,06-07-17_08.39 n10degC_UDDS_Pan18650PF,-0.3372087478637731
A2-3 − A2-0,全诊断集相对基线,ood(-10C),13,06-07-17_08.39 n10degC_US06_Pan18650PF,-0.03851890563964844
A2-3 − A2-0,全诊断集相对基线,ood(-10C),13,06-10-17_11.25 n10degC_Cycle_1_Pan18650PF,-0.123904228210451
A2-3 − A2-0,全诊断集相对基线,ood(-10C),13,06-10-17_18.35 n10degC_Cycle_2_Pan18650PF,-0.12387466430664062
A2-3 − A2-0,全诊断集相对基线,ood(-10C),13,06-11-17_01.39 n10degC_Cycle_3_Pan18650PF,-0.09980392456054332
A2-3 − A2-0,全诊断集相对基线,ood(-10C),13,06-11-17_08.42 n10degC_Cycle_4_Pan18650PF,-0.030551910400390625
A2-3 − A2-0,全诊断集相对基线,ood(-10C),13,06-14-17_13.12 n10degC_NN_Pan18650PF,-0.040008544921875
A2-3 − A2-0,全诊断集相对基线,ood(-10C),42,06-07-17_08.39 n10degC_HWFET_Pan18650PF,0.22405576705932706
A2-3 − A2-0,全诊断集相对基线,ood(-10C),42,06-07-17_08.39 n10degC_LA92_Pan18650PF,0.08488130569458008
A2-3 − A2-0,全诊断集相对基线,ood(-10C),42,06-07-17_08.39 n10degC_UDDS_Pan18650PF,-0.17302608489990234
A2-3 − A2-0,全诊断集相对基线,ood(-10C),42,06-07-17_08.39 n10degC_US06_Pan18650PF,0.4426136016845703
A2-3 − A2-0,全诊断集相对基线,ood(-10C),42,06-10-17_11.25 n10degC_Cycle_1_Pan18650PF,-0.0009412765502911924
A2-3 − A2-0,全诊断集相对基线,ood(-10C),42,06-10-17_18.35 n10degC_Cycle_2_Pan18650PF,-0.06914520263671875
A2-3 − A2-0,全诊断集相对基线,ood(-10C),42,06-11-17_01.39 n10degC_Cycle_3_Pan18650PF,-0.18756484985351562
A2-3 − A2-0,全诊断集相对基线,ood(-10C),42,06-11-17_08.42 n10degC_Cycle_4_Pan18650PF,0.09421539306640625
A2-3 − A2-0,全诊断集相对基线,ood(-10C),42,06-14-17_13.12 n10degC_NN_Pan18650PF,-0.012800216674804688
A2-3 − A2-0,全诊断集相对基线,ood(-20C),7,06-23-17_23.35 n20degC_HWFET_Pan18650PF,-0.42402124404907227
A2-3 − A2-0,全诊断集相对基线,ood(-20C),7,06-23-17_23.35 n20degC_LA92_Pan18650PF,-0.40322065353393555
A2-3 − A2-0,全诊断集相对基线,ood(-20C),7,06-23-17_23.35 n20degC_NN_Pan18650PF,-0.3156449794769287
A2-3 − A2-0,全诊断集相对基线,ood(-20C),7,06-23-17_23.35 n20degC_UDDS_Pan18650PF,-0.635991096496582
A2-3 − A2-0,全诊断集相对基线,ood(-20C),7,06-24-17_04.29 n20degC_Cycle_1_Pan18650PF,-0.8513927459716797
A2-3 − A2-0,全诊断集相对基线,ood(-20C),7,06-24-17_11.58 n20degC_Cycle_2_Pan18650PF,-0.8045940399169922
A2-3 − A2-0,全诊断集相对基线,ood(-20C),7,06-24-17_19.29 n20degC_Cycle_3_Pan18650PF,-0.8410282135009837
A2-3 − A2-0,全诊断集相对基线,ood(-20C),7,06-25-17_03.01 n20degC_Cycle_4_Pan18650PF,-0.6872768402099645
A2-3 − A2-0,全诊断集相对基线,ood(-20C),7,06-25-17_10.31 n20degC_US06_Pan18650PF,-0.4452991485595703
A2-3 − A2-0,全诊断集相对基线,ood(-20C),13,06-23-17_23.35 n20degC_HWFET_Pan18650PF,-0.1991896629333496
A2-3 − A2-0,全诊断集相对基线,ood(-20C),13,06-23-17_23.35 n20degC_LA92_Pan18650PF,-0.25929641723632724
A2-3 − A2-0,全诊断集相对基线,ood(-20C),13,06-23-17_23.35 n20degC_NN_Pan18650PF,-0.3275575637817383
A2-3 − A2-0,全诊断集相对基线,ood(-20C),13,06-23-17_23.35 n20degC_UDDS_Pan18650PF,-0.32816314697265625
A2-3 − A2-0,全诊断集相对基线,ood(-20C),13,06-24-17_04.29 n20degC_Cycle_1_Pan18650PF,-0.14886093139648082
A2-3 − A2-0,全诊断集相对基线,ood(-20C),13,06-24-17_11.58 n20degC_Cycle_2_Pan18650PF,-0.18360137939453125
A2-3 − A2-0,全诊断集相对基线,ood(-20C),13,06-24-17_19.29 n20degC_Cycle_3_Pan18650PF,-0.10052490234374645
A2-3 − A2-0,全诊断集相对基线,ood(-20C),13,06-25-17_03.01 n20degC_Cycle_4_Pan18650PF,-0.12029457092284801
A2-3 − A2-0,全诊断集相对基线,ood(-20C),13,06-25-17_10.31 n20degC_US06_Pan18650PF,0.3494167327880895
A2-3 − A2-0,全诊断集相对基线,ood(-20C),42,06-23-17_23.35 n20degC_HWFET_Pan18650PF,0.24339437484741122
A2-3 − A2-0,全诊断集相对基线,ood(-20C),42,06-23-17_23.35 n20degC_LA92_Pan18650PF,0.11202239990234375
A2-3 − A2-0,全诊断集相对基线,ood(-20C),42,06-23-17_23.35 n20degC_NN_Pan18650PF,0.1385364532470703
A2-3 − A2-0,全诊断集相对基线,ood(-20C),42,06-23-17_23.35 n20degC_UDDS_Pan18650PF,-0.1275501251220703
A2-3 − A2-0,全诊断集相对基线,ood(-20C),42,06-24-17_04.29 n20degC_Cycle_1_Pan18650PF,-0.1260280609130895
A2-3 − A2-0,全诊断集相对基线,ood(-20C),42,06-24-17_11.58 n20degC_Cycle_2_Pan18650PF,-0.1458339691162145
A2-3 − A2-0,全诊断集相对基线,ood(-20C),42,06-24-17_19.29 n20degC_Cycle_3_Pan18650PF,-0.17618370056152344
A2-3 − A2-0,全诊断集相对基线,ood(-20C),42,06-25-17_03.01 n20degC_Cycle_4_Pan18650PF,0.033422470092769885
A2-3 − A2-0,全诊断集相对基线,ood(-20C),42,06-25-17_10.31 n20degC_US06_Pan18650PF,0.3541412353515625
A2-4 − A2-0,置信族（仅 K/P）相对基线,test_id(25C),7,03-18-17_02.17 25degC_Cycle_1_Pan18650PF,-0.009994208812713623
A2-4 − A2-0,置信族（仅 K/P）相对基线,test_id(25C),7,03-19-17_03.25 25degC_Cycle_2_Pan18650PF,0.016005337238311768
A2-4 − A2-0,置信族（仅 K/P）相对基线,test_id(25C),7,03-19-17_09.07 25degC_Cycle_3_Pan18650PF,0.013750672340393122
A2-4 − A2-0,置信族（仅 K/P）相对基线,test_id(25C),7,03-19-17_14.31 25degC_Cycle_4_Pan18650PF,0.033419132232666016
A2-4 − A2-0,置信族（仅 K/P）相对基线,test_id(25C),13,03-18-17_02.17 25degC_Cycle_1_Pan18650PF,0.09387832880020142
A2-4 − A2-0,置信族（仅 K/P）相对基线,test_id(25C),13,03-19-17_03.25 25degC_Cycle_2_Pan18650PF,0.1673383116722107
A2-4 − A2-0,置信族（仅 K/P）相对基线,test_id(25C),13,03-19-17_09.07 25degC_Cycle_3_Pan18650PF,0.2141381800174713
A2-4 − A2-0,置信族（仅 K/P）相对基线,test_id(25C),13,03-19-17_14.31 25degC_Cycle_4_Pan18650PF,0.3062834143638611
A2-4 − A2-0,置信族（仅 K/P）相对基线,test_id(25C),42,03-18-17_02.17 25degC_Cycle_1_Pan18650PF,0.044936299324035645
A2-4 − A2-0,置信族（仅 K/P）相对基线,test_id(25C),42,03-19-17_03.25 25degC_Cycle_2_Pan18650PF,-0.02979588508605957
A2-4 − A2-0,置信族（仅 K/P）相对基线,test_id(25C),42,03-19-17_09.07 25degC_Cycle_3_Pan18650PF,0.03182968497276306
A2-4 − A2-0,置信族（仅 K/P）相对基线,test_id(25C),42,03-19-17_14.31 25degC_Cycle_4_Pan18650PF,-0.1509716510772705
A2-4 − A2-0,置信族（仅 K/P）相对基线,ood(10C),7,03-27-17_09.06 10degC_HWFET_Pan18650PF,0.10390830039978027
A2-4 − A2-0,置信族（仅 K/P）相对基线,ood(10C),7,03-27-17_09.06 10degC_LA92_Pan18650PF,0.06415033340454102
A2-4 − A2-0,置信族（仅 K/P）相对基线,ood(10C),7,03-27-17_09.06 10degC_NN_Pan18650PF,0.08151578903198198
A2-4 − A2-0,置信族（仅 K/P）相对基线,ood(10C),7,03-27-17_09.06 10degC_UDDS_Pan18650PF,0.08222436904907182
A2-4 − A2-0,置信族（仅 K/P）相对基线,ood(10C),7,03-27-17_09.06 10degC_US06_Pan18650PF,0.045809268951416016
A2-4 − A2-0,置信族（仅 K/P）相对基线,ood(10C),7,03-28-17_12.51 10degC_Cycle_1_Pan18650PF,0.10069489479064941
A2-4 − A2-0,置信族（仅 K/P）相对基线,ood(10C),7,03-28-17_18.18 10degC_Cycle_2_Pan18650PF,0.0727229118347168
A2-4 − A2-0,置信族（仅 K/P）相对基线,ood(10C),7,04-05-17_17.04 10degC_Cycle_3_Pan18650PF,0.04003572463989258
A2-4 − A2-0,置信族（仅 K/P）相对基线,ood(10C),7,04-05-17_22.50 10degC_Cycle_4_Pan18650PF,0.1003565788269043
A2-4 − A2-0,置信族（仅 K/P）相对基线,ood(10C),13,03-27-17_09.06 10degC_HWFET_Pan18650PF,0.20003986358642578
A2-4 − A2-0,置信族（仅 K/P）相对基线,ood(10C),13,03-27-17_09.06 10degC_LA92_Pan18650PF,-0.6743695735931396
A2-4 − A2-0,置信族（仅 K/P）相对基线,ood(10C),13,03-27-17_09.06 10degC_NN_Pan18650PF,-0.45729899406433105
A2-4 − A2-0,置信族（仅 K/P）相对基线,ood(10C),13,03-27-17_09.06 10degC_UDDS_Pan18650PF,-0.542184591293335
A2-4 − A2-0,置信族（仅 K/P）相对基线,ood(10C),13,03-27-17_09.06 10degC_US06_Pan18650PF,-0.48454737663269043
A2-4 − A2-0,置信族（仅 K/P）相对基线,ood(10C),13,03-28-17_12.51 10degC_Cycle_1_Pan18650PF,-0.6220412254333487
A2-4 − A2-0,置信族（仅 K/P）相对基线,ood(10C),13,03-28-17_18.18 10degC_Cycle_2_Pan18650PF,-0.6066761016845703
A2-4 − A2-0,置信族（仅 K/P）相对基线,ood(10C),13,04-05-17_17.04 10degC_Cycle_3_Pan18650PF,-0.5254497528076172
A2-4 − A2-0,置信族（仅 K/P）相对基线,ood(10C),13,04-05-17_22.50 10degC_Cycle_4_Pan18650PF,-0.42361974716186523
A2-4 − A2-0,置信族（仅 K/P）相对基线,ood(10C),42,03-27-17_09.06 10degC_HWFET_Pan18650PF,0.36730194091796875
A2-4 − A2-0,置信族（仅 K/P）相对基线,ood(10C),42,03-27-17_09.06 10degC_LA92_Pan18650PF,0.17248868942260742
A2-4 − A2-0,置信族（仅 K/P）相对基线,ood(10C),42,03-27-17_09.06 10degC_NN_Pan18650PF,0.22726893424987793
A2-4 − A2-0,置信族（仅 K/P）相对基线,ood(10C),42,03-27-17_09.06 10degC_UDDS_Pan18650PF,0.18991661071777344
A2-4 − A2-0,置信族（仅 K/P）相对基线,ood(10C),42,03-27-17_09.06 10degC_US06_Pan18650PF,0.3255400657653813
A2-4 − A2-0,置信族（仅 K/P）相对基线,ood(10C),42,03-28-17_12.51 10degC_Cycle_1_Pan18650PF,0.25848817825317427
A2-4 − A2-0,置信族（仅 K/P）相对基线,ood(10C),42,03-28-17_18.18 10degC_Cycle_2_Pan18650PF,0.19702768325805664
A2-4 − A2-0,置信族（仅 K/P）相对基线,ood(10C),42,04-05-17_17.04 10degC_Cycle_3_Pan18650PF,0.23897600173950284
A2-4 − A2-0,置信族（仅 K/P）相对基线,ood(10C),42,04-05-17_22.50 10degC_Cycle_4_Pan18650PF,0.24715685844421387
A2-4 − A2-0,置信族（仅 K/P）相对基线,ood(0C),7,05-30-17_12.56 0degC_Cycle_1_Pan18650PF,0.2948541641235334
A2-4 − A2-0,置信族（仅 K/P）相对基线,ood(0C),7,05-30-17_20.16 0degC_Cycle_2_Pan18650PF,0.4447050094604492
A2-4 − A2-0,置信族（仅 K/P）相对基线,ood(0C),7,06-01-17_10.36 0degC_LA92_Pan18650PF,0.11889934539794922
A2-4 − A2-0,置信族（仅 K/P）相对基线,ood(0C),7,06-01-17_10.36 0degC_NN_Pan18650PF,0.20702171325683594
A2-4 − A2-0,置信族（仅 K/P）相对基线,ood(0C),7,06-01-17_15.36 0degC_Cycle_3_Pan18650PF,0.012969017028806817
A2-4 − A2-0,置信族（仅 K/P）相对基线,ood(0C),7,06-01-17_22.03 0degC_Cycle_4_Pan18650PF,0.0928955078125
A2-4 − A2-0,置信族（仅 K/P）相对基线,ood(0C),7,06-02-17_04.58 0degC_US06_Pan18650PF,-0.0032958984375
A2-4 − A2-0,置信族（仅 K/P）相对基线,ood(0C),7,06-02-17_10.43 0degC_HWFET_Pan18650PF,-0.008395195007324219
A2-4 − A2-0,置信族（仅 K/P）相对基线,ood(0C),7,06-02-17_17.14 0degC_UDDS_Pan18650PF,0.08321285247802734
A2-4 − A2-0,置信族（仅 K/P）相对基线,ood(0C),13,05-30-17_12.56 0degC_Cycle_1_Pan18650PF,-0.02232456207275746
A2-4 − A2-0,置信族（仅 K/P）相对基线,ood(0C),13,05-30-17_20.16 0degC_Cycle_2_Pan18650PF,-0.06433868408202947
A2-4 − A2-0,置信族（仅 K/P）相对基线,ood(0C),13,06-01-17_10.36 0degC_LA92_Pan18650PF,-0.791600227355957
A2-4 − A2-0,置信族（仅 K/P）相对基线,ood(0C),13,06-01-17_10.36 0degC_NN_Pan18650PF,-0.5837655067443848
A2-4 − A2-0,置信族（仅 K/P）相对基线,ood(0C),13,06-01-17_15.36 0degC_Cycle_3_Pan18650PF,-0.7287988662719744
A2-4 − A2-0,置信族（仅 K/P）相对基线,ood(0C),13,06-01-17_22.03 0degC_Cycle_4_Pan18650PF,-0.7705016136169434
A2-4 − A2-0,置信族（仅 K/P）相对基线,ood(0C),13,06-02-17_04.58 0degC_US06_Pan18650PF,-0.6555070877075178
A2-4 − A2-0,置信族（仅 K/P）相对基线,ood(0C),13,06-02-17_10.43 0degC_HWFET_Pan18650PF,-0.15746307373046875
A2-4 − A2-0,置信族（仅 K/P）相对基线,ood(0C),13,06-02-17_17.14 0degC_UDDS_Pan18650PF,-0.9179234504699707
A2-4 − A2-0,置信族（仅 K/P）相对基线,ood(0C),42,05-30-17_12.56 0degC_Cycle_1_Pan18650PF,0.48704051971435547
A2-4 − A2-0,置信族（仅 K/P）相对基线,ood(0C),42,05-30-17_20.16 0degC_Cycle_2_Pan18650PF,0.49954319000243963
A2-4 − A2-0,置信族（仅 K/P）相对基线,ood(0C),42,06-01-17_10.36 0degC_LA92_Pan18650PF,0.13368940353393555
A2-4 − A2-0,置信族（仅 K/P）相对基线,ood(0C),42,06-01-17_10.36 0degC_NN_Pan18650PF,0.16864013671875
A2-4 − A2-0,置信族（仅 K/P）相对基线,ood(0C),42,06-01-17_15.36 0degC_Cycle_3_Pan18650PF,-0.015801429748535156
A2-4 − A2-0,置信族（仅 K/P）相对基线,ood(0C),42,06-01-17_22.03 0degC_Cycle_4_Pan18650PF,0.29564476013183594
A2-4 − A2-0,置信族（仅 K/P）相对基线,ood(0C),42,06-02-17_04.58 0degC_US06_Pan18650PF,0.3065176010131836
A2-4 − A2-0,置信族（仅 K/P）相对基线,ood(0C),42,06-02-17_10.43 0degC_HWFET_Pan18650PF,0.4528675079345703
A2-4 − A2-0,置信族（仅 K/P）相对基线,ood(0C),42,06-02-17_17.14 0degC_UDDS_Pan18650PF,0.06351470947265625
A2-4 − A2-0,置信族（仅 K/P）相对基线,ood(-10C),7,06-07-17_08.39 n10degC_HWFET_Pan18650PF,0.1873455047607422
A2-4 − A2-0,置信族（仅 K/P）相对基线,ood(-10C),7,06-07-17_08.39 n10degC_LA92_Pan18650PF,0.18486261367797852
A2-4 − A2-0,置信族（仅 K/P）相对基线,ood(-10C),7,06-07-17_08.39 n10degC_UDDS_Pan18650PF,0.1223611831665039
A2-4 − A2-0,置信族（仅 K/P）相对基线,ood(-10C),7,06-07-17_08.39 n10degC_US06_Pan18650PF,0.3496890068054199
A2-4 − A2-0,置信族（仅 K/P）相对基线,ood(-10C),7,06-10-17_11.25 n10degC_Cycle_1_Pan18650PF,0.04772281646728693
A2-4 − A2-0,置信族（仅 K/P）相对基线,ood(-10C),7,06-10-17_18.35 n10degC_Cycle_2_Pan18650PF,-0.07576751708984375
A2-4 − A2-0,置信族（仅 K/P）相对基线,ood(-10C),7,06-11-17_01.39 n10degC_Cycle_3_Pan18650PF,-0.09507942199707031
A2-4 − A2-0,置信族（仅 K/P）相对基线,ood(-10C),7,06-11-17_08.42 n10degC_Cycle_4_Pan18650PF,0.049171447753904474
A2-4 − A2-0,置信族（仅 K/P）相对基线,ood(-10C),7,06-14-17_13.12 n10degC_NN_Pan18650PF,0.04553794860839844
A2-4 − A2-0,置信族（仅 K/P）相对基线,ood(-10C),13,06-07-17_08.39 n10degC_HWFET_Pan18650PF,-0.5309972763061523
A2-4 − A2-0,置信族（仅 K/P）相对基线,ood(-10C),13,06-07-17_08.39 n10degC_LA92_Pan18650PF,-0.8387951850891113
A2-4 − A2-0,置信族（仅 K/P）相对基线,ood(-10C),13,06-07-17_08.39 n10degC_UDDS_Pan18650PF,-0.9873275756835955
A2-4 − A2-0,置信族（仅 K/P）相对基线,ood(-10C),13,06-07-17_08.39 n10degC_US06_Pan18650PF,-0.6564586162567134
A2-4 − A2-0,置信族（仅 K/P）相对基线,ood(-10C),13,06-10-17_11.25 n10degC_Cycle_1_Pan18650PF,-0.9278402328491229
A2-4 − A2-0,置信族（仅 K/P）相对基线,ood(-10C),13,06-10-17_18.35 n10degC_Cycle_2_Pan18650PF,-1.061899185180664
A2-4 − A2-0,置信族（仅 K/P）相对基线,ood(-10C),13,06-11-17_01.39 n10degC_Cycle_3_Pan18650PF,-1.069711685180664
A2-4 − A2-0,置信族（仅 K/P）相对基线,ood(-10C),13,06-11-17_08.42 n10degC_Cycle_4_Pan18650PF,-0.9759969711303729
A2-4 − A2-0,置信族（仅 K/P）相对基线,ood(-10C),13,06-14-17_13.12 n10degC_NN_Pan18650PF,-0.9507617950439453
A2-4 − A2-0,置信族（仅 K/P）相对基线,ood(-10C),42,06-07-17_08.39 n10degC_HWFET_Pan18650PF,0.272737979888916
A2-4 − A2-0,置信族（仅 K/P）相对基线,ood(-10C),42,06-07-17_08.39 n10degC_LA92_Pan18650PF,0.06030607223510742
A2-4 − A2-0,置信族（仅 K/P）相对基线,ood(-10C),42,06-07-17_08.39 n10degC_UDDS_Pan18650PF,-0.14118194580078125
A2-4 − A2-0,置信族（仅 K/P）相对基线,ood(-10C),42,06-07-17_08.39 n10degC_US06_Pan18650PF,0.22246217727661133
A2-4 − A2-0,置信族（仅 K/P）相对基线,ood(-10C),42,06-10-17_11.25 n10degC_Cycle_1_Pan18650PF,0.07086372375488459
A2-4 − A2-0,置信族（仅 K/P）相对基线,ood(-10C),42,06-10-17_18.35 n10degC_Cycle_2_Pan18650PF,0.04709815979003906
A2-4 − A2-0,置信族（仅 K/P）相对基线,ood(-10C),42,06-11-17_01.39 n10degC_Cycle_3_Pan18650PF,-0.13987350463867188
A2-4 − A2-0,置信族（仅 K/P）相对基线,ood(-10C),42,06-11-17_08.42 n10degC_Cycle_4_Pan18650PF,0.18145275115966797
A2-4 − A2-0,置信族（仅 K/P）相对基线,ood(-10C),42,06-14-17_13.12 n10degC_NN_Pan18650PF,0.08028411865234375
A2-4 − A2-0,置信族（仅 K/P）相对基线,ood(-20C),7,06-23-17_23.35 n20degC_HWFET_Pan18650PF,0.5630941390991211
A2-4 − A2-0,置信族（仅 K/P）相对基线,ood(-20C),7,06-23-17_23.35 n20degC_LA92_Pan18650PF,0.530552864074707
A2-4 − A2-0,置信族（仅 K/P）相对基线,ood(-20C),7,06-23-17_23.35 n20degC_NN_Pan18650PF,0.5923042297363281
A2-4 − A2-0,置信族（仅 K/P）相对基线,ood(-20C),7,06-23-17_23.35 n20degC_UDDS_Pan18650PF,0.3703327178955078
A2-4 − A2-0,置信族（仅 K/P）相对基线,ood(-20C),7,06-24-17_04.29 n20degC_Cycle_1_Pan18650PF,0.08553504943847656
A2-4 − A2-0,置信族（仅 K/P）相对基线,ood(-20C),7,06-24-17_11.58 n20degC_Cycle_2_Pan18650PF,-0.0004901885986363652
A2-4 − A2-0,置信族（仅 K/P）相对基线,ood(-20C),7,06-24-17_19.29 n20degC_Cycle_3_Pan18650PF,-0.013164520263671875
A2-4 − A2-0,置信族（仅 K/P）相对基线,ood(-20C),7,06-25-17_03.01 n20degC_Cycle_4_Pan18650PF,0.2065525054931605
A2-4 − A2-0,置信族（仅 K/P）相对基线,ood(-20C),7,06-25-17_10.31 n20degC_US06_Pan18650PF,-0.21536827087401988
A2-4 − A2-0,置信族（仅 K/P）相对基线,ood(-20C),13,06-23-17_23.35 n20degC_HWFET_Pan18650PF,-0.8425335884094238
A2-4 − A2-0,置信族（仅 K/P）相对基线,ood(-20C),13,06-23-17_23.35 n20degC_LA92_Pan18650PF,-1.0142302513122559
A2-4 − A2-0,置信族（仅 K/P）相对基线,ood(-20C),13,06-23-17_23.35 n20degC_NN_Pan18650PF,-0.9703226089477539
A2-4 − A2-0,置信族（仅 K/P）相对基线,ood(-20C),13,06-23-17_23.35 n20degC_UDDS_Pan18650PF,-1.1009263992309553
A2-4 − A2-0,置信族（仅 K/P）相对基线,ood(-20C),13,06-24-17_04.29 n20degC_Cycle_1_Pan18650PF,-1.1513500213623047
A2-4 − A2-0,置信族（仅 K/P）相对基线,ood(-20C),13,06-24-17_11.58 n20degC_Cycle_2_Pan18650PF,-1.1595783233642614
A2-4 − A2-0,置信族（仅 K/P）相对基线,ood(-20C),13,06-24-17_19.29 n20degC_Cycle_3_Pan18650PF,-1.2374687194824219
A2-4 − A2-0,置信族（仅 K/P）相对基线,ood(-20C),13,06-25-17_03.01 n20degC_Cycle_4_Pan18650PF,-1.1134243011474645
A2-4 − A2-0,置信族（仅 K/P）相对基线,ood(-20C),13,06-25-17_10.31 n20degC_US06_Pan18650PF,-1.085617065429684
A2-4 − A2-0,置信族（仅 K/P）相对基线,ood(-20C),42,06-23-17_23.35 n20degC_HWFET_Pan18650PF,0.08874702453613192
A2-4 − A2-0,置信族（仅 K/P）相对基线,ood(-20C),42,06-23-17_23.35 n20degC_LA92_Pan18650PF,-0.059053897857666016
A2-4 − A2-0,置信族（仅 K/P）相对基线,ood(-20C),42,06-23-17_23.35 n20degC_NN_Pan18650PF,-0.041123390197753906
A2-4 − A2-0,置信族（仅 K/P）相对基线,ood(-20C),42,06-23-17_23.35 n20degC_UDDS_Pan18650PF,-0.24312686920166016
A2-4 − A2-0,置信族（仅 K/P）相对基线,ood(-20C),42,06-24-17_04.29 n20degC_Cycle_1_Pan18650PF,-0.12692642211914062
A2-4 − A2-0,置信族（仅 K/P）相对基线,ood(-20C),42,06-24-17_11.58 n20degC_Cycle_2_Pan18650PF,0.013860702514648438
A2-4 − A2-0,置信族（仅 K/P）相对基线,ood(-20C),42,06-24-17_19.29 n20degC_Cycle_3_Pan18650PF,-0.024158477783203125
A2-4 − A2-0,置信族（仅 K/P）相对基线,ood(-20C),42,06-25-17_03.01 n20degC_Cycle_4_Pan18650PF,0.13688087463378906
A2-4 − A2-0,置信族（仅 K/P）相对基线,ood(-20C),42,06-25-17_10.31 n20degC_US06_Pan18650PF,0.2096710205078125
A2-3 − A2-1,在残差族之上加置信族,test_id(25C),7,03-18-17_02.17 25degC_Cycle_1_Pan18650PF,-0.047230660915374756
A2-3 − A2-1,在残差族之上加置信族,test_id(25C),7,03-19-17_03.25 25degC_Cycle_2_Pan18650PF,-0.08435225486755371
A2-3 − A2-1,在残差族之上加置信族,test_id(25C),7,03-19-17_09.07 25degC_Cycle_3_Pan18650PF,0.0249195396900177
A2-3 − A2-1,在残差族之上加置信族,test_id(25C),7,03-19-17_14.31 25degC_Cycle_4_Pan18650PF,0.1264270544052124
A2-3 − A2-1,在残差族之上加置信族,test_id(25C),13,03-18-17_02.17 25degC_Cycle_1_Pan18650PF,-0.023388266563415527
A2-3 − A2-1,在残差族之上加置信族,test_id(25C),13,03-19-17_03.25 25degC_Cycle_2_Pan18650PF,0.02391296625137329
A2-3 − A2-1,在残差族之上加置信族,test_id(25C),13,03-19-17_09.07 25degC_Cycle_3_Pan18650PF,0.02028447389602661
A2-3 − A2-1,在残差族之上加置信族,test_id(25C),13,03-19-17_14.31 25degC_Cycle_4_Pan18650PF,0.140838623046875
A2-3 − A2-1,在残差族之上加置信族,test_id(25C),42,03-18-17_02.17 25degC_Cycle_1_Pan18650PF,-0.018725275993347168
A2-3 − A2-1,在残差族之上加置信族,test_id(25C),42,03-19-17_03.25 25degC_Cycle_2_Pan18650PF,-0.04950070381164551
A2-3 − A2-1,在残差族之上加置信族,test_id(25C),42,03-19-17_09.07 25degC_Cycle_3_Pan18650PF,0.0032315254211425226
A2-3 − A2-1,在残差族之上加置信族,test_id(25C),42,03-19-17_14.31 25degC_Cycle_4_Pan18650PF,0.17837268114089966
A2-3 − A2-1,在残差族之上加置信族,ood(10C),7,03-27-17_09.06 10degC_HWFET_Pan18650PF,-0.14985561370849565
A2-3 − A2-1,在残差族之上加置信族,ood(10C),7,03-27-17_09.06 10degC_LA92_Pan18650PF,-0.5329122543334961
A2-3 − A2-1,在残差族之上加置信族,ood(10C),7,03-27-17_09.06 10degC_NN_Pan18650PF,-0.34565281867980957
A2-3 − A2-1,在残差族之上加置信族,ood(10C),7,03-27-17_09.06 10degC_UDDS_Pan18650PF,-0.5841883420944214
A2-3 − A2-1,在残差族之上加置信族,ood(10C),7,03-27-17_09.06 10degC_US06_Pan18650PF,-0.28903436660766557
A2-3 − A2-1,在残差族之上加置信族,ood(10C),7,03-28-17_12.51 10degC_Cycle_1_Pan18650PF,-0.4920012950897221
A2-3 − A2-1,在残差族之上加置信族,ood(10C),7,03-28-17_18.18 10degC_Cycle_2_Pan18650PF,-0.5823121070861816
A2-3 − A2-1,在残差族之上加置信族,ood(10C),7,04-05-17_17.04 10degC_Cycle_3_Pan18650PF,-0.5952563285827637
A2-3 − A2-1,在残差族之上加置信族,ood(10C),7,04-05-17_22.50 10degC_Cycle_4_Pan18650PF,-0.4304761886596684
A2-3 − A2-1,在残差族之上加置信族,ood(10C),13,03-27-17_09.06 10degC_HWFET_Pan18650PF,-0.019741535186767578
A2-3 − A2-1,在残差族之上加置信族,ood(10C),13,03-27-17_09.06 10degC_LA92_Pan18650PF,-0.2364063262939453
A2-3 − A2-1,在残差族之上加置信族,ood(10C),13,03-27-17_09.06 10degC_NN_Pan18650PF,-0.13009047508239746
A2-3 − A2-1,在残差族之上加置信族,ood(10C),13,03-27-17_09.06 10degC_UDDS_Pan18650PF,-0.23783898353576616
A2-3 − A2-1,在残差族之上加置信族,ood(10C),13,03-27-17_09.06 10degC_US06_Pan18650PF,-0.09679651260375977
A2-3 − A2-1,在残差族之上加置信族,ood(10C),13,03-28-17_12.51 10degC_Cycle_1_Pan18650PF,-0.2204122543334961
A2-3 − A2-1,在残差族之上加置信族,ood(10C),13,03-28-17_18.18 10degC_Cycle_2_Pan18650PF,-0.2724614143371582
A2-3 − A2-1,在残差族之上加置信族,ood(10C),13,04-05-17_17.04 10degC_Cycle_3_Pan18650PF,-0.17365074157714844
A2-3 − A2-1,在残差族之上加置信族,ood(10C),13,04-05-17_22.50 10degC_Cycle_4_Pan18650PF,-0.18100190162658691
A2-3 − A2-1,在残差族之上加置信族,ood(10C),42,03-27-17_09.06 10degC_HWFET_Pan18650PF,-0.4520263671875
A2-3 − A2-1,在残差族之上加置信族,ood(10C),42,03-27-17_09.06 10degC_LA92_Pan18650PF,-0.5487060546875
A2-3 − A2-1,在残差族之上加置信族,ood(10C),42,03-27-17_09.06 10degC_NN_Pan18650PF,-0.4748232364654541
A2-3 − A2-1,在残差族之上加置信族,ood(10C),42,03-27-17_09.06 10degC_UDDS_Pan18650PF,-0.6564164161682129
A2-3 − A2-1,在残差族之上加置信族,ood(10C),42,03-27-17_09.06 10degC_US06_Pan18650PF,-0.413895845413208
A2-3 − A2-1,在残差族之上加置信族,ood(10C),42,03-28-17_12.51 10degC_Cycle_1_Pan18650PF,-0.5592942237854
A2-3 − A2-1,在残差族之上加置信族,ood(10C),42,03-28-17_18.18 10degC_Cycle_2_Pan18650PF,-0.5970535278320312
A2-3 − A2-1,在残差族之上加置信族,ood(10C),42,04-05-17_17.04 10degC_Cycle_3_Pan18650PF,-0.523836612701416
A2-3 − A2-1,在残差族之上加置信族,ood(10C),42,04-05-17_22.50 10degC_Cycle_4_Pan18650PF,-0.642524242401123
A2-3 − A2-1,在残差族之上加置信族,ood(0C),7,05-30-17_12.56 0degC_Cycle_1_Pan18650PF,-0.38763904571533203
A2-3 − A2-1,在残差族之上加置信族,ood(0C),7,05-30-17_20.16 0degC_Cycle_2_Pan18650PF,-0.47002220153808594
A2-3 − A2-1,在残差族之上加置信族,ood(0C),7,06-01-17_10.36 0degC_LA92_Pan18650PF,-0.6986126899719238
A2-3 − A2-1,在残差族之上加置信族,ood(0C),7,06-01-17_10.36 0degC_NN_Pan18650PF,-0.4449601173400879
A2-3 − A2-1,在残差族之上加置信族,ood(0C),7,06-01-17_15.36 0degC_Cycle_3_Pan18650PF,-1.144235610961914
A2-3 − A2-1,在残差族之上加置信族,ood(0C),7,06-01-17_22.03 0degC_Cycle_4_Pan18650PF,-0.8182954788208008
A2-3 − A2-1,在残差族之上加置信族,ood(0C),7,06-02-17_04.58 0degC_US06_Pan18650PF,-0.7222681045532227
A2-3 − A2-1,在残差族之上加置信族,ood(0C),7,06-02-17_10.43 0degC_HWFET_Pan18650PF,-0.8606567382812518
A2-3 − A2-1,在残差族之上加置信族,ood(0C),7,06-02-17_17.14 0degC_UDDS_Pan18650PF,-1.1121459007263184
A2-3 − A2-1,在残差族之上加置信族,ood(0C),13,05-30-17_12.56 0degC_Cycle_1_Pan18650PF,-0.2989959716796875
A2-3 − A2-1,在残差族之上加置信族,ood(0C),13,05-30-17_20.16 0degC_Cycle_2_Pan18650PF,-0.34107494354248047
A2-3 − A2-1,在残差族之上加置信族,ood(0C),13,06-01-17_10.36 0degC_LA92_Pan18650PF,-0.20895099639892578
A2-3 − A2-1,在残差族之上加置信族,ood(0C),13,06-01-17_10.36 0degC_NN_Pan18650PF,-0.10070276260376065
A2-3 − A2-1,在残差族之上加置信族,ood(0C),13,06-01-17_15.36 0degC_Cycle_3_Pan18650PF,-0.3225650787353498
A2-3 − A2-1,在残差族之上加置信族,ood(0C),13,06-01-17_22.03 0degC_Cycle_4_Pan18650PF,-0.27327919006347656
A2-3 − A2-1,在残差族之上加置信族,ood(0C),13,06-02-17_04.58 0degC_US06_Pan18650PF,-0.3071928024291992
A2-3 − A2-1,在残差族之上加置信族,ood(0C),13,06-02-17_10.43 0degC_HWFET_Pan18650PF,-0.17471694946289062
A2-3 − A2-1,在残差族之上加置信族,ood(0C),13,06-02-17_17.14 0degC_UDDS_Pan18650PF,-0.28252696990966797
A2-3 − A2-1,在残差族之上加置信族,ood(0C),42,05-30-17_12.56 0degC_Cycle_1_Pan18650PF,-0.9405193328857422
A2-3 − A2-1,在残差族之上加置信族,ood(0C),42,05-30-17_20.16 0degC_Cycle_2_Pan18650PF,-0.9649209976196307
A2-3 − A2-1,在残差族之上加置信族,ood(0C),42,06-01-17_10.36 0degC_LA92_Pan18650PF,-0.687964916229248
A2-3 − A2-1,在残差族之上加置信族,ood(0C),42,06-01-17_10.36 0degC_NN_Pan18650PF,-0.5900735855102539
A2-3 − A2-1,在残差族之上加置信族,ood(0C),42,06-01-17_15.36 0degC_Cycle_3_Pan18650PF,-1.125001907348631
A2-3 − A2-1,在残差族之上加置信族,ood(0C),42,06-01-17_22.03 0degC_Cycle_4_Pan18650PF,-0.9695358276367188
A2-3 − A2-1,在残差族之上加置信族,ood(0C),42,06-02-17_04.58 0degC_US06_Pan18650PF,-0.7827596664428729
A2-3 − A2-1,在残差族之上加置信族,ood(0C),42,06-02-17_10.43 0degC_HWFET_Pan18650PF,-1.3212499618530291
A2-3 − A2-1,在残差族之上加置信族,ood(0C),42,06-02-17_17.14 0degC_UDDS_Pan18650PF,-1.1083230972290021
A2-3 − A2-1,在残差族之上加置信族,ood(-10C),7,06-07-17_08.39 n10degC_HWFET_Pan18650PF,-0.6295580863952637
A2-3 − A2-1,在残差族之上加置信族,ood(-10C),7,06-07-17_08.39 n10degC_LA92_Pan18650PF,-0.7885832786560059
A2-3 − A2-1,在残差族之上加置信族,ood(-10C),7,06-07-17_08.39 n10degC_UDDS_Pan18650PF,-1.0689105987548828
A2-3 − A2-1,在残差族之上加置信族,ood(-10C),7,06-07-17_08.39 n10degC_US06_Pan18650PF,-0.2638826370239258
A2-3 − A2-1,在残差族之上加置信族,ood(-10C),7,06-10-17_11.25 n10degC_Cycle_1_Pan18650PF,-1.1263952255249023
A2-3 − A2-1,在残差族之上加置信族,ood(-10C),7,06-10-17_18.35 n10degC_Cycle_2_Pan18650PF,-1.3268814086914062
A2-3 − A2-1,在残差族之上加置信族,ood(-10C),7,06-11-17_01.39 n10degC_Cycle_3_Pan18650PF,-1.4186382293701172
A2-3 − A2-1,在残差族之上加置信族,ood(-10C),7,06-11-17_08.42 n10degC_Cycle_4_Pan18650PF,-1.0519733428955078
A2-3 − A2-1,在残差族之上加置信族,ood(-10C),7,06-14-17_13.12 n10degC_NN_Pan18650PF,-1.1207294464111328
A2-3 − A2-1,在残差族之上加置信族,ood(-10C),13,06-07-17_08.39 n10degC_HWFET_Pan18650PF,-0.02104806900024414
A2-3 − A2-1,在残差族之上加置信族,ood(-10C),13,06-07-17_08.39 n10degC_LA92_Pan18650PF,-0.11656618118286044
A2-3 − A2-1,在残差族之上加置信族,ood(-10C),13,06-07-17_08.39 n10degC_UDDS_Pan18650PF,-0.1669521331787127
A2-3 − A2-1,在残差族之上加置信族,ood(-10C),13,06-07-17_08.39 n10degC_US06_Pan18650PF,-0.014483451843262607
A2-3 − A2-1,在残差族之上加置信族,ood(-10C),13,06-10-17_11.25 n10degC_Cycle_1_Pan18650PF,-0.18418025970458984
A2-3 − A2-1,在残差族之上加置信族,ood(-10C),13,06-10-17_18.35 n10degC_Cycle_2_Pan18650PF,-0.3147716522216797
A2-3 − A2-1,在残差族之上加置信族,ood(-10C),13,06-11-17_01.39 n10degC_Cycle_3_Pan18650PF,-0.31227111816405895
A2-3 − A2-1,在残差族之上加置信族,ood(-10C),13,06-11-17_08.42 n10degC_Cycle_4_Pan18650PF,-0.25821971893310547
A2-3 − A2-1,在残差族之上加置信族,ood(-10C),13,06-14-17_13.12 n10degC_NN_Pan18650PF,-0.23958396911621094
A2-3 − A2-1,在残差族之上加置信族,ood(-10C),42,06-07-17_08.39 n10degC_HWFET_Pan18650PF,-1.1008172035217276
A2-3 − A2-1,在残差族之上加置信族,ood(-10C),42,06-07-17_08.39 n10degC_LA92_Pan18650PF,-0.8933286666870117
A2-3 − A2-1,在残差族之上加置信族,ood(-10C),42,06-07-17_08.39 n10degC_UDDS_Pan18650PF,-1.148573875427246
A2-3 − A2-1,在残差族之上加置信族,ood(-10C),42,06-07-17_08.39 n10degC_US06_Pan18650PF,-0.4675583839416504
A2-3 − A2-1,在残差族之上加置信族,ood(-10C),42,06-10-17_11.25 n10degC_Cycle_1_Pan18650PF,-1.2646188735961896
A2-3 − A2-1,在残差族之上加置信族,ood(-10C),42,06-10-17_18.35 n10degC_Cycle_2_Pan18650PF,-1.4056625366211009
A2-3 − A2-1,在残差族之上加置信族,ood(-10C),42,06-11-17_01.39 n10degC_Cycle_3_Pan18650PF,-1.3545093536376953
A2-3 − A2-1,在残差族之上加置信族,ood(-10C),42,06-11-17_08.42 n10degC_Cycle_4_Pan18650PF,-1.1694707870483398
A2-3 − A2-1,在残差族之上加置信族,ood(-10C),42,06-14-17_13.12 n10degC_NN_Pan18650PF,-1.0956096649169922
A2-3 − A2-1,在残差族之上加置信族,ood(-20C),7,06-23-17_23.35 n20degC_HWFET_Pan18650PF,-0.7075953483581543
A2-3 − A2-1,在残差族之上加置信族,ood(-20C),7,06-23-17_23.35 n20degC_LA92_Pan18650PF,-0.7796850204467773
A2-3 − A2-1,在残差族之上加置信族,ood(-20C),7,06-23-17_23.35 n20degC_NN_Pan18650PF,-0.6868712902069092
A2-3 − A2-1,在残差族之上加置信族,ood(-20C),7,06-23-17_23.35 n20degC_UDDS_Pan18650PF,-1.0053186416625977
A2-3 − A2-1,在残差族之上加置信族,ood(-20C),7,06-24-17_04.29 n20degC_Cycle_1_Pan18650PF,-1.430084228515625
A2-3 − A2-1,在残差族之上加置信族,ood(-20C),7,06-24-17_11.58 n20degC_Cycle_2_Pan18650PF,-1.4151477813720703
A2-3 − A2-1,在残差族之上加置信族,ood(-20C),7,06-24-17_19.29 n20degC_Cycle_3_Pan18650PF,-1.335155487060554
A2-3 − A2-1,在残差族之上加置信族,ood(-20C),7,06-25-17_03.01 n20degC_Cycle_4_Pan18650PF,-1.2466278076171875
A2-3 − A2-1,在残差族之上加置信族,ood(-20C),7,06-25-17_10.31 n20degC_US06_Pan18650PF,-1.2482795715332031
A2-3 − A2-1,在残差族之上加置信族,ood(-20C),13,06-23-17_23.35 n20degC_HWFET_Pan18650PF,0.12209701538085938
A2-3 − A2-1,在残差族之上加置信族,ood(-20C),13,06-23-17_23.35 n20degC_LA92_Pan18650PF,0.06684398651123136
A2-3 − A2-1,在残差族之上加置信族,ood(-20C),13,06-23-17_23.35 n20degC_NN_Pan18650PF,0.05418539047241211
A2-3 − A2-1,在残差族之上加置信族,ood(-20C),13,06-23-17_23.35 n20degC_UDDS_Pan18650PF,0.06931877136230291
A2-3 − A2-1,在残差族之上加置信族,ood(-20C),13,06-24-17_04.29 n20degC_Cycle_1_Pan18650PF,-0.15253067016601207
A2-3 − A2-1,在残差族之上加置信族,ood(-20C),13,06-24-17_11.58 n20degC_Cycle_2_Pan18650PF,-0.26158905029296875
A2-3 − A2-1,在残差族之上加置信族,ood(-20C),13,06-24-17_19.29 n20degC_Cycle_3_Pan18650PF,-0.13967323303222656
A2-3 − A2-1,在残差族之上加置信族,ood(-20C),13,06-25-17_03.01 n20degC_Cycle_4_Pan18650PF,-0.076171875
A2-3 − A2-1,在残差族之上加置信族,ood(-20C),13,06-25-17_10.31 n20degC_US06_Pan18650PF,-0.5454368591308594
A2-3 − A2-1,在残差族之上加置信族,ood(-20C),42,06-23-17_23.35 n20degC_HWFET_Pan18650PF,-1.0961318016052246
A2-3 − A2-1,在残差族之上加置信族,ood(-20C),42,06-23-17_23.35 n20degC_LA92_Pan18650PF,-0.9682135581970215
A2-3 − A2-1,在残差族之上加置信族,ood(-20C),42,06-23-17_23.35 n20degC_NN_Pan18650PF,-0.9333338737487793
A2-3 − A2-1,在残差族之上加置信族,ood(-20C),42,06-23-17_23.35 n20degC_UDDS_Pan18650PF,-1.0458068847656268
A2-3 − A2-1,在残差族之上加置信族,ood(-20C),42,06-24-17_04.29 n20degC_Cycle_1_Pan18650PF,-1.3679904937744176
A2-3 − A2-1,在残差族之上加置信族,ood(-20C),42,06-24-17_11.58 n20degC_Cycle_2_Pan18650PF,-1.4563846588134801
A2-3 − A2-1,在残差族之上加置信族,ood(-20C),42,06-24-17_19.29 n20degC_Cycle_3_Pan18650PF,-1.3805999755859375
A2-3 − A2-1,在残差族之上加置信族,ood(-20C),42,06-25-17_03.01 n20degC_Cycle_4_Pan18650PF,-1.4238357543945348
A2-3 − A2-1,在残差族之上加置信族,ood(-20C),42,06-25-17_10.31 n20degC_US06_Pan18650PF,-1.0571479797363246
A2-3 − A2-4,在置信族之上加残差族,test_id(25C),7,03-18-17_02.17 25degC_Cycle_1_Pan18650PF,-0.04148268699645996
A2-3 − A2-4,在置信族之上加残差族,test_id(25C),7,03-19-17_03.25 25degC_Cycle_2_Pan18650PF,-0.09396135807037354
A2-3 − A2-4,在置信族之上加残差族,test_id(25C),7,03-19-17_09.07 25degC_Cycle_3_Pan18650PF,0.0012623369693756104
A2-3 − A2-4,在置信族之上加残差族,test_id(25C),7,03-19-17_14.31 25degC_Cycle_4_Pan18650PF,0.11521488428115845
A2-3 − A2-4,在置信族之上加残差族,test_id(25C),13,03-18-17_02.17 25degC_Cycle_1_Pan18650PF,-0.13158196210861206
A2-3 − A2-4,在置信族之上加残差族,test_id(25C),13,03-19-17_03.25 25degC_Cycle_2_Pan18650PF,-0.17507588863372803
A2-3 − A2-4,在置信族之上加残差族,test_id(25C),13,03-19-17_09.07 25degC_Cycle_3_Pan18650PF,-0.1844046413898468
A2-3 − A2-4,在置信族之上加残差族,test_id(25C),13,03-19-17_14.31 25degC_Cycle_4_Pan18650PF,-0.16744762659072876
A2-3 − A2-4,在置信族之上加残差族,test_id(25C),42,03-18-17_02.17 25degC_Cycle_1_Pan18650PF,-0.029116332530975342
A2-3 − A2-4,在置信族之上加残差族,test_id(25C),42,03-19-17_03.25 25degC_Cycle_2_Pan18650PF,-0.006119906902313232
A2-3 − A2-4,在置信族之上加残差族,test_id(25C),42,03-19-17_09.07 25degC_Cycle_3_Pan18650PF,-0.028108209371566772
A2-3 − A2-4,在置信族之上加残差族,test_id(25C),42,03-19-17_14.31 25degC_Cycle_4_Pan18650PF,0.0203668475151062
A2-3 − A2-4,在置信族之上加残差族,ood(10C),7,03-27-17_09.06 10degC_HWFET_Pan18650PF,-0.060741186141966885
A2-3 − A2-4,在置信族之上加残差族,ood(10C),7,03-27-17_09.06 10degC_LA92_Pan18650PF,-0.42019200325012207
A2-3 − A2-4,在置信族之上加残差族,ood(10C),7,03-27-17_09.06 10degC_NN_Pan18650PF,-0.22051548957824707
A2-3 − A2-4,在置信族之上加残差族,ood(10C),7,03-27-17_09.06 10degC_UDDS_Pan18650PF,-0.44294083118438765
A2-3 − A2-4,在置信族之上加残差族,ood(10C),7,03-27-17_09.06 10degC_US06_Pan18650PF,-0.1443214416503893
A2-3 − A2-4,在置信族之上加残差族,ood(10C),7,03-28-17_12.51 10degC_Cycle_1_Pan18650PF,-0.374037504196167
A2-3 − A2-4,在置信族之上加残差族,ood(10C),7,03-28-17_18.18 10degC_Cycle_2_Pan18650PF,-0.40301036834716797
A2-3 − A2-4,在置信族之上加残差族,ood(10C),7,04-05-17_17.04 10degC_Cycle_3_Pan18650PF,-0.4299626350402832
A2-3 − A2-4,在置信族之上加残差族,ood(10C),7,04-05-17_22.50 10degC_Cycle_4_Pan18650PF,-0.27323222160339355
A2-3 − A2-4,在置信族之上加残差族,ood(10C),13,03-27-17_09.06 10degC_HWFET_Pan18650PF,-0.09935688972473145
A2-3 − A2-4,在置信族之上加残差族,ood(10C),13,03-27-17_09.06 10degC_LA92_Pan18650PF,0.551315069198608
A2-3 − A2-4,在置信族之上加残差族,ood(10C),13,03-27-17_09.06 10degC_NN_Pan18650PF,0.4278247356414795
A2-3 − A2-4,在置信族之上加残差族,ood(10C),13,03-27-17_09.06 10degC_UDDS_Pan18650PF,0.3250689506530766
A2-3 − A2-4,在置信族之上加残差族,ood(10C),13,03-27-17_09.06 10degC_US06_Pan18650PF,0.6742875576019287
A2-3 − A2-4,在置信族之上加残差族,ood(10C),13,03-28-17_12.51 10degC_Cycle_1_Pan18650PF,0.5676553249359126
A2-3 − A2-4,在置信族之上加残差族,ood(10C),13,03-28-17_18.18 10degC_Cycle_2_Pan18650PF,0.5214786529541016
A2-3 − A2-4,在置信族之上加残差族,ood(10C),13,04-05-17_17.04 10degC_Cycle_3_Pan18650PF,0.5209121704101562
A2-3 − A2-4,在置信族之上加残差族,ood(10C),13,04-05-17_22.50 10degC_Cycle_4_Pan18650PF,0.36232638359069824
A2-3 − A2-4,在置信族之上加残差族,ood(10C),42,03-27-17_09.06 10degC_HWFET_Pan18650PF,-0.1482856273651123
A2-3 − A2-4,在置信族之上加残差族,ood(10C),42,03-27-17_09.06 10degC_LA92_Pan18650PF,-0.11449432373046875
A2-3 − A2-4,在置信族之上加残差族,ood(10C),42,03-27-17_09.06 10degC_NN_Pan18650PF,-0.09877896308898926
A2-3 − A2-4,在置信族之上加残差族,ood(10C),42,03-27-17_09.06 10degC_UDDS_Pan18650PF,-0.1981668472290039
A2-3 − A2-4,在置信族之上加残差族,ood(10C),42,03-27-17_09.06 10degC_US06_Pan18650PF,-0.08327388763427779
A2-3 − A2-4,在置信族之上加残差族,ood(10C),42,03-28-17_12.51 10degC_Cycle_1_Pan18650PF,-0.20223331451416016
A2-3 − A2-4,在置信族之上加残差族,ood(10C),42,03-28-17_18.18 10degC_Cycle_2_Pan18650PF,-0.16846513748168945
A2-3 − A2-4,在置信族之上加残差族,ood(10C),42,04-05-17_17.04 10degC_Cycle_3_Pan18650PF,-0.19003772735595792
A2-3 − A2-4,在置信族之上加残差族,ood(10C),42,04-05-17_22.50 10degC_Cycle_4_Pan18650PF,-0.16426801681518555
A2-3 − A2-4,在置信族之上加残差族,ood(0C),7,05-30-17_12.56 0degC_Cycle_1_Pan18650PF,-0.5409879684448242
A2-3 − A2-4,在置信族之上加残差族,ood(0C),7,05-30-17_20.16 0degC_Cycle_2_Pan18650PF,-0.5432882308959961
A2-3 − A2-4,在置信族之上加残差族,ood(0C),7,06-01-17_10.36 0degC_LA92_Pan18650PF,-0.5045924186706543
A2-3 − A2-4,在置信族之上加残差族,ood(0C),7,06-01-17_10.36 0degC_NN_Pan18650PF,-0.4112076759338379
A2-3 − A2-4,在置信族之上加残差族,ood(0C),7,06-01-17_15.36 0degC_Cycle_3_Pan18650PF,-0.6083278656005859
A2-3 − A2-4,在置信族之上加残差族,ood(0C),7,06-01-17_22.03 0degC_Cycle_4_Pan18650PF,-0.531590461730957
A2-3 − A2-4,在置信族之上加残差族,ood(0C),7,06-02-17_04.58 0degC_US06_Pan18650PF,-0.2843017578125
A2-3 − A2-4,在置信族之上加残差族,ood(0C),7,06-02-17_10.43 0degC_HWFET_Pan18650PF,-0.43943214416503906
A2-3 − A2-4,在置信族之上加残差族,ood(0C),7,06-02-17_17.14 0degC_UDDS_Pan18650PF,-0.7164273262023926
A2-3 − A2-4,在置信族之上加残差族,ood(0C),13,05-30-17_12.56 0degC_Cycle_1_Pan18650PF,-0.10885906219482244
A2-3 − A2-4,在置信族之上加残差族,ood(0C),13,05-30-17_20.16 0degC_Cycle_2_Pan18650PF,-0.024667739868164062
A2-3 − A2-4,在置信族之上加残差族,ood(0C),13,06-01-17_10.36 0degC_LA92_Pan18650PF,0.6647000312805176
A2-3 − A2-4,在置信族之上加残差族,ood(0C),13,06-01-17_10.36 0degC_NN_Pan18650PF,0.49996328353881836
A2-3 − A2-4,在置信族之上加残差族,ood(0C),13,06-01-17_15.36 0degC_Cycle_3_Pan18650PF,0.6579790115356463
A2-3 − A2-4,在置信族之上加残差族,ood(0C),13,06-01-17_22.03 0degC_Cycle_4_Pan18650PF,0.7075018882751465
A2-3 − A2-4,在置信族之上加残差族,ood(0C),13,06-02-17_04.58 0degC_US06_Pan18650PF,0.9386091232299805
A2-3 − A2-4,在置信族之上加残差族,ood(0C),13,06-02-17_10.43 0degC_HWFET_Pan18650PF,0.33925724029541016
A2-3 − A2-4,在置信族之上加残差族,ood(0C),13,06-02-17_17.14 0degC_UDDS_Pan18650PF,0.6412358283996582
A2-3 − A2-4,在置信族之上加残差族,ood(0C),42,05-30-17_12.56 0degC_Cycle_1_Pan18650PF,-0.3749847412109375
A2-3 − A2-4,在置信族之上加残差族,ood(0C),42,05-30-17_20.16 0degC_Cycle_2_Pan18650PF,-0.3175964355468768
A2-3 − A2-4,在置信族之上加残差族,ood(0C),42,06-01-17_10.36 0degC_LA92_Pan18650PF,0.025541305541992188
A2-3 − A2-4,在置信族之上加残差族,ood(0C),42,06-01-17_10.36 0degC_NN_Pan18650PF,0.02673816680908203
A2-3 − A2-4,在置信族之上加残差族,ood(0C),42,06-01-17_15.36 0degC_Cycle_3_Pan18650PF,-0.11453914642333984
A2-3 − A2-4,在置信族之上加残差族,ood(0C),42,06-01-17_22.03 0degC_Cycle_4_Pan18650PF,-0.1639728546142578
A2-3 − A2-4,在置信族之上加残差族,ood(0C),42,06-02-17_04.58 0degC_US06_Pan18650PF,-0.06317234039306818
A2-3 − A2-4,在置信族之上加残差族,ood(0C),42,06-02-17_10.43 0degC_HWFET_Pan18650PF,-0.2986640930175781
A2-3 − A2-4,在置信族之上加残差族,ood(0C),42,06-02-17_17.14 0degC_UDDS_Pan18650PF,-0.15073585510253906
A2-3 − A2-4,在置信族之上加残差族,ood(-10C),7,06-07-17_08.39 n10degC_HWFET_Pan18650PF,-0.5307779312133789
A2-3 − A2-4,在置信族之上加残差族,ood(-10C),7,06-07-17_08.39 n10degC_LA92_Pan18650PF,-0.5865240097045898
A2-3 − A2-4,在置信族之上加残差族,ood(-10C),7,06-07-17_08.39 n10degC_UDDS_Pan18650PF,-0.7425117492675781
A2-3 − A2-4,在置信族之上加残差族,ood(-10C),7,06-07-17_08.39 n10degC_US06_Pan18650PF,-0.4467592239379883
A2-3 − A2-4,在置信族之上加残差族,ood(-10C),7,06-10-17_11.25 n10degC_Cycle_1_Pan18650PF,-0.7038345336914062
A2-3 − A2-4,在置信族之上加残差族,ood(-10C),7,06-10-17_18.35 n10degC_Cycle_2_Pan18650PF,-0.6382789611816406
A2-3 − A2-4,在置信族之上加残差族,ood(-10C),7,06-11-17_01.39 n10degC_Cycle_3_Pan18650PF,-0.7232780456542969
A2-3 − A2-4,在置信族之上加残差族,ood(-10C),7,06-11-17_08.42 n10degC_Cycle_4_Pan18650PF,-0.5573616027832031
A2-3 − A2-4,在置信族之上加残差族,ood(-10C),7,06-14-17_13.12 n10degC_NN_Pan18650PF,-0.591461181640625
A2-3 − A2-4,在置信族之上加残差族,ood(-10C),13,06-07-17_08.39 n10degC_HWFET_Pan18650PF,0.48845863342285156
A2-3 − A2-4,在置信族之上加残差族,ood(-10C),13,06-07-17_08.39 n10degC_LA92_Pan18650PF,0.6747784614562988
A2-3 − A2-4,在置信族之上加残差族,ood(-10C),13,06-07-17_08.39 n10degC_UDDS_Pan18650PF,0.6501188278198224
A2-3 − A2-4,在置信族之上加残差族,ood(-10C),13,06-07-17_08.39 n10degC_US06_Pan18650PF,0.617939710617065
A2-3 − A2-4,在置信族之上加残差族,ood(-10C),13,06-10-17_11.25 n10degC_Cycle_1_Pan18650PF,0.8039360046386719
A2-3 − A2-4,在置信族之上加残差族,ood(-10C),13,06-10-17_18.35 n10degC_Cycle_2_Pan18650PF,0.9380245208740234
A2-3 − A2-4,在置信族之上加残差族,ood(-10C),13,06-11-17_01.39 n10degC_Cycle_3_Pan18650PF,0.9699077606201207
A2-3 − A2-4,在置信族之上加残差族,ood(-10C),13,06-11-17_08.42 n10degC_Cycle_4_Pan18650PF,0.9454450607299822
A2-3 − A2-4,在置信族之上加残差族,ood(-10C),13,06-14-17_13.12 n10degC_NN_Pan18650PF,0.9107532501220703
A2-3 − A2-4,在置信族之上加残差族,ood(-10C),42,06-07-17_08.39 n10degC_HWFET_Pan18650PF,-0.048682212829588956
A2-3 − A2-4,在置信族之上加残差族,ood(-10C),42,06-07-17_08.39 n10degC_LA92_Pan18650PF,0.024575233459472656
A2-3 − A2-4,在置信族之上加残差族,ood(-10C),42,06-07-17_08.39 n10degC_UDDS_Pan18650PF,-0.031844139099121094
A2-3 − A2-4,在置信族之上加残差族,ood(-10C),42,06-07-17_08.39 n10degC_US06_Pan18650PF,0.22015142440795898
A2-3 − A2-4,在置信族之上加残差族,ood(-10C),42,06-10-17_11.25 n10degC_Cycle_1_Pan18650PF,-0.07180500030517578
A2-3 − A2-4,在置信族之上加残差族,ood(-10C),42,06-10-17_18.35 n10degC_Cycle_2_Pan18650PF,-0.11624336242675781
A2-3 − A2-4,在置信族之上加残差族,ood(-10C),42,06-11-17_01.39 n10degC_Cycle_3_Pan18650PF,-0.04769134521484375
A2-3 − A2-4,在置信族之上加残差族,ood(-10C),42,06-11-17_08.42 n10degC_Cycle_4_Pan18650PF,-0.08723735809326172
A2-3 − A2-4,在置信族之上加残差族,ood(-10C),42,06-14-17_13.12 n10degC_NN_Pan18650PF,-0.09308433532714844
A2-3 − A2-4,在置信族之上加残差族,ood(-20C),7,06-23-17_23.35 n20degC_HWFET_Pan18650PF,-0.9871153831481934
A2-3 − A2-4,在置信族之上加残差族,ood(-20C),7,06-23-17_23.35 n20degC_LA92_Pan18650PF,-0.9337735176086426
A2-3 − A2-4,在置信族之上加残差族,ood(-20C),7,06-23-17_23.35 n20degC_NN_Pan18650PF,-0.9079492092132568
A2-3 − A2-4,在置信族之上加残差族,ood(-20C),7,06-23-17_23.35 n20degC_UDDS_Pan18650PF,-1.0063238143920898
A2-3 − A2-4,在置信族之上加残差族,ood(-20C),7,06-24-17_04.29 n20degC_Cycle_1_Pan18650PF,-0.9369277954101562
A2-3 − A2-4,在置信族之上加残差族,ood(-20C),7,06-24-17_11.58 n20degC_Cycle_2_Pan18650PF,-0.8041038513183558
A2-3 − A2-4,在置信族之上加残差族,ood(-20C),7,06-24-17_19.29 n20degC_Cycle_3_Pan18650PF,-0.8278636932373118
A2-3 − A2-4,在置信族之上加残差族,ood(-20C),7,06-25-17_03.01 n20degC_Cycle_4_Pan18650PF,-0.893829345703125
A2-3 − A2-4,在置信族之上加残差族,ood(-20C),7,06-25-17_10.31 n20degC_US06_Pan18650PF,-0.22993087768555043
A2-3 − A2-4,在置信族之上加残差族,ood(-20C),13,06-23-17_23.35 n20degC_HWFET_Pan18650PF,0.6433439254760742
A2-3 − A2-4,在置信族之上加残差族,ood(-20C),13,06-23-17_23.35 n20degC_LA92_Pan18650PF,0.7549338340759286
A2-3 − A2-4,在置信族之上加残差族,ood(-20C),13,06-23-17_23.35 n20degC_NN_Pan18650PF,0.6427650451660156
A2-3 − A2-4,在置信族之上加残差族,ood(-20C),13,06-23-17_23.35 n20degC_UDDS_Pan18650PF,0.772763252258299
A2-3 − A2-4,在置信族之上加残差族,ood(-20C),13,06-24-17_04.29 n20degC_Cycle_1_Pan18650PF,1.0024890899658239
A2-3 − A2-4,在置信族之上加残差族,ood(-20C),13,06-24-17_11.58 n20degC_Cycle_2_Pan18650PF,0.9759769439697301
A2-3 − A2-4,在置信族之上加残差族,ood(-20C),13,06-24-17_19.29 n20degC_Cycle_3_Pan18650PF,1.1369438171386754
A2-3 − A2-4,在置信族之上加残差族,ood(-20C),13,06-25-17_03.01 n20degC_Cycle_4_Pan18650PF,0.9931297302246165
A2-3 − A2-4,在置信族之上加残差族,ood(-20C),13,06-25-17_10.31 n20degC_US06_Pan18650PF,1.4350337982177734
A2-3 − A2-4,在置信族之上加残差族,ood(-20C),42,06-23-17_23.35 n20degC_HWFET_Pan18650PF,0.1546473503112793
A2-3 − A2-4,在置信族之上加残差族,ood(-20C),42,06-23-17_23.35 n20degC_LA92_Pan18650PF,0.17107629776000977
A2-3 − A2-4,在置信族之上加残差族,ood(-20C),42,06-23-17_23.35 n20degC_NN_Pan18650PF,0.17965984344482422
A2-3 − A2-4,在置信族之上加残差族,ood(-20C),42,06-23-17_23.35 n20degC_UDDS_Pan18650PF,0.11557674407958984
A2-3 − A2-4,在置信族之上加残差族,ood(-20C),42,06-24-17_04.29 n20degC_Cycle_1_Pan18650PF,0.0008983612060511348
A2-3 − A2-4,在置信族之上加残差族,ood(-20C),42,06-24-17_11.58 n20degC_Cycle_2_Pan18650PF,-0.15969467163086293
A2-3 − A2-4,在置信族之上加残差族,ood(-20C),42,06-24-17_19.29 n20degC_Cycle_3_Pan18650PF,-0.1520252227783203
A2-3 − A2-4,在置信族之上加残差族,ood(-20C),42,06-25-17_03.01 n20degC_Cycle_4_Pan18650PF,-0.10345840454101918
A2-3 − A2-4,在置信族之上加残差族,ood(-20C),42,06-25-17_10.31 n20degC_US06_Pan18650PF,0.14447021484375
