scenario,scenario_label,exp,eval_group,n_files,rmse_mean_pp,rmse_sd_pp
S0,S0 名义（额定 2.9 Ah）,A2-0,ood(-10C),9,11.5251,5.0511
S0,S0 名义（额定 2.9 Ah）,A2-0,ood(-20C),9,14.8725,8.4032
S0,S0 名义（额定 2.9 Ah）,A2-0,ood(0C),9,8.9257,2.1962
S0,S0 名义（额定 2.9 Ah）,A2-0,ood(10C),9,3.3844,0.8409
S0,S0 名义（额定 2.9 Ah）,A2-0,test_id(25C),4,0.6199,0.1654
S0,S0 名义（额定 2.9 Ah）,A2-1,ood(-10C),9,12.0814,5.1581
S0,S0 名义（额定 2.9 Ah）,A2-1,ood(-20C),9,15.429,8.5786
S0,S0 名义（额定 2.9 Ah）,A2-1,ood(0C),9,9.4704,2.312
S0,S0 名义（额定 2.9 Ah）,A2-1,ood(10C),9,3.7152,0.8528
S0,S0 名义（额定 2.9 Ah）,A2-1,test_id(25C),4,0.5962,0.1554
S0,S0 名义（额定 2.9 Ah）,A2-2,ood(-10C),9,11.782,4.9763
S0,S0 名义（额定 2.9 Ah）,A2-2,ood(-20C),9,15.1683,8.3103
S0,S0 名义（额定 2.9 Ah）,A2-2,ood(0C),9,9.0744,2.1675
S0,S0 名义（额定 2.9 Ah）,A2-2,ood(10C),9,3.4893,0.8113
S0,S0 名义（额定 2.9 Ah）,A2-2,test_id(25C),4,0.623,0.1453
S0,S0 名义（额定 2.9 Ah）,A2-3,ood(-10C),9,11.3287,4.9432
S0,S0 名义（额定 2.9 Ah）,A2-3,ood(-20C),9,14.6347,8.3681
S0,S0 名义（额定 2.9 Ah）,A2-3,ood(0C),9,8.8238,2.2162
S0,S0 名义（额定 2.9 Ah）,A2-3,ood(10C),9,3.3286,0.8414
S0,S0 名义（额定 2.9 Ah）,A2-3,test_id(25C),4,0.6208,0.1633
S0,S0 名义（额定 2.9 Ah）,A2-4,ood(-10C),9,11.2833,4.9348
S0,S0 名义（额定 2.9 Ah）,A2-4,ood(-20C),9,14.591,8.2895
S0,S0 名义（额定 2.9 Ah）,A2-4,ood(0C),9,8.8866,2.2668
S0,S0 名义（额定 2.9 Ah）,A2-4,ood(10C),9,3.3392,0.8172
S0,S0 名义（额定 2.9 Ah）,A2-4,test_id(25C),4,0.6808,0.1485
S1,S1 逐文件（日期插值）,A2-0,ood(-10C),9,6.6124,4.1493
S1,S1 逐文件（日期插值）,A2-0,ood(-20C),9,10.0615,7.1296
S1,S1 逐文件（日期插值）,A2-0,ood(0C),9,4.323,1.8776
S1,S1 逐文件（日期插值）,A2-0,ood(10C),9,1.6722,0.5517
S1,S1 逐文件（日期插值）,A2-0,test_id(25C),4,3.1686,0.2862
S1,S1 逐文件（日期插值）,A2-1,ood(-10C),9,7.123,4.2426
S1,S1 逐文件（日期插值）,A2-1,ood(-20C),9,10.5418,7.3662
S1,S1 逐文件（日期插值）,A2-1,ood(0C),9,4.6915,1.9614
S1,S1 逐文件（日期插值）,A2-1,ood(10C),9,1.8596,0.5674
S1,S1 逐文件（日期插值）,A2-1,test_id(25C),4,3.1326,0.2572
S1,S1 逐文件（日期插值）,A2-2,ood(-10C),9,6.9224,3.9926
S1,S1 逐文件（日期插值）,A2-2,ood(-20C),9,10.4362,6.9405
S1,S1 逐文件（日期插值）,A2-2,ood(0C),9,4.5136,1.7962
S1,S1 逐文件（日期插值）,A2-2,ood(10C),9,1.753,0.5032
S1,S1 逐文件（日期插值）,A2-2,test_id(25C),4,3.1632,0.2926
S1,S1 逐文件（日期插值）,A2-3,ood(-10C),9,6.3555,4.0501
S1,S1 逐文件（日期插值）,A2-3,ood(-20C),9,9.8305,7.0687
S1,S1 逐文件（日期插值）,A2-3,ood(0C),9,4.0784,1.8608
S1,S1 逐文件（日期插值）,A2-3,ood(10C),9,1.5761,0.5094
S1,S1 逐文件（日期插值）,A2-3,test_id(25C),4,3.1666,0.3042
S1,S1 逐文件（日期插值）,A2-4,ood(-10C),9,6.3268,4.0512
S1,S1 逐文件（日期插值）,A2-4,ood(-20C),9,9.7739,7.0241
S1,S1 逐文件（日期插值）,A2-4,ood(0C),9,4.0941,1.8481
S1,S1 逐文件（日期插值）,A2-4,ood(10C),9,1.5602,0.5064
S1,S1 逐文件（日期插值）,A2-4,test_id(25C),4,3.0506,0.2345
S2,S2 两端 2.80/2.35,A2-0,ood(-10C),9,4.6079,3.5013
S2,S2 两端 2.80/2.35,A2-0,ood(-20C),9,8.6748,6.1993
S2,S2 两端 2.80/2.35,A2-0,ood(0C),9,4.9068,1.2089
S2,S2 两端 2.80/2.35,A2-0,ood(10C),9,2.0983,0.7465
S2,S2 两端 2.80/2.35,A2-0,test_id(25C),4,2.3038,0.2589
S2,S2 两端 2.80/2.35,A2-1,ood(-10C),9,4.935,3.6602
S2,S2 两端 2.80/2.35,A2-1,ood(-20C),9,9.0294,6.561
S2,S2 两端 2.80/2.35,A2-1,ood(0C),9,4.7866,1.2931
S2,S2 两端 2.80/2.35,A2-1,ood(10C),9,2.4063,0.771
S2,S2 两端 2.80/2.35,A2-1,test_id(25C),4,2.2666,0.2241
S2,S2 两端 2.80/2.35,A2-2,ood(-10C),9,4.8832,3.3648
S2,S2 两端 2.80/2.35,A2-2,ood(-20C),9,9.0029,6.072
S2,S2 两端 2.80/2.35,A2-2,ood(0C),9,4.9277,1.1776
S2,S2 两端 2.80/2.35,A2-2,ood(10C),9,2.2086,0.7103
S2,S2 两端 2.80/2.35,A2-2,test_id(25C),4,2.2985,0.263
S2,S2 两端 2.80/2.35,A2-3,ood(-10C),9,4.2988,3.4192
S2,S2 两端 2.80/2.35,A2-3,ood(-20C),9,8.488,6.0812
S2,S2 两端 2.80/2.35,A2-3,ood(0C),9,4.7078,1.1101
S2,S2 两端 2.80/2.35,A2-3,ood(10C),9,2.0175,0.7212
S2,S2 两端 2.80/2.35,A2-3,test_id(25C),4,2.3021,0.2788
S2,S2 两端 2.80/2.35,A2-4,ood(-10C),9,4.3239,3.3973
S2,S2 两端 2.80/2.35,A2-4,ood(-20C),9,8.4244,6.0555
S2,S2 两端 2.80/2.35,A2-4,ood(0C),9,4.7225,1.0787
S2,S2 两端 2.80/2.35,A2-4,ood(10C),9,2.0146,0.7145
S2,S2 两端 2.80/2.35,A2-4,test_id(25C),4,2.1932,0.1976
S3,S3 统一 2.80,A2-0,ood(-10C),9,10.3058,4.843
S3,S3 统一 2.80,A2-0,ood(-20C),9,13.8009,8.1607
S3,S3 统一 2.80,A2-0,ood(0C),9,7.4693,2.0685
S3,S3 统一 2.80,A2-0,ood(10C),9,2.0983,0.7465
S3,S3 统一 2.80,A2-0,test_id(25C),4,2.3038,0.2589
S3,S3 统一 2.80,A2-1,ood(-10C),9,10.8584,4.9452
S3,S3 统一 2.80,A2-1,ood(-20C),9,14.3528,8.3369
S3,S3 统一 2.80,A2-1,ood(0C),9,8.0056,2.1788
S3,S3 统一 2.80,A2-1,ood(10C),9,2.4063,0.771
S3,S3 统一 2.80,A2-1,test_id(25C),4,2.2666,0.2241
S3,S3 统一 2.80,A2-2,ood(-10C),9,10.5706,4.7553
S3,S3 统一 2.80,A2-2,ood(-20C),9,14.1084,8.0538
S3,S3 统一 2.80,A2-2,ood(0C),9,7.6295,2.0348
S3,S3 统一 2.80,A2-2,ood(10C),9,2.2086,0.7103
S3,S3 统一 2.80,A2-2,test_id(25C),4,2.2985,0.263
S3,S3 统一 2.80,A2-3,ood(-10C),9,10.1009,4.7335
S3,S3 统一 2.80,A2-3,ood(-20C),9,13.5613,8.1245
S3,S3 统一 2.80,A2-3,ood(0C),9,7.3432,2.0801
S3,S3 统一 2.80,A2-3,ood(10C),9,2.0175,0.7212
S3,S3 统一 2.80,A2-3,test_id(25C),4,2.3021,0.2788
S3,S3 统一 2.80,A2-4,ood(-10C),9,10.0576,4.7271
S3,S3 统一 2.80,A2-4,ood(-20C),9,13.5182,8.0479
S3,S3 统一 2.80,A2-4,ood(0C),9,7.3979,2.1163
S3,S3 统一 2.80,A2-4,ood(10C),9,2.0146,0.7145
S3,S3 统一 2.80,A2-4,test_id(25C),4,2.1932,0.1976
S4,S4 统一 2.35,A2-0,ood(-10C),9,4.6079,3.5013
S4,S4 统一 2.35,A2-0,ood(-20C),9,8.6748,6.1993
S4,S4 统一 2.35,A2-0,ood(0C),9,4.9068,1.2089
S4,S4 统一 2.35,A2-0,ood(10C),9,7.541,0.9183
S4,S4 统一 2.35,A2-0,test_id(25C),4,11.2583,0.4673
S4,S4 统一 2.35,A2-1,ood(-10C),9,4.935,3.6602
S4,S4 统一 2.35,A2-1,ood(-20C),9,9.0294,6.561
S4,S4 统一 2.35,A2-1,ood(0C),9,4.7866,1.2931
S4,S4 统一 2.35,A2-1,ood(10C),9,7.2788,0.91
S4,S4 统一 2.35,A2-1,test_id(25C),4,11.234,0.4779
S4,S4 统一 2.35,A2-2,ood(-10C),9,4.8832,3.3648
S4,S4 统一 2.35,A2-2,ood(-20C),9,9.0029,6.072
S4,S4 统一 2.35,A2-2,ood(0C),9,4.9277,1.1776
S4,S4 统一 2.35,A2-2,ood(10C),9,7.4828,0.9166
S4,S4 统一 2.35,A2-2,test_id(25C),4,11.2537,0.4833
S4,S4 统一 2.35,A2-3,ood(-10C),9,4.2988,3.4192
S4,S4 统一 2.35,A2-3,ood(-20C),9,8.488,6.0812
S4,S4 统一 2.35,A2-3,ood(0C),9,4.7078,1.1101
S4,S4 统一 2.35,A2-3,ood(10C),9,7.521,0.9338
S4,S4 统一 2.35,A2-3,test_id(25C),4,11.2418,0.4703
S4,S4 统一 2.35,A2-4,ood(-10C),9,4.3239,3.3973
S4,S4 统一 2.35,A2-4,ood(-20C),9,8.4244,6.0555
S4,S4 统一 2.35,A2-4,ood(0C),9,4.7225,1.0787
S4,S4 统一 2.35,A2-4,ood(10C),9,7.5084,0.9281
S4,S4 统一 2.35,A2-4,test_id(25C),4,11.183,0.4928
S5,S5 名义×0.8 = 2.32,A2-0,ood(-10C),9,4.4042,3.3111
S5,S5 名义×0.8 = 2.32,A2-0,ood(-20C),9,8.4199,5.9006
S5,S5 名义×0.8 = 2.32,A2-0,ood(0C),9,5.2993,1.1431
S5,S5 名义×0.8 = 2.32,A2-0,ood(10C),9,8.1651,0.9394
S5,S5 名义×0.8 = 2.32,A2-0,test_id(25C),4,11.8855,0.5185
S5,S5 名义×0.8 = 2.32,A2-1,ood(-10C),9,4.6617,3.4977
S5,S5 名义×0.8 = 2.32,A2-1,ood(-20C),9,8.7469,6.2843
S5,S5 名义×0.8 = 2.32,A2-1,ood(0C),9,5.1216,1.202
S5,S5 名义×0.8 = 2.32,A2-1,ood(10C),9,7.8962,0.9319
S5,S5 名义×0.8 = 2.32,A2-1,test_id(25C),4,11.8614,0.5293
S5,S5 名义×0.8 = 2.32,A2-2,ood(-10C),9,4.6495,3.1923
S5,S5 名义×0.8 = 2.32,A2-2,ood(-20C),9,8.7235,5.8032
S5,S5 名义×0.8 = 2.32,A2-2,ood(0C),9,5.2978,1.1125
S5,S5 名义×0.8 = 2.32,A2-2,ood(10C),9,8.1053,0.9401
S5,S5 名义×0.8 = 2.32,A2-2,test_id(25C),4,11.8811,0.5342
S5,S5 名义×0.8 = 2.32,A2-3,ood(-10C),9,4.1073,3.2135
S5,S5 名义×0.8 = 2.32,A2-3,ood(-20C),9,8.2417,5.7729
S5,S5 名义×0.8 = 2.32,A2-3,ood(0C),9,5.114,1.0527
S5,S5 名义×0.8 = 2.32,A2-3,ood(10C),9,8.1469,0.9528
S5,S5 名义×0.8 = 2.32,A2-3,test_id(25C),4,11.8687,0.5216
S5,S5 名义×0.8 = 2.32,A2-4,ood(-10C),9,4.1425,3.1912
S5,S5 名义×0.8 = 2.32,A2-4,ood(-20C),9,8.1829,5.7438
S5,S5 名义×0.8 = 2.32,A2-4,ood(0C),9,5.1288,1.0215
S5,S5 名义×0.8 = 2.32,A2-4,ood(10C),9,8.1354,0.9516
S5,S5 名义×0.8 = 2.32,A2-4,test_id(25C),4,11.8146,0.544
