pair,eval_group,seed_means,n_seeds,n_same_sign,consistent,majority_dir,is_all_consistent
A2-1 − A2-0,ood(-10C),"+0.455,+0.070,+1.145",3,3,3/3,+,True
A2-1 − A2-0,ood(-20C),"+0.494,-0.051,+1.226",3,2,2/3,+,False
A2-1 − A2-0,ood(0C),"+0.369,+0.215,+1.050",3,3,3/3,+,True
A2-1 − A2-0,ood(10C),"+0.214,+0.143,+0.636",3,3,3/3,+,True
A2-1 − A2-0,test_id(25C),"+0.004,-0.010,-0.065",3,2,2/3,−,False
A2-2 − A2-0,ood(-10C),"+0.415,-0.029,+0.385",3,2,2/3,+,False
A2-2 − A2-0,ood(-20C),"+0.634,-0.066,+0.320",3,2,2/3,+,False
A2-2 − A2-0,ood(0C),"+0.097,-0.019,+0.368",3,2,2/3,+,False
A2-2 − A2-0,ood(10C),"+0.056,+0.017,+0.241",3,3,3/3,+,True
A2-2 − A2-0,test_id(25C),"+0.001,+0.060,-0.053",3,2,2/3,+,False
A2-3 − A2-0,ood(-10C),"-0.523,-0.111,+0.045",3,2,2/3,−,False
A2-3 − A2-0,ood(-20C),"-0.601,-0.146,+0.034",3,2,2/3,−,False
A2-3 − A2-0,ood(0C),"-0.371,-0.042,+0.107",3,2,2/3,−,False
A2-3 − A2-0,ood(10C),"-0.231,-0.032,+0.095",3,2,2/3,−,False
A2-3 − A2-0,test_id(25C),"+0.009,+0.031,-0.037",3,2,2/3,+,False
A2-3 − A2-1,ood(-10C),"-0.977,-0.181,-1.100",3,3,3/3,−,True
A2-3 − A2-1,ood(-20C),"-1.095,-0.096,-1.192",3,3,3/3,−,True
A2-3 − A2-1,ood(0C),"-0.740,-0.257,-0.943",3,3,3/3,−,True
A2-3 − A2-1,ood(10C),"-0.445,-0.174,-0.541",3,3,3/3,−,True
A2-3 − A2-1,test_id(25C),"+0.005,+0.040,+0.028",3,3,3/3,+,True
A2-3 − A2-4,ood(-10C),"-0.613,+0.778,-0.028",3,2,2/3,−,False
A2-3 − A2-4,ood(-20C),"-0.836,+0.929,+0.039",3,2,2/3,+,False
A2-3 − A2-4,ood(0C),"-0.509,+0.480,-0.159",3,2,2/3,−,False
A2-3 − A2-4,ood(10C),"-0.308,+0.428,-0.152",3,2,2/3,−,False
A2-3 − A2-4,test_id(25C),"-0.005,-0.165,-0.011",3,3,3/3,−,True
A2-4 − A2-0,ood(-10C),"+0.091,-0.889,+0.073",3,2,2/3,+,False
A2-4 − A2-0,ood(-20C),"+0.235,-1.075,-0.005",3,2,2/3,−,False
A2-4 − A2-0,ood(0C),"+0.138,-0.521,+0.266",3,2,2/3,+,False
A2-4 − A2-0,ood(10C),"+0.077,-0.460,+0.247",3,2,2/3,+,False
A2-4 − A2-0,test_id(25C),"+0.013,+0.195,-0.026",3,2,2/3,+,False
