exp,eval_group,nn_RMSE_mean,nn_RMSE_std,nn_MAE_mean,nn_MAX_mean,ekf_RMSE,n_seeds
A2-0,ood(-10C),6.787,0.236,4.716,16.145,7.362,3
A2-0,ood(-20C),4.852,0.337,3.482,14.808,4.843,3
A2-0,ood(0C),9.696,0.318,9.646,13.486,11.811,3
A2-0,ood(10C),2.907,0.132,2.389,7.221,4.914,3
A2-0,test_id(25C),0.62,0.17,0.471,2.318,2.738,3
A2-0,val(25C),1.07,0.035,0.928,3.253,1.693,3
A2-1,ood(-10C),7.317,0.47,5.059,16.802,7.362,3
A2-1,ood(-20C),5.285,0.559,3.725,15.263,4.843,3
A2-1,ood(0C),10.15,0.222,10.081,13.909,11.811,3
A2-1,ood(10C),3.235,0.181,2.702,7.215,4.914,3
A2-1,test_id(25C),0.596,0.142,0.454,2.36,2.738,3
A2-1,val(25C),1.069,0.024,0.919,3.352,1.693,3
A2-2,ood(-10C),7.197,0.073,5.434,16.544,7.362,3
A2-2,ood(-20C),5.344,0.237,4.271,14.769,4.843,3
A2-2,ood(0C),9.663,0.068,9.595,13.02,11.811,3
A2-2,ood(10C),3.219,0.089,2.805,7.738,4.914,3
A2-2,test_id(25C),0.623,0.136,0.458,2.355,2.738,3
A2-2,val(25C),1.014,0.038,0.882,3.336,1.693,3
A2-3,ood(-10C),6.733,0.195,4.561,15.973,7.362,3
A2-3,ood(-20C),4.725,0.371,3.312,13.856,4.843,3
A2-3,ood(0C),9.607,0.136,9.528,13.019,11.811,3
A2-3,ood(10C),3.028,0.043,2.47,7.398,4.914,3
A2-3,test_id(25C),0.621,0.149,0.45,2.564,2.738,3
A2-3,val(25C),1.009,0.101,0.88,3.125,1.693,3
A2-4,ood(-10C),6.763,0.316,4.545,15.742,7.362,3
A2-4,ood(-20C),4.788,0.465,3.284,14.293,4.843,3
A2-4,ood(0C),9.949,0.263,9.866,14.901,11.811,3
A2-4,ood(10C),3.131,0.019,2.517,8.14,4.914,3
A2-4,test_id(25C),0.681,0.16,0.517,2.885,2.738,3
A2-4,val(25C),1.008,0.042,0.893,2.866,1.693,3
