exp,grp,RMSE_mean,RMSE_std_files,n_files,ekf_RMSE_mean,ekf_RMSE_std
A2-0,ood(-10C),11.525124426241277,5.051142908417956,9,11.978709006118628,5.078471679769242
A2-0,ood(-20C),14.872489187452528,8.403206453956567,9,14.932677301814872,8.636034353291336
A2-0,ood(0C),8.925736356664588,2.196212519928195,9,10.137495500577009,2.584678860019035
A2-0,ood(10C),3.3843893828215426,0.8408746834430296,9,4.709229889757376,0.8824199698090913
A2-0,test_id(25C),0.6199316903948784,0.1654242292251838,4,2.734231529735525,0.2110647209985575
A2-1,ood(-10C),12.081446524019595,5.158102216313295,9,11.978709006118628,5.078471679769242
A2-1,ood(-20C),15.429027963567664,8.578582405111295,9,14.932677301814872,8.636034353291336
A2-1,ood(0C),9.47039074367947,2.312013579017514,9,10.137495500577009,2.584678860019035
A2-1,ood(10C),3.715228495774445,0.8528321630328523,9,4.709229889757376,0.8824199698090913
A2-1,test_id(25C),0.5962294712662697,0.1553715919127764,4,2.734231529735525,0.2110647209985575
A2-2,ood(-10C),11.782026644106264,4.97632560033003,9,11.978709006118628,5.078471679769242
A2-2,ood(-20C),15.168338457743326,8.310268536422754,9,14.932677301814872,8.636034353291336
A2-2,ood(0C),9.074413423184996,2.1674826074692537,9,10.137495500577009,2.584678860019035
A2-2,ood(10C),3.4892896722864224,0.8113161547281644,9,4.709229889757376,0.8824199698090913
A2-2,test_id(25C),0.622968427836895,0.1452910190854398,4,2.734231529735525,0.2110647209985575
A2-3,ood(-10C),11.328713999854196,4.943162397412989,9,11.978709006118628,5.078471679769242
A2-3,ood(-20C),14.634688456853231,8.368085217718384,9,14.932677301814872,8.636034353291336
A2-3,ood(0C),8.823754045698378,2.2162116127406613,9,10.137495500577009,2.584678860019035
A2-3,ood(10C),3.328611237031442,0.8413876331108843,9,4.709229889757376,0.8824199698090913
A2-3,test_id(25C),0.6207952797412872,0.1633342961806621,4,2.734231529735525,0.2110647209985575
A2-4,ood(-10C),11.283280151861684,4.934802141219027,9,11.978709006118628,5.078471679769242
A2-4,ood(-20C),14.59095836568762,8.289501266172927,9,14.932677301814872,8.636034353291336
A2-4,ood(0C),8.886562276769567,2.266764874731022,9,10.137495500577009,2.584678860019035
A2-4,ood(10C),3.339183295214618,0.8171589113169576,9,4.709229889757376,0.8824199698090913
A2-4,test_id(25C),0.6808331583937008,0.1485399779770036,4,2.734231529735525,0.2110647209985575
