exp,seed,eval_group,cycle_id,n,ekf_RMSE,nn_RMSE,ekf_MAE,nn_MAE,ekf_MAX,nn_MAX
A2-0,7,val(25C),03-21-17_00.29 25degC_UDDS_Pan18650PF,22119,1.6927416324615479,1.041668176651001,1.4518100023269653,0.910698413848877,4.18684720993042,3.2629637718200684
A2-0,7,test_id(25C),03-18-17_02.17 25degC_Cycle_1_Pan18650PF,10655,2.7431797981262207,0.7303272485733032,2.286266326904297,0.5968212485313416,7.6572089195251465,1.9270367622375488
A2-0,7,test_id(25C),03-19-17_03.25 25degC_Cycle_2_Pan18650PF,10819,2.710275411605835,0.6679958701133728,2.10817289352417,0.4970618188381195,8.660661697387695,2.909290313720703
A2-0,7,test_id(25C),03-19-17_09.07 25degC_Cycle_3_Pan18650PF,9936,2.4912638664245605,0.39366090297698975,2.024637460708618,0.2835714519023895,5.469066619873047,1.6456751823425293
A2-0,7,test_id(25C),03-19-17_14.31 25degC_Cycle_4_Pan18650PF,11778,3.006352663040161,0.5927048325538635,2.434386730194092,0.4640983045101166,8.244611740112305,2.786118507385254
A2-0,7,ood(10C),03-27-17_09.06 10degC_HWFET_Pan18650PF,10263,4.913697719573975,3.0105068683624268,3.7840285301208496,2.346204996109009,13.630748748779297,7.275753021240234
A2-0,7,ood(0C),05-30-17_12.56 0degC_Cycle_1_Pan18650PF,8487,11.811185836791992,9.956089973449707,11.463414192199707,9.902058601379395,18.008214950561523,15.021231651306152
A2-0,7,ood(-10C),06-07-17_08.39 n10degC_HWFET_Pan18650PF,11951,7.36203670501709,6.87654447555542,4.6391191482543945,4.375667095184326,17.820207595825195,16.3129940032959
A2-0,7,ood(-20C),06-23-17_23.35 n20degC_HWFET_Pan18650PF,11042,4.842793941497803,4.735891819000244,2.913703441619873,2.984473943710327,14.895293235778809,14.229043006896973
A2-0,13,val(25C),03-21-17_00.29 25degC_UDDS_Pan18650PF,22119,1.6927416324615479,1.0578265190124512,1.4518100023269653,0.913746178150177,4.18684720993042,3.230036973953247
A2-0,13,test_id(25C),03-18-17_02.17 25degC_Cycle_1_Pan18650PF,10655,2.7431797981262207,0.7562857866287231,2.286266326904297,0.6241841912269592,7.6572089195251465,2.104067802429199
A2-0,13,test_id(25C),03-19-17_03.25 25degC_Cycle_2_Pan18650PF,10819,2.710275411605835,0.6428241729736328,2.10817289352417,0.4840995669364929,8.660661697387695,2.4052276611328125
A2-0,13,test_id(25C),03-19-17_09.07 25degC_Cycle_3_Pan18650PF,9936,2.4912638664245605,0.3486994802951813,2.024637460708618,0.2565787136554718,5.469066619873047,1.4879460334777832
A2-0,13,test_id(25C),03-19-17_14.31 25degC_Cycle_4_Pan18650PF,11778,3.006352663040161,0.6166596412658691,2.434386730194092,0.46592968702316284,8.244611740112305,2.6136035919189453
A2-0,13,ood(10C),03-27-17_09.06 10degC_HWFET_Pan18650PF,10263,4.913697719573975,2.9517221450805664,3.7840285301208496,2.57401704788208,13.630748748779297,6.761364459991455
A2-0,13,ood(0C),05-30-17_12.56 0degC_Cycle_1_Pan18650PF,8487,11.811185836791992,9.790477752685547,11.463414192199707,9.745647430419922,18.008214950561523,13.172905921936035
A2-0,13,ood(-10C),06-07-17_08.39 n10degC_HWFET_Pan18650PF,11951,7.36203670501709,6.964510917663574,4.6391191482543945,5.28495979309082,17.820207595825195,16.16420555114746
A2-0,13,ood(-20C),06-23-17_23.35 n20degC_HWFET_Pan18650PF,11042,4.842793941497803,5.230860233306885,2.913703441619873,4.236536979675293,14.895293235778809,15.4259614944458
A2-0,42,val(25C),03-21-17_00.29 25degC_UDDS_Pan18650PF,22119,1.6927416324615479,1.1094088554382324,1.4518100023269653,0.9591389894485474,4.18684720993042,3.265685558319092
A2-0,42,test_id(25C),03-18-17_02.17 25degC_Cycle_1_Pan18650PF,10655,2.7431797981262207,0.7014502882957458,2.286266326904297,0.571406900882721,7.6572089195251465,2.360910415649414
A2-0,42,test_id(25C),03-19-17_03.25 25degC_Cycle_2_Pan18650PF,10819,2.710275411605835,0.6811798214912415,2.10817289352417,0.531538188457489,8.660661697387695,2.3520755767822266
A2-0,42,test_id(25C),03-19-17_09.07 25degC_Cycle_3_Pan18650PF,9936,2.4912638664245605,0.38341057300567627,2.024637460708618,0.2648918032646179,5.469066619873047,1.4866933822631836
A2-0,42,test_id(25C),03-19-17_14.31 25degC_Cycle_4_Pan18650PF,11778,3.006352663040161,0.9239816665649414,2.434386730194092,0.6070799827575684,8.244611740112305,3.7340569496154785
A2-0,42,ood(10C),03-27-17_09.06 10degC_HWFET_Pan18650PF,10263,4.913697719573975,2.7588298320770264,3.7840285301208496,2.2480721473693848,13.630748748779297,7.624385356903076
A2-0,42,ood(0C),05-30-17_12.56 0degC_Cycle_1_Pan18650PF,8487,11.811185836791992,9.34066104888916,11.463414192199707,9.290519714355469,18.008214950561523,12.263673782348633
A2-0,42,ood(-10C),06-07-17_08.39 n10degC_HWFET_Pan18650PF,11951,7.36203670501709,6.518975734710693,4.6391191482543945,4.4869184494018555,17.820207595825195,15.958934783935547
A2-0,42,ood(-20C),06-23-17_23.35 n20degC_HWFET_Pan18650PF,11042,4.842793941497803,4.5878400802612305,2.913703441619873,3.2240726947784424,14.895293235778809,14.768566131591797
A2-1,7,val(25C),03-21-17_00.29 25degC_UDDS_Pan18650PF,22119,1.6927416324615479,1.0800211429595947,1.4518100023269653,0.9254544377326965,4.18684720993042,3.4399938583374023
A2-1,7,test_id(25C),03-18-17_02.17 25degC_Cycle_1_Pan18650PF,10655,2.7431797981262207,0.7260810136795044,2.286266326904297,0.5934149026870728,7.6572089195251465,1.7761750221252441
A2-1,7,test_id(25C),03-19-17_03.25 25degC_Cycle_2_Pan18650PF,10819,2.710275411605835,0.6743921041488647,2.10817289352417,0.5002970695495605,8.660661697387695,3.3609418869018555
A2-1,7,test_id(25C),03-19-17_09.07 25degC_Cycle_3_Pan18650PF,9936,2.4912638664245605,0.3837543725967407,2.024637460708618,0.26759985089302063,5.469066619873047,1.7883257865905762
A2-1,7,test_id(25C),03-19-17_14.31 25degC_Cycle_4_Pan18650PF,11778,3.006352663040161,0.6149117946624756,2.434386730194092,0.4652726948261261,8.244611740112305,2.623526096343994
A2-1,7,ood(10C),03-27-17_09.06 10degC_HWFET_Pan18650PF,10263,4.913697719573975,3.2035295963287354,3.7840285301208496,2.616417407989502,13.630748748779297,7.499288082122803
A2-1,7,ood(0C),05-30-17_12.56 0degC_Cycle_1_Pan18650PF,8487,11.811185836791992,10.09759521484375,11.463414192199707,10.035574913024902,18.008214950561523,13.146060943603516
A2-1,7,ood(-10C),06-07-17_08.39 n10degC_HWFET_Pan18650PF,11951,7.36203670501709,7.162670135498047,4.6391191482543945,4.713419437408447,17.820207595825195,16.74172019958496
A2-1,7,ood(-20C),06-23-17_23.35 n20degC_HWFET_Pan18650PF,11042,4.842793941497803,5.019465923309326,2.913703441619873,3.265277147293091,14.895293235778809,15.237204551696777
A2-1,13,val(25C),03-21-17_00.29 25degC_UDDS_Pan18650PF,22119,1.6927416324615479,1.0413367748260498,1.4518100023269653,0.8870813846588135,4.18684720993042,3.316936731338501
A2-1,13,test_id(25C),03-18-17_02.17 25degC_Cycle_1_Pan18650PF,10655,2.7431797981262207,0.741970419883728,2.286266326904297,0.6187634468078613,7.6572089195251465,2.4234137535095215
A2-1,13,test_id(25C),03-19-17_03.25 25degC_Cycle_2_Pan18650PF,10819,2.710275411605835,0.6111736297607422,2.10817289352417,0.4261651933193207,8.660661697387695,2.3149051666259766
A2-1,13,test_id(25C),03-19-17_09.07 25degC_Cycle_3_Pan18650PF,9936,2.4912638664245605,0.3581485450267792,2.024637460708618,0.2625768482685089,5.469066619873047,1.497180461883545
A2-1,13,test_id(25C),03-19-17_14.31 25degC_Cycle_4_Pan18650PF,11778,3.006352663040161,0.6146568059921265,2.434386730194092,0.46885421872138977,8.244611740112305,2.1784849166870117
A2-1,13,ood(10C),03-27-17_09.06 10degC_HWFET_Pan18650PF,10263,4.913697719573975,3.0721466541290283,3.7840285301208496,2.4121339321136475,13.630748748779297,7.134683609008789
A2-1,13,ood(0C),05-30-17_12.56 0degC_Cycle_1_Pan18650PF,8487,11.811185836791992,9.958290100097656,11.463414192199707,9.91016960144043,18.008214950561523,13.393632888793945
A2-1,13,ood(-10C),06-07-17_08.39 n10degC_HWFET_Pan18650PF,11951,7.36203670501709,6.943020343780518,4.6391191482543945,4.413695335388184,17.820207595825195,16.280942916870117
A2-1,13,ood(-20C),06-23-17_23.35 n20degC_HWFET_Pan18650PF,11042,4.842793941497803,4.909573554992676,2.913703441619873,3.0591237545013428,14.895293235778809,14.711681365966797
A2-1,42,val(25C),03-21-17_00.29 25degC_UDDS_Pan18650PF,22119,1.6927416324615479,1.086552619934082,1.4518100023269653,0.9444591403007507,4.18684720993042,3.2995150089263916
A2-1,42,test_id(25C),03-18-17_02.17 25degC_Cycle_1_Pan18650PF,10655,2.7431797981262207,0.7359955310821533,2.286266326904297,0.5985946655273438,7.6572089195251465,2.065418243408203
A2-1,42,test_id(25C),03-19-17_03.25 25degC_Cycle_2_Pan18650PF,10819,2.710275411605835,0.6947647333145142,2.10817289352417,0.5133872032165527,8.660661697387695,3.534707546234131
A2-1,42,test_id(25C),03-19-17_09.07 25degC_Cycle_3_Pan18650PF,9936,2.4912638664245605,0.38390052318573,2.024637460708618,0.2679503262042999,5.469066619873047,1.6521754264831543
A2-1,42,test_id(25C),03-19-17_14.31 25degC_Cycle_4_Pan18650PF,11778,3.006352663040161,0.6150041818618774,2.434386730194092,0.4673854112625122,8.244611740112305,3.1056995391845703
A2-1,42,ood(10C),03-27-17_09.06 10degC_HWFET_Pan18650PF,10263,4.913697719573975,3.429872512817383,3.7840285301208496,3.077371120452881,13.630748748779297,7.012227535247803
A2-1,42,ood(0C),05-30-17_12.56 0degC_Cycle_1_Pan18650PF,8487,11.811185836791992,10.39323616027832,11.463414192199707,10.29702091217041,18.008214950561523,15.187973976135254
A2-1,42,ood(-10C),06-07-17_08.39 n10degC_HWFET_Pan18650PF,11951,7.36203670501709,7.843848705291748,4.6391191482543945,6.0504469871521,17.820207595825195,17.38222312927246
A2-1,42,ood(-20C),06-23-17_23.35 n20degC_HWFET_Pan18650PF,11042,4.842793941497803,5.927366256713867,2.913703441619873,4.851673603057861,14.895293235778809,15.839315414428711
A2-2,7,val(25C),03-21-17_00.29 25degC_UDDS_Pan18650PF,22119,1.6927416324615479,1.0010944604873657,1.4518100023269653,0.8847752213478088,4.18684720993042,3.187570333480835
A2-2,7,test_id(25C),03-18-17_02.17 25degC_Cycle_1_Pan18650PF,10655,2.7431797981262207,0.6686176657676697,2.286266326904297,0.5391310453414917,7.6572089195251465,2.087596893310547
A2-2,7,test_id(25C),03-19-17_03.25 25degC_Cycle_2_Pan18650PF,10819,2.710275411605835,0.6317071318626404,2.10817289352417,0.4698919653892517,8.660661697387695,2.1846976280212402
A2-2,7,test_id(25C),03-19-17_09.07 25degC_Cycle_3_Pan18650PF,9936,2.4912638664245605,0.39591309428215027,2.024637460708618,0.2828838527202606,5.469066619873047,1.666208267211914
A2-2,7,test_id(25C),03-19-17_14.31 25degC_Cycle_4_Pan18650PF,11778,3.006352663040161,0.6941182613372803,2.434386730194092,0.5054976344108582,8.244611740112305,2.8297982215881348
A2-2,7,ood(10C),03-27-17_09.06 10degC_HWFET_Pan18650PF,10263,4.913697719573975,3.1819558143615723,3.7840285301208496,2.772475004196167,13.630748748779297,8.378173828125
A2-2,7,ood(0C),05-30-17_12.56 0degC_Cycle_1_Pan18650PF,8487,11.811185836791992,9.72225284576416,11.463414192199707,9.642690658569336,18.008214950561523,13.486331939697266
A2-2,7,ood(-10C),06-07-17_08.39 n10degC_HWFET_Pan18650PF,11951,7.36203670501709,7.171440124511719,4.6391191482543945,5.329235553741455,17.820207595825195,16.531234741210938
A2-2,7,ood(-20C),06-23-17_23.35 n20degC_HWFET_Pan18650PF,11042,4.842793941497803,5.339381694793701,2.913703441619873,4.119840621948242,14.895293235778809,15.018814086914062
A2-2,13,val(25C),03-21-17_00.29 25degC_UDDS_Pan18650PF,22119,1.6927416324615479,0.9848076701164246,1.4518100023269653,0.851069450378418,4.18684720993042,3.522906541824341
A2-2,13,test_id(25C),03-18-17_02.17 25degC_Cycle_1_Pan18650PF,10655,2.7431797981262207,0.7077720165252686,2.286266326904297,0.5535821914672852,7.6572089195251465,2.353817939758301
A2-2,13,test_id(25C),03-19-17_03.25 25degC_Cycle_2_Pan18650PF,10819,2.710275411605835,0.669012188911438,2.10817289352417,0.48374319076538086,8.660661697387695,2.1623733043670654
A2-2,13,test_id(25C),03-19-17_09.07 25degC_Cycle_3_Pan18650PF,9936,2.4912638664245605,0.42794370651245117,2.024637460708618,0.2850881516933441,5.469066619873047,1.5809330940246582
A2-2,13,test_id(25C),03-19-17_14.31 25degC_Cycle_4_Pan18650PF,11778,3.006352663040161,0.8006114363670349,2.434386730194092,0.5318856835365295,8.244611740112305,3.9557924270629883
A2-2,13,ood(10C),03-27-17_09.06 10degC_HWFET_Pan18650PF,10263,4.913697719573975,3.321211338043213,3.7840285301208496,2.959925413131714,13.630748748779297,8.114514350891113
A2-2,13,ood(0C),05-30-17_12.56 0degC_Cycle_1_Pan18650PF,8487,11.811185836791992,9.589483261108398,11.463414192199707,9.531487464904785,18.008214950561523,13.158185005187988
A2-2,13,ood(-10C),06-07-17_08.39 n10degC_HWFET_Pan18650PF,11951,7.36203670501709,7.279235363006592,4.6391191482543945,5.840560436248779,17.820207595825195,16.355388641357422
A2-2,13,ood(-20C),06-23-17_23.35 n20degC_HWFET_Pan18650PF,11042,4.842793941497803,5.5829033851623535,2.913703441619873,4.859313488006592,14.895293235778809,14.456429481506348
A2-2,42,val(25C),03-21-17_00.29 25degC_UDDS_Pan18650PF,22119,1.6927416324615479,1.0567049980163574,1.4518100023269653,0.9108113646507263,4.18684720993042,3.298856735229492
A2-2,42,test_id(25C),03-18-17_02.17 25degC_Cycle_1_Pan18650PF,10655,2.7431797981262207,0.7261739373207092,2.286266326904297,0.5749625563621521,7.6572089195251465,1.8994898796081543
A2-2,42,test_id(25C),03-19-17_03.25 25degC_Cycle_2_Pan18650PF,10819,2.710275411605835,0.6734150648117065,2.10817289352417,0.5016812682151794,8.660661697387695,2.6456894874572754
A2-2,42,test_id(25C),03-19-17_09.07 25degC_Cycle_3_Pan18650PF,9936,2.4912638664245605,0.4029186964035034,2.024637460708618,0.2770918011665344,5.469066619873047,1.5859131813049316
A2-2,42,test_id(25C),03-19-17_14.31 25degC_Cycle_4_Pan18650PF,11778,3.006352663040161,0.6774179339408875,2.434386730194092,0.4891597330570221,8.244611740112305,3.306715965270996
A2-2,42,ood(10C),03-27-17_09.06 10degC_HWFET_Pan18650PF,10263,4.913697719573975,3.1544268131256104,3.7840285301208496,2.6822304725646973,13.630748748779297,6.721325397491455
A2-2,42,ood(0C),05-30-17_12.56 0degC_Cycle_1_Pan18650PF,8487,11.811185836791992,9.677988052368164,11.463414192199707,9.609440803527832,18.008214950561523,12.416725158691406
A2-2,42,ood(-10C),06-07-17_08.39 n10degC_HWFET_Pan18650PF,11951,7.36203670501709,7.140763282775879,4.6391191482543945,5.132221221923828,17.820207595825195,16.74458122253418
A2-2,42,ood(-20C),06-23-17_23.35 n20degC_HWFET_Pan18650PF,11042,4.842793941497803,5.109627723693848,2.913703441619873,3.834681749343872,14.895293235778809,14.830828666687012
A2-3,7,val(25C),03-21-17_00.29 25degC_UDDS_Pan18650PF,22119,1.6927416324615479,0.892227053642273,1.4518100023269653,0.7817112803459167,4.18684720993042,3.0788862705230713
A2-3,7,test_id(25C),03-18-17_02.17 25degC_Cycle_1_Pan18650PF,10655,2.7431797981262207,0.6788503527641296,2.286266326904297,0.5351450443267822,7.6572089195251465,2.1960935592651367
A2-3,7,test_id(25C),03-19-17_03.25 25degC_Cycle_2_Pan18650PF,10819,2.710275411605835,0.590039849281311,2.10817289352417,0.38941845297813416,8.660661697387695,3.6631417274475098
A2-3,7,test_id(25C),03-19-17_09.07 25degC_Cycle_3_Pan18650PF,9936,2.4912638664245605,0.4086739122867584,2.024637460708618,0.2713102102279663,5.469066619873047,1.7005395889282227
A2-3,7,test_id(25C),03-19-17_14.31 25degC_Cycle_4_Pan18650PF,11778,3.006352663040161,0.741338849067688,2.434386730194092,0.4801005423069,8.244611740112305,4.295446872711182
A2-3,7,ood(10C),03-27-17_09.06 10degC_HWFET_Pan18650PF,10263,4.913697719573975,3.0536739826202393,3.7840285301208496,2.3612775802612305,13.630748748779297,8.269197463989258
A2-3,7,ood(0C),05-30-17_12.56 0degC_Cycle_1_Pan18650PF,8487,11.811185836791992,9.709956169128418,11.463414192199707,9.593659400939941,18.008214950561523,14.314350128173828
A2-3,7,ood(-10C),06-07-17_08.39 n10degC_HWFET_Pan18650PF,11951,7.36203670501709,6.533112049102783,4.6391191482543945,3.8973238468170166,17.820207595825195,15.723469734191895
A2-3,7,ood(-20C),06-23-17_23.35 n20degC_HWFET_Pan18650PF,11042,4.842793941497803,4.311870574951172,2.913703441619873,2.366898775100708,14.895293235778809,13.366796493530273
A2-3,13,val(25C),03-21-17_00.29 25degC_UDDS_Pan18650PF,22119,1.6927416324615479,1.0724773406982422,1.4518100023269653,0.933459460735321,4.18684720993042,3.16088604927063
A2-3,13,test_id(25C),03-18-17_02.17 25degC_Cycle_1_Pan18650PF,10655,2.7431797981262207,0.7185821533203125,2.286266326904297,0.5910810828208923,7.6572089195251465,1.9370465278625488
A2-3,13,test_id(25C),03-19-17_03.25 25degC_Cycle_2_Pan18650PF,10819,2.710275411605835,0.6350865960121155,2.10817289352417,0.47239336371421814,8.660661697387695,2.4373302459716797
A2-3,13,test_id(25C),03-19-17_09.07 25degC_Cycle_3_Pan18650PF,9936,2.4912638664245605,0.3784330189228058,2.024637460708618,0.25234171748161316,5.469066619873047,1.8637890815734863
A2-3,13,test_id(25C),03-19-17_14.31 25degC_Cycle_4_Pan18650PF,11778,3.006352663040161,0.7554954290390015,2.434386730194092,0.5342716574668884,8.244611740112305,3.1248936653137207
A2-3,13,ood(10C),03-27-17_09.06 10degC_HWFET_Pan18650PF,10263,4.913697719573975,3.0524051189422607,3.7840285301208496,2.5123727321624756,13.630748748779297,6.810569763183594
A2-3,13,ood(0C),05-30-17_12.56 0degC_Cycle_1_Pan18650PF,8487,11.811185836791992,9.659294128417969,11.463414192199707,9.600769996643066,18.008214950561523,12.772478103637695
A2-3,13,ood(-10C),06-07-17_08.39 n10degC_HWFET_Pan18650PF,11951,7.36203670501709,6.921972274780273,4.6391191482543945,4.8471527099609375,17.820207595825195,16.16559410095215
A2-3,13,ood(-20C),06-23-17_23.35 n20degC_HWFET_Pan18650PF,11042,4.842793941497803,5.031670570373535,2.913703441619873,3.7689273357391357,14.895293235778809,14.272310256958008
A2-3,42,val(25C),03-21-17_00.29 25degC_UDDS_Pan18650PF,22119,1.6927416324615479,1.0619885921478271,1.4518100023269653,0.924829363822937,4.18684720993042,3.1360106468200684
A2-3,42,test_id(25C),03-18-17_02.17 25degC_Cycle_1_Pan18650PF,10655,2.7431797981262207,0.7172702550888062,2.286266326904297,0.5896287560462952,7.6572089195251465,2.045452117919922
A2-3,42,test_id(25C),03-19-17_03.25 25degC_Cycle_2_Pan18650PF,10819,2.710275411605835,0.6452640295028687,2.10817289352417,0.46794363856315613,8.660661697387695,2.335113048553467
A2-3,42,test_id(25C),03-19-17_09.07 25degC_Cycle_3_Pan18650PF,9936,2.4912638664245605,0.38713204860687256,2.024637460708618,0.2550869584083557,5.469066619873047,1.7078256607055664
A2-3,42,test_id(25C),03-19-17_14.31 25degC_Cycle_4_Pan18650PF,11778,3.006352663040161,0.7933768630027771,2.434386730194092,0.5554150938987732,8.244611740112305,3.459559440612793
A2-3,42,ood(10C),03-27-17_09.06 10degC_HWFET_Pan18650PF,10263,4.913697719573975,2.977846145629883,3.7840285301208496,2.53594708442688,13.630748748779297,7.1148762702941895
A2-3,42,ood(0C),05-30-17_12.56 0degC_Cycle_1_Pan18650PF,8487,11.811185836791992,9.452716827392578,11.463414192199707,9.39100170135498,18.008214950561523,11.970593452453613
A2-3,42,ood(-10C),06-07-17_08.39 n10degC_HWFET_Pan18650PF,11951,7.36203670501709,6.7430315017700195,4.6391191482543945,4.937847137451172,17.820207595825195,16.028610229492188
A2-3,42,ood(-20C),06-23-17_23.35 n20degC_HWFET_Pan18650PF,11042,4.842793941497803,4.831234455108643,2.913703441619873,3.800306558609009,14.895293235778809,13.929502487182617
A2-4,7,val(25C),03-21-17_00.29 25degC_UDDS_Pan18650PF,22119,1.6927416324615479,1.026468276977539,1.4518100023269653,0.9006178379058838,4.18684720993042,3.201361656188965
A2-4,7,test_id(25C),03-18-17_02.17 25degC_Cycle_1_Pan18650PF,10655,2.7431797981262207,0.7203330397605896,2.286266326904297,0.5852370858192444,7.6572089195251465,1.6270642280578613
A2-4,7,test_id(25C),03-19-17_03.25 25degC_Cycle_2_Pan18650PF,10819,2.710275411605835,0.6840012073516846,2.10817289352417,0.5019233822822571,8.660661697387695,3.551194190979004
A2-4,7,test_id(25C),03-19-17_09.07 25degC_Cycle_3_Pan18650PF,9936,2.4912638664245605,0.4074115753173828,2.024637460708618,0.272836297750473,5.469066619873047,1.687666893005371
A2-4,7,test_id(25C),03-19-17_14.31 25degC_Cycle_4_Pan18650PF,11778,3.006352663040161,0.6261239647865295,2.434386730194092,0.4739934206008911,8.244611740112305,3.841010570526123
A2-4,7,ood(10C),03-27-17_09.06 10degC_HWFET_Pan18650PF,10263,4.913697719573975,3.114415168762207,3.7840285301208496,2.6815578937530518,13.630748748779297,7.217926025390625
A2-4,7,ood(0C),05-30-17_12.56 0degC_Cycle_1_Pan18650PF,8487,11.811185836791992,10.250944137573242,11.463414192199707,10.1652193069458,18.008214950561523,15.639022827148438
A2-4,7,ood(-10C),06-07-17_08.39 n10degC_HWFET_Pan18650PF,11951,7.36203670501709,7.063889980316162,4.6391191482543945,5.3010077476501465,17.820207595825195,16.01534652709961
A2-4,7,ood(-20C),06-23-17_23.35 n20degC_HWFET_Pan18650PF,11042,4.842793941497803,5.298985958099365,2.913703441619873,4.391679763793945,14.895293235778809,14.480937957763672
A2-4,13,val(25C),03-21-17_00.29 25degC_UDDS_Pan18650PF,22119,1.6927416324615479,0.9596701264381409,1.4518100023269653,0.8795900344848633,4.18684720993042,1.9686591625213623
A2-4,13,test_id(25C),03-18-17_02.17 25degC_Cycle_1_Pan18650PF,10655,2.7431797981262207,0.8501641154289246,2.286266326904297,0.7004349231719971,7.6572089195251465,3.7776038646698
A2-4,13,test_id(25C),03-19-17_03.25 25degC_Cycle_2_Pan18650PF,10819,2.710275411605835,0.8101624846458435,2.10817289352417,0.5642333626747131,8.660661697387695,4.775224208831787
A2-4,13,test_id(25C),03-19-17_09.07 25degC_Cycle_3_Pan18650PF,9936,2.4912638664245605,0.5628376603126526,2.024637460708618,0.44859787821769714,5.469066619873047,2.1406452655792236
A2-4,13,test_id(25C),03-19-17_14.31 25degC_Cycle_4_Pan18650PF,11778,3.006352663040161,0.9229430556297302,2.434386730194092,0.7535140514373779,8.244611740112305,4.3714494705200195
A2-4,13,ood(10C),03-27-17_09.06 10degC_HWFET_Pan18650PF,10263,4.913697719573975,3.151762008666992,3.7840285301208496,2.3748042583465576,13.630748748779297,9.727418899536133
A2-4,13,ood(0C),05-30-17_12.56 0degC_Cycle_1_Pan18650PF,8487,11.811185836791992,9.768153190612793,11.463414192199707,9.647253036499023,18.008214950561523,14.3486328125
A2-4,13,ood(-10C),06-07-17_08.39 n10degC_HWFET_Pan18650PF,11951,7.36203670501709,6.433513641357422,4.6391191482543945,4.079858303070068,17.820207595825195,15.057456970214844
A2-4,13,ood(-20C),06-23-17_23.35 n20degC_HWFET_Pan18650PF,11042,4.842793941497803,4.388326644897461,2.913703441619873,2.686086654663086,14.895293235778809,13.910719871520996
A2-4,42,val(25C),03-21-17_00.29 25degC_UDDS_Pan18650PF,22119,1.6927416324615479,1.0367335081100464,1.4518100023269653,0.8995233178138733,4.18684720993042,3.429324150085449
A2-4,42,test_id(25C),03-18-17_02.17 25degC_Cycle_1_Pan18650PF,10655,2.7431797981262207,0.7463865876197815,2.286266326904297,0.5940728187561035,7.6572089195251465,1.770683765411377
A2-4,42,test_id(25C),03-19-17_03.25 25degC_Cycle_2_Pan18650PF,10819,2.710275411605835,0.6513839364051819,2.10817289352417,0.4880441725254059,8.660661697387695,2.1711015701293945
A2-4,42,test_id(25C),03-19-17_09.07 25degC_Cycle_3_Pan18650PF,9936,2.4912638664245605,0.41524025797843933,2.024637460708618,0.274989515542984,5.469066619873047,1.7207117080688477
A2-4,42,test_id(25C),03-19-17_14.31 25degC_Cycle_4_Pan18650PF,11778,3.006352663040161,0.7730100154876709,2.434386730194092,0.5423887968063354,8.244611740112305,3.1838574409484863
A2-4,42,ood(10C),03-27-17_09.06 10degC_HWFET_Pan18650PF,10263,4.913697719573975,3.126131772994995,3.7840285301208496,2.4957497119903564,13.630748748779297,7.474244594573975
A2-4,42,ood(0C),05-30-17_12.56 0degC_Cycle_1_Pan18650PF,8487,11.811185836791992,9.827701568603516,11.463414192199707,9.786406517028809,18.008214950561523,14.71672248840332
A2-4,42,ood(-10C),06-07-17_08.39 n10degC_HWFET_Pan18650PF,11951,7.36203670501709,6.791713714599609,4.6391191482543945,4.2542829513549805,17.820207595825195,16.153884887695312
A2-4,42,ood(-20C),06-23-17_23.35 n20degC_HWFET_Pan18650PF,11042,4.842793941497803,4.676587104797363,2.913703441619873,2.7731685638427734,14.895293235778809,14.488751411437988
