val_loss,n_epochs,lr,window_l,gru_units,test_id(25C)_RMSE,test_id(25C)_MAE,ood(10C)_RMSE,ood(10C)_MAE,ood(0C)_RMSE,ood(0C)_MAE,ood(-10C)_RMSE,ood(-10C)_MAE,ood(-20C)_RMSE,ood(-20C)_MAE,val(25C)_RMSE,val(25C)_MAE
1.223807454109192,98,0.0005,15,16,0.6253363713622093,0.46563664078712463,3.112816333770752,2.381056547164917,9.537647247314453,9.47310733795166,6.61229133605957,4.013110160827637,4.4115891456604,2.513763904571533,1.1062582731246948,0.9697315096855164
1.0543500185012817,44,0.0005,30,16,0.5898758247494698,0.43964483588933945,2.909391164779663,2.2390799522399902,9.437078475952148,9.360127449035645,6.600670337677002,4.114635944366455,4.493160247802734,2.710895299911499,1.0268155336380005,0.8989998698234558
0.9816412329673767,65,0.0005,60,16,0.5819368734955788,0.4359149783849716,3.1984171867370605,2.766260862350464,9.778936386108398,9.732657432556152,6.849918365478516,5.107206344604492,4.856348037719727,3.926833391189575,0.9907782077789307,0.8816061019897461
1.1999716758728027,69,0.001,15,16,0.5982435569167137,0.44894765317440033,3.1397669315338135,2.469827890396118,9.931695938110352,9.85757064819336,6.777173042297363,4.074111461639404,4.631512641906738,2.5907139778137207,1.095432162284851,0.9580270648002625
1.0705033540725708,200,0.001,30,16,0.6572018340229988,0.4700656607747078,2.9005661010742188,2.302692413330078,8.989563941955566,8.881875991821289,6.502396106719971,4.09628963470459,4.293020725250244,2.634763717651367,1.034651279449463,0.9123751521110535
1.1195749044418335,21,0.001,60,16,0.748819038271904,0.569770947098732,3.004591226577759,2.386206865310669,9.413272857666016,9.226739883422852,5.94556999206543,3.603266716003418,3.6877224445343018,2.0269908905029297,1.0580998659133911,0.9959812164306641
0.9309326410293579,119,0.002,15,16,0.646495409309864,0.4480949118733406,2.790942907333374,2.0105321407318115,8.81550407409668,8.705039978027344,6.173785209655762,3.8730380535125732,3.876999616622925,2.1091761589050293,0.9648485779762268,0.8523820042610168
0.9340144991874695,56,0.002,30,16,0.6082303151488304,0.4417348578572273,2.8316681385040283,2.13211727142334,9.033203125,8.971351623535156,6.320223808288574,3.9229490756988525,4.2173285484313965,2.537187099456787,0.9664442539215088,0.8532212972640991
1.0111006498336792,72,0.002,60,16,0.6393285691738129,0.4616659805178642,2.8465120792388916,2.397278070449829,9.076268196105957,9.000417709350586,6.42113733291626,4.629071235656738,4.3124895095825195,3.269763946533203,1.0055350065231323,0.8931999802589417
