seed,eval_group,cycle_id,nn_RMSE,nn_MAE,nn_MAX,ekf_RMSE
7,val(25C),03-21-17_00.29 25degC_UDDS_Pan18650PF,1.4727931022644043,1.2628272771835327,6.198860168457031,1.6927416545799592
7,test_id(25C),03-18-17_02.17 25degC_Cycle_1_Pan18650PF,1.3235472440719604,1.0705558061599731,5.912506103515625,2.7431800284367003
7,test_id(25C),03-19-17_03.25 25degC_Cycle_2_Pan18650PF,1.1974303722381592,0.9483190178871155,5.329681396484375,2.7102756578577862
7,test_id(25C),03-19-17_09.07 25degC_Cycle_3_Pan18650PF,1.1415061950683594,0.903091311454773,5.207302093505859,2.4912637245576246
7,test_id(25C),03-19-17_14.31 25degC_Cycle_4_Pan18650PF,1.2745980024337769,1.0073423385620117,5.739311218261719,3.0063526641527485
7,ood(10C),03-27-17_09.06 10degC_HWFET_Pan18650PF,8.392924308776855,7.337888717651367,17.565940856933594,4.913697676208104
7,ood(0C),05-30-17_12.56 0degC_Cycle_1_Pan18650PF,17.879295349121094,16.631193161010742,35.79090118408203,11.811186252394434
7,ood(-10C),06-07-17_08.39 n10degC_HWFET_Pan18650PF,16.578107833862305,11.258210182189941,45.87537384033203,7.362036423166144
7,ood(-20C),06-23-17_23.35 n20degC_HWFET_Pan18650PF,23.30942726135254,13.956170082092285,66.96883392333984,4.842793885828601
13,val(25C),03-21-17_00.29 25degC_UDDS_Pan18650PF,1.1202819347381592,0.8843637704849243,4.920259475708008,1.6927416545799592
13,test_id(25C),03-18-17_02.17 25degC_Cycle_1_Pan18650PF,0.9660642147064209,0.7655588388442993,3.7361412048339844,2.7431800284367003
13,test_id(25C),03-19-17_03.25 25degC_Cycle_2_Pan18650PF,0.928800106048584,0.7209697365760803,3.8059253692626953,2.7102756578577862
13,test_id(25C),03-19-17_09.07 25degC_Cycle_3_Pan18650PF,0.8448851704597473,0.6424314379692078,3.5408573150634766,2.4912637245576246
13,test_id(25C),03-19-17_14.31 25degC_Cycle_4_Pan18650PF,0.9975597262382507,0.7213561534881592,4.406484603881836,3.0063526641527485
13,ood(10C),03-27-17_09.06 10degC_HWFET_Pan18650PF,16.3209228515625,12.95991325378418,39.80604553222656,4.913697676208104
13,ood(0C),05-30-17_12.56 0degC_Cycle_1_Pan18650PF,54.96967697143555,48.45667266845703,93.00534057617188,11.811186252394434
13,ood(-10C),06-07-17_08.39 n10degC_HWFET_Pan18650PF,44.680545806884766,28.331174850463867,100.39572143554688,7.362036423166144
13,ood(-20C),06-23-17_23.35 n20degC_HWFET_Pan18650PF,44.52156448364258,27.183818817138672,100.40943145751953,4.842793885828601
42,val(25C),03-21-17_00.29 25degC_UDDS_Pan18650PF,1.3875041007995605,1.1883360147476196,5.293180465698242,1.6927416545799592
42,test_id(25C),03-18-17_02.17 25degC_Cycle_1_Pan18650PF,1.0120902061462402,0.7780780792236328,7.178688049316406,2.7431800284367003
42,test_id(25C),03-19-17_03.25 25degC_Cycle_2_Pan18650PF,1.026635766029358,0.8113081455230713,4.239109039306641,2.7102756578577862
42,test_id(25C),03-19-17_09.07 25degC_Cycle_3_Pan18650PF,0.9276845455169678,0.7404066324234009,3.792346954345703,2.4912637245576246
42,test_id(25C),03-19-17_14.31 25degC_Cycle_4_Pan18650PF,1.1371161937713623,0.830071747303009,5.847084045410156,3.0063526641527485
42,ood(10C),03-27-17_09.06 10degC_HWFET_Pan18650PF,8.268465042114258,6.954222679138184,19.149255752563477,4.913697676208104
42,ood(0C),05-30-17_12.56 0degC_Cycle_1_Pan18650PF,17.079761505126953,13.023055076599121,43.595176696777344,11.811186252394434
42,ood(-10C),06-07-17_08.39 n10degC_HWFET_Pan18650PF,25.22873306274414,17.613779067993164,60.15694046020508,7.362036423166144
42,ood(-20C),06-23-17_23.35 n20degC_HWFET_Pan18650PF,37.57503128051758,23.884246826171875,91.41315460205078,4.842793885828601
101,val(25C),03-21-17_00.29 25degC_UDDS_Pan18650PF,1.3584798574447632,1.153546929359436,5.338178634643555,1.6927416545799592
101,test_id(25C),03-18-17_02.17 25degC_Cycle_1_Pan18650PF,1.133074402809143,0.9038712382316589,5.5059814453125,2.7431800284367003
101,test_id(25C),03-19-17_03.25 25degC_Cycle_2_Pan18650PF,1.0833302736282349,0.8656692504882812,4.422664642333984,2.7102756578577862
101,test_id(25C),03-19-17_09.07 25degC_Cycle_3_Pan18650PF,0.9893971085548401,0.7951008081436157,3.872486114501953,2.4912637245576246
101,test_id(25C),03-19-17_14.31 25degC_Cycle_4_Pan18650PF,1.095163106918335,0.8569899201393127,4.531961441040039,3.0063526641527485
101,ood(10C),03-27-17_09.06 10degC_HWFET_Pan18650PF,8.77861213684082,6.963009357452393,20.596155166625977,4.913697676208104
101,ood(0C),05-30-17_12.56 0degC_Cycle_1_Pan18650PF,18.847177505493164,15.864974021911621,44.37891387939453,11.811186252394434
101,ood(-10C),06-07-17_08.39 n10degC_HWFET_Pan18650PF,23.79568099975586,14.378140449523926,59.205963134765625,7.362036423166144
101,ood(-20C),06-23-17_23.35 n20degC_HWFET_Pan18650PF,37.21665573120117,23.001150131225586,92.42736053466797,4.842793885828601
202,val(25C),03-21-17_00.29 25degC_UDDS_Pan18650PF,1.1679191589355469,0.9523593187332153,4.733343124389648,1.6927416545799592
202,test_id(25C),03-18-17_02.17 25degC_Cycle_1_Pan18650PF,1.0155826807022095,0.80111163854599,5.032108306884766,2.7431800284367003
202,test_id(25C),03-19-17_03.25 25degC_Cycle_2_Pan18650PF,1.0595853328704834,0.8417163491249084,3.818312168121338,2.7102756578577862
202,test_id(25C),03-19-17_09.07 25degC_Cycle_3_Pan18650PF,0.9399781823158264,0.7352514266967773,4.3967132568359375,2.4912637245576246
202,test_id(25C),03-19-17_14.31 25degC_Cycle_4_Pan18650PF,1.0873702764511108,0.8612279891967773,4.960090637207031,3.0063526641527485
202,ood(10C),03-27-17_09.06 10degC_HWFET_Pan18650PF,8.117715835571289,6.261781692504883,19.476037979125977,4.913697676208104
202,ood(0C),05-30-17_12.56 0degC_Cycle_1_Pan18650PF,16.889490127563477,14.587164878845215,36.81360626220703,11.811186252394434
202,ood(-10C),06-07-17_08.39 n10degC_HWFET_Pan18650PF,23.942018508911133,17.103500366210938,51.396949768066406,7.362036423166144
202,ood(-20C),06-23-17_23.35 n20degC_HWFET_Pan18650PF,34.9765625,23.35626983642578,83.3900375366211,4.842793885828601
303,val(25C),03-21-17_00.29 25degC_UDDS_Pan18650PF,1.1215219497680664,0.9076198935508728,4.520883560180664,1.6927416545799592
303,test_id(25C),03-18-17_02.17 25degC_Cycle_1_Pan18650PF,0.9777868986129761,0.7708449959754944,5.041500091552734,2.7431800284367003
303,test_id(25C),03-19-17_03.25 25degC_Cycle_2_Pan18650PF,1.0192333459854126,0.8000396490097046,4.1119232177734375,2.7102756578577862
303,test_id(25C),03-19-17_09.07 25degC_Cycle_3_Pan18650PF,0.9175011515617371,0.7097117304801941,4.1417388916015625,2.4912637245576246
303,test_id(25C),03-19-17_14.31 25degC_Cycle_4_Pan18650PF,1.134834885597229,0.8355380296707153,4.539185523986816,3.0063526641527485
303,ood(10C),03-27-17_09.06 10degC_HWFET_Pan18650PF,7.647799968719482,5.61002779006958,18.68808364868164,4.913697676208104
303,ood(0C),05-30-17_12.56 0degC_Cycle_1_Pan18650PF,15.607128143310547,11.352084159851074,39.099327087402344,11.811186252394434
303,ood(-10C),06-07-17_08.39 n10degC_HWFET_Pan18650PF,21.984275817871094,14.045215606689453,52.461273193359375,7.362036423166144
303,ood(-20C),06-23-17_23.35 n20degC_HWFET_Pan18650PF,33.31973648071289,20.579965591430664,84.9415512084961,4.842793885828601
404,val(25C),03-21-17_00.29 25degC_UDDS_Pan18650PF,1.2596300840377808,1.0426548719406128,4.759737014770508,1.6927416545799592
404,test_id(25C),03-18-17_02.17 25degC_Cycle_1_Pan18650PF,0.9647085070610046,0.7461602091789246,4.172534942626953,2.7431800284367003
404,test_id(25C),03-19-17_03.25 25degC_Cycle_2_Pan18650PF,1.026705026626587,0.8020501732826233,4.080425262451172,2.7102756578577862
404,test_id(25C),03-19-17_09.07 25degC_Cycle_3_Pan18650PF,0.9525371193885803,0.7471238970756531,3.486452102661133,2.4912637245576246
404,test_id(25C),03-19-17_14.31 25degC_Cycle_4_Pan18650PF,0.9903330206871033,0.7488027215003967,4.376791000366211,3.0063526641527485
404,ood(10C),03-27-17_09.06 10degC_HWFET_Pan18650PF,7.996630668640137,5.486248970031738,20.17078399658203,4.913697676208104
404,ood(0C),05-30-17_12.56 0degC_Cycle_1_Pan18650PF,17.843708038330078,14.187963485717773,43.416629791259766,11.811186252394434
404,ood(-10C),06-07-17_08.39 n10degC_HWFET_Pan18650PF,23.759164810180664,15.122029304504395,55.05628967285156,7.362036423166144
404,ood(-20C),06-23-17_23.35 n20degC_HWFET_Pan18650PF,37.051841735839844,23.166950225830078,86.6795654296875,4.842793885828601
505,val(25C),03-21-17_00.29 25degC_UDDS_Pan18650PF,1.3516545295715332,1.1451877355575562,5.398946762084961,1.6927416545799592
505,test_id(25C),03-18-17_02.17 25degC_Cycle_1_Pan18650PF,1.0780832767486572,0.8458755016326904,5.2493438720703125,2.7431800284367003
505,test_id(25C),03-19-17_03.25 25degC_Cycle_2_Pan18650PF,1.0480159521102905,0.8286797404289246,4.147926330566406,2.7102756578577862
505,test_id(25C),03-19-17_09.07 25degC_Cycle_3_Pan18650PF,0.9576738476753235,0.7509708404541016,4.088985443115234,2.4912637245576246
505,test_id(25C),03-19-17_14.31 25degC_Cycle_4_Pan18650PF,0.9784727692604065,0.7666853666305542,4.310905456542969,3.0063526641527485
505,ood(10C),03-27-17_09.06 10degC_HWFET_Pan18650PF,8.305809020996094,7.5044941902160645,16.93657112121582,4.913697676208104
505,ood(0C),05-30-17_12.56 0degC_Cycle_1_Pan18650PF,16.30769157409668,13.194958686828613,41.168968200683594,11.811186252394434
505,ood(-10C),06-07-17_08.39 n10degC_HWFET_Pan18650PF,22.185325622558594,17.365325927734375,50.75567626953125,7.362036423166144
505,ood(-20C),06-23-17_23.35 n20degC_HWFET_Pan18650PF,34.70759963989258,25.2847900390625,84.07400512695312,4.842793885828601
606,val(25C),03-21-17_00.29 25degC_UDDS_Pan18650PF,1.3409793376922607,1.1112291812896729,5.788389205932617,1.6927416545799592
606,test_id(25C),03-18-17_02.17 25degC_Cycle_1_Pan18650PF,1.0496422052383423,0.8303915858268738,4.921867370605469,2.7431800284367003
606,test_id(25C),03-19-17_03.25 25degC_Cycle_2_Pan18650PF,1.102245569229126,0.880474865436554,4.831287384033203,2.7102756578577862
606,test_id(25C),03-19-17_09.07 25degC_Cycle_3_Pan18650PF,0.9454634785652161,0.7263567447662354,4.238048553466797,2.4912637245576246
606,test_id(25C),03-19-17_14.31 25degC_Cycle_4_Pan18650PF,1.0200937986373901,0.7927834391593933,4.563936233520508,3.0063526641527485
606,ood(10C),03-27-17_09.06 10degC_HWFET_Pan18650PF,7.5828447341918945,6.31803560256958,18.11536979675293,4.913697676208104
606,ood(0C),05-30-17_12.56 0degC_Cycle_1_Pan18650PF,15.056570053100586,11.999845504760742,37.626075744628906,11.811186252394434
606,ood(-10C),06-07-17_08.39 n10degC_HWFET_Pan18650PF,20.686805725097656,14.063880920410156,49.917503356933594,7.362036423166144
606,ood(-20C),06-23-17_23.35 n20degC_HWFET_Pan18650PF,31.879785537719727,20.866628646850586,81.65535736083984,4.842793885828601
707,val(25C),03-21-17_00.29 25degC_UDDS_Pan18650PF,1.1143265962600708,0.8819156289100647,4.977312088012695,1.6927416545799592
707,test_id(25C),03-18-17_02.17 25degC_Cycle_1_Pan18650PF,0.8380799889564514,0.6464269161224365,4.050804138183594,2.7431800284367003
707,test_id(25C),03-19-17_03.25 25degC_Cycle_2_Pan18650PF,0.9397096037864685,0.7102060317993164,4.24609375,2.7102756578577862
707,test_id(25C),03-19-17_09.07 25degC_Cycle_3_Pan18650PF,0.7958508729934692,0.6069480180740356,3.4906997680664062,2.4912637245576246
707,test_id(25C),03-19-17_14.31 25degC_Cycle_4_Pan18650PF,0.9154971241950989,0.6933459639549255,4.053659439086914,3.0063526641527485
707,ood(10C),03-27-17_09.06 10degC_HWFET_Pan18650PF,7.7590556144714355,5.893210411071777,17.80904197692871,4.913697676208104
707,ood(0C),05-30-17_12.56 0degC_Cycle_1_Pan18650PF,18.607959747314453,17.09418487548828,42.12685775756836,11.811186252394434
707,ood(-10C),06-07-17_08.39 n10degC_HWFET_Pan18650PF,25.404197692871094,16.294532775878906,58.225276947021484,7.362036423166144
707,ood(-20C),06-23-17_23.35 n20degC_HWFET_Pan18650PF,35.473758697509766,21.42251205444336,86.02847290039062,4.842793885828601
