exp_group,seed,model,group,n_files,n_samples,RMSE,MAE,MAX,size_bytes
A2-3,7,keras_fp32,test_id(25C),4,43188,0.6047257408499718,0.4189935624599457,4.295446872711182,
A2-3,7,keras_fp32,ood(10C),1,10263,3.0536739826202393,2.3612775802612305,8.269197463989258,
A2-3,7,keras_fp32,ood(0C),1,8487,9.709956169128418,9.593659400939941,14.314350128173828,
A2-3,7,keras_fp32,ood(-10C),1,11951,6.533112049102783,3.8973238468170166,15.723469734191895,
A2-3,7,keras_fp32,ood(-20C),1,11042,4.311870574951172,2.366898775100708,13.366796493530273,
A2-3,7,keras_fp32,val(25C),1,22119,0.892227053642273,0.7817112803459167,3.0788862705230713,
A2-3,7,tflite_fp32,test_id(25C),4,43188,0.6047257291512206,0.4189935591838154,4.295446872711182,109856.0
A2-3,7,tflite_fp32,ood(10C),1,10263,3.053674175040364,2.361277685170873,8.269197463989258,109856.0
A2-3,7,tflite_fp32,ood(0C),1,8487,9.70995663816201,9.5936598389744,14.314350605010986,109856.0
A2-3,7,tflite_fp32,ood(-10C),1,11951,6.533112386123228,3.8973240482886387,15.723469853401184,109856.0
A2-3,7,tflite_fp32,ood(-20C),1,11042,4.311870641090833,2.366898919078571,13.366796612739563,109856.0
A2-3,7,tflite_fp32,val(25C),1,22119,0.8922270239167212,0.7817112627517532,3.078885793685913,109856.0
A2-3,7,tflite_f16,test_id(25C),4,43188,0.6043328123532974,0.4188170069303256,4.294285297393799,107888.0
A2-3,7,tflite_f16,ood(10C),1,10263,3.053961530832108,2.36147324237424,8.270387887954712,107888.0
A2-3,7,tflite_f16,ood(0C),1,8487,9.710314250877074,9.59397068931575,14.31544041633606,107888.0
A2-3,7,tflite_f16,ood(-10C),1,11951,6.5331506985082735,3.8973541200369164,15.723910808563232,107888.0
A2-3,7,tflite_f16,ood(-20C),1,11042,4.311863377825728,2.3668858240319954,13.366728901863098,107888.0
A2-3,7,tflite_f16,val(25C),1,22119,0.8916902780198663,0.7813003259934536,3.076543092727661,107888.0
A2-3,7,int8_dynamic,test_id(25C),4,43188,0.6047257291512206,0.4189935591838154,4.295446872711182,109856.0
A2-3,7,int8_dynamic,ood(10C),1,10263,3.053674175040364,2.361277685170873,8.269197463989258,109856.0
A2-3,7,int8_dynamic,ood(0C),1,8487,9.70995663816201,9.5936598389744,14.314350605010986,109856.0
A2-3,7,int8_dynamic,ood(-10C),1,11951,6.533112386123228,3.8973240482886387,15.723469853401184,109856.0
A2-3,7,int8_dynamic,ood(-20C),1,11042,4.311870641090833,2.366898919078571,13.366796612739563,109856.0
A2-3,7,int8_dynamic,val(25C),1,22119,0.8922270239167212,0.7817112627517532,3.078885793685913,109856.0
A2-3,7,int8_full,test_id(25C),4,43188,0.6213108054722661,0.43645855852198856,3.80973482131958,209632.0
A2-3,7,int8_full,ood(10C),1,10263,3.0536099540950734,2.3550135964426824,8.469174861907959,209632.0
A2-3,7,int8_full,ood(0C),1,8487,9.764598584431372,9.648538302052101,14.346544027328491,209632.0
A2-3,7,int8_full,ood(-10C),1,11951,6.56327883570061,3.921115421607209,15.847537398338318,209632.0
A2-3,7,int8_full,ood(-20C),1,11042,4.316660928265953,2.3677192376536875,13.47979485988617,209632.0
A2-3,7,int8_full,val(25C),1,22119,0.8937463905853513,0.7604048554027079,3.2941226959228516,209632.0
A2-3,7,int8_full_f32io,test_id(25C),4,43188,0.6213108054722661,0.43645855852198856,3.80973482131958,209968.0
A2-3,7,int8_full_f32io,ood(10C),1,10263,3.0536099540950734,2.3550135964426824,8.469174861907959,209968.0
A2-3,7,int8_full_f32io,ood(0C),1,8487,9.764598584431372,9.648538302052101,14.346544027328491,209968.0
A2-3,7,int8_full_f32io,ood(-10C),1,11951,6.56327883570061,3.921115421607209,15.847537398338318,209968.0
A2-3,7,int8_full_f32io,ood(-20C),1,11042,4.316660928265953,2.3677192376536875,13.47979485988617,209968.0
A2-3,7,int8_full_f32io,val(25C),1,22119,0.8937463905853513,0.7604048554027079,3.2941226959228516,209968.0
A2-3,7,int16_act,test_id(25C),4,43188,1.2899576403665098,0.957342952420382,7.6655601263046265,143152.0
A2-3,7,int16_act,ood(10C),1,10263,3.426850219118361,2.7776768426493392,12.816695153713226,143152.0
A2-3,7,int16_act,ood(0C),1,8487,9.639367266183417,9.375772224087868,16.838539600372314,143152.0
A2-3,7,int16_act,ood(-10C),1,11951,6.264848673266063,4.055081466873955,17.682263530790806,143152.0
A2-3,7,int16_act,ood(-20C),1,11042,4.005759903632524,2.3912670208512257,14.91086420416832,143152.0
A2-3,7,int16_act,val(25C),1,22119,1.075626186774272,0.8969430857925204,3.9182503670454025,143152.0
A2-3,7,legacy_int8_209632,test_id(25C),4,43188,0.6213108054722661,0.43645855852198856,3.80973482131958,209632.0
A2-3,7,legacy_int8_209632,ood(10C),1,10263,3.0536099540950734,2.3550135964426824,8.469174861907959,209632.0
A2-3,7,legacy_int8_209632,ood(0C),1,8487,9.764598584431372,9.648538302052101,14.346544027328491,209632.0
A2-3,7,legacy_int8_209632,ood(-10C),1,11951,6.56327883570061,3.921115421607209,15.847537398338318,209632.0
A2-3,7,legacy_int8_209632,ood(-20C),1,11042,4.316660928265953,2.3677192376536875,13.47979485988617,209632.0
A2-3,7,legacy_int8_209632,val(25C),1,22119,0.8937463905853513,0.7604048554027079,3.2941226959228516,209632.0
A2-3,13,keras_fp32,test_id(25C),4,43188,0.6218992993235588,0.462521955370903,3.1248936653137207,
A2-3,13,keras_fp32,ood(10C),1,10263,3.0524051189422607,2.5123727321624756,6.810569763183594,
A2-3,13,keras_fp32,ood(0C),1,8487,9.659294128417969,9.600769996643066,12.772478103637695,
A2-3,13,keras_fp32,ood(-10C),1,11951,6.921972274780273,4.8471527099609375,16.16559410095215,
A2-3,13,keras_fp32,ood(-20C),1,11042,5.031670570373535,3.7689273357391357,14.272310256958008,
A2-3,13,keras_fp32,val(25C),1,22119,1.0724773406982422,0.933459460735321,3.16088604927063,
A2-3,13,tflite_fp32,test_id(25C),4,43188,0.6218992740863508,0.4625219260603395,3.1248936653137207,111276.0
A2-3,13,tflite_fp32,ood(10C),1,10263,3.052405178271165,2.512372687179973,6.8105692863464355,111276.0
A2-3,13,tflite_fp32,ood(0C),1,8487,9.659294249031461,9.600770070107064,12.7724769115448,111276.0
A2-3,13,tflite_fp32,ood(-10C),1,11951,6.921971998191518,4.847152715519937,16.16559410095215,111276.0
A2-3,13,tflite_fp32,ood(-20C),1,11042,5.031670841499794,3.7689273713537634,14.272310763597488,111276.0
A2-3,13,tflite_fp32,val(25C),1,22119,1.0724772346537776,0.9334594338748599,3.16088604927063,111276.0
A2-3,13,tflite_f16,test_id(25C),4,43188,0.6212250585545491,0.4618937639949331,3.1236891746520996,109312.0
A2-3,13,tflite_f16,ood(10C),1,10263,3.053207958449917,2.5129784991185815,6.81273078918457,109312.0
A2-3,13,tflite_f16,ood(0C),1,8487,9.66008456350026,9.601574313919794,12.774605989456177,109312.0
A2-3,13,tflite_f16,ood(-10C),1,11951,6.922300860435635,4.847109449272007,16.166833758354187,109312.0
A2-3,13,tflite_f16,ood(-20C),1,11042,5.031771293707473,3.7686666780109634,14.273040056228638,109312.0
A2-3,13,tflite_f16,val(25C),1,22119,1.0712919045856086,0.9323260822258674,3.158478021621704,109312.0
A2-3,13,int8_dynamic,test_id(25C),4,43188,0.6218992740863508,0.4625219260603395,3.1248936653137207,111276.0
A2-3,13,int8_dynamic,ood(10C),1,10263,3.052405178271165,2.512372687179973,6.8105692863464355,111276.0
A2-3,13,int8_dynamic,ood(0C),1,8487,9.659294249031461,9.600770070107064,12.7724769115448,111276.0
A2-3,13,int8_dynamic,ood(-10C),1,11951,6.921971998191518,4.847152715519937,16.16559410095215,111276.0
A2-3,13,int8_dynamic,ood(-20C),1,11042,5.031670841499794,3.7689273713537634,14.272310763597488,111276.0
A2-3,13,int8_dynamic,val(25C),1,22119,1.0724772346537776,0.9334594338748599,3.16088604927063,111276.0
A2-3,13,int8_full,test_id(25C),4,43188,0.6365643423532992,0.4741875882394221,3.176192283630371,214064.0
A2-3,13,int8_full,ood(10C),1,10263,3.0184483996404694,2.3340601495546713,6.9576499462127686,214064.0
A2-3,13,int8_full,ood(0C),1,8487,9.654601736621606,9.59371522400202,12.721843481063843,214064.0
A2-3,13,int8_full,ood(-10C),1,11951,6.833790664592227,4.259375691292311,16.32210648059845,214064.0
A2-3,13,int8_full,ood(-20C),1,11042,4.7671287404194125,2.875558080226574,14.136619418859482,214064.0
A2-3,13,int8_full,val(25C),1,22119,1.0824397870649642,0.9422031186969609,3.124016523361206,214064.0
A2-3,13,int8_full_f32io,test_id(25C),4,43188,0.6365643423532992,0.4741875882394221,3.176192283630371,214384.0
A2-3,13,int8_full_f32io,ood(10C),1,10263,3.0184483996404694,2.3340601495546713,6.9576499462127686,214384.0
A2-3,13,int8_full_f32io,ood(0C),1,8487,9.654601736621606,9.59371522400202,12.721843481063843,214384.0
A2-3,13,int8_full_f32io,ood(-10C),1,11951,6.833790664592227,4.259375691292311,16.32210648059845,214384.0
A2-3,13,int8_full_f32io,ood(-20C),1,11042,4.7671287404194125,2.875558080226574,14.136619418859482,214384.0
A2-3,13,int8_full_f32io,val(25C),1,22119,1.0824397870649642,0.9422031186969609,3.124016523361206,214384.0
A2-3,13,int16_act,test_id(25C),4,43188,1.8383024339914318,1.4768300910961585,7.394627094268799,144776.0
A2-3,13,int16_act,ood(10C),1,10263,4.234394162722314,3.1223356655126033,12.250480771064758,144776.0
A2-3,13,int16_act,ood(0C),1,8487,11.160817151080584,10.942613450257841,16.89793425798416,144776.0
A2-3,13,int16_act,ood(-10C),1,11951,7.122869489892519,4.459798248701357,17.540614068508148,144776.0
A2-3,13,int16_act,ood(-20C),1,11042,4.839282026852286,3.0636420402512012,14.654805645346642,144776.0
A2-3,13,int16_act,val(25C),1,22119,0.8946142547991026,0.7612502093197774,2.9110662639141083,144776.0
A2-3,42,keras_fp32,test_id(25C),4,43188,0.6357607990503311,0.46701861172914505,3.459559440612793,
A2-3,42,keras_fp32,ood(10C),1,10263,2.977846145629883,2.53594708442688,7.1148762702941895,
A2-3,42,keras_fp32,ood(0C),1,8487,9.452716827392578,9.39100170135498,11.970593452453613,
A2-3,42,keras_fp32,ood(-10C),1,11951,6.7430315017700195,4.937847137451172,16.028610229492188,
A2-3,42,keras_fp32,ood(-20C),1,11042,4.831234455108643,3.800306558609009,13.929502487182617,
A2-3,42,keras_fp32,val(25C),1,22119,1.0619885921478271,0.924829363822937,3.1360106468200684,
A2-3,42,tflite_fp32,test_id(25C),4,43188,0.6357608820037177,0.4670185979307706,3.4595603942871094,111276.0
A2-3,42,tflite_fp32,ood(10C),1,10263,2.9778461626575288,2.535946981305975,7.114875793457031,111276.0
A2-3,42,tflite_fp32,ood(0C),1,8487,9.452716322945058,9.391001458179867,11.970593452453613,111276.0
A2-3,42,tflite_fp32,ood(-10C),1,11951,6.743031220374805,4.937847366624698,16.028611063957214,111276.0
A2-3,42,tflite_fp32,ood(-20C),1,11042,4.831234652612073,3.80030634096814,13.929502606391907,111276.0
A2-3,42,tflite_fp32,val(25C),1,22119,1.0619885559039266,0.9248294088409051,3.1360106468200684,111276.0
A2-3,42,tflite_f16,test_id(25C),4,43188,0.6363015902590011,0.46744158630922433,3.4622411727905273,109312.0
A2-3,42,tflite_f16,ood(10C),1,10263,2.9771958226561517,2.5354018462257497,7.112214803695679,109312.0
A2-3,42,tflite_f16,ood(0C),1,8487,9.45185495729765,9.3901030751548,11.96868371963501,109312.0
A2-3,42,tflite_f16,ood(-10C),1,11951,6.742672462435755,4.937603355275464,16.02776861190796,109312.0
A2-3,42,tflite_f16,ood(-20C),1,11042,4.831018089662834,3.800171697327683,13.929278373718262,109312.0
A2-3,42,tflite_f16,val(25C),1,22119,1.0629503803256002,0.925664261168844,3.137704372406006,109312.0
A2-3,42,int8_dynamic,test_id(25C),4,43188,0.6357608820037177,0.4670185979307706,3.4595603942871094,111276.0
A2-3,42,int8_dynamic,ood(10C),1,10263,2.9778461626575288,2.535946981305975,7.114875793457031,111276.0
A2-3,42,int8_dynamic,ood(0C),1,8487,9.452716322945058,9.391001458179867,11.970593452453613,111276.0
A2-3,42,int8_dynamic,ood(-10C),1,11951,6.743031220374805,4.937847366624698,16.028611063957214,111276.0
A2-3,42,int8_dynamic,ood(-20C),1,11042,4.831234652612073,3.80030634096814,13.929502606391907,111276.0
A2-3,42,int8_dynamic,val(25C),1,22119,1.0619885559039266,0.9248294088409051,3.1360106468200684,111276.0
A2-3,42,int8_full,test_id(25C),4,43188,0.6657354496256216,0.4881024859634534,3.519883155822754,213864.0
A2-3,42,int8_full,ood(10C),1,10263,2.9209147047748605,2.310043250487322,7.455573797225952,213864.0
A2-3,42,int8_full,ood(0C),1,8487,9.470995304193094,9.407903094456097,12.080574035644531,213864.0
A2-3,42,int8_full,ood(-10C),1,11951,6.637977138185273,4.272833371763274,16.225706577301025,213864.0
A2-3,42,int8_full,ood(-20C),1,11042,4.549719116591289,2.898453645287036,13.980291604995728,213864.0
A2-3,42,int8_full,val(25C),1,22119,1.0887317016551064,0.9448461302019436,3.0985918045043945,213864.0
A2-3,42,int8_full_f32io,test_id(25C),4,43188,0.6657354496256216,0.4881024859634534,3.519883155822754,214184.0
A2-3,42,int8_full_f32io,ood(10C),1,10263,2.9209147047748605,2.310043250487322,7.455573797225952,214184.0
A2-3,42,int8_full_f32io,ood(0C),1,8487,9.470995304193094,9.407903094456097,12.080574035644531,214184.0
A2-3,42,int8_full_f32io,ood(-10C),1,11951,6.637977138185273,4.272833371763274,16.225706577301025,214184.0
A2-3,42,int8_full_f32io,ood(-20C),1,11042,4.549719116591289,2.898453645287036,13.980291604995728,214184.0
A2-3,42,int8_full_f32io,val(25C),1,22119,1.0887317016551064,0.9448461302019436,3.0985918045043945,214184.0
A2-3,42,int16_act,test_id(25C),4,43188,1.3848620448656683,1.0335475510393184,7.40867817401886,144776.0
A2-3,42,int16_act,ood(10C),1,10263,3.5501477353029536,2.7116433936072677,12.217968344688416,144776.0
A2-3,42,int16_act,ood(0C),1,8487,10.365421266850495,10.092440544409508,17.06735795736313,144776.0
A2-3,42,int16_act,ood(-10C),1,11951,6.574530786517578,3.8634367138944756,17.20646959543228,144776.0
A2-3,42,int16_act,ood(-20C),1,11042,4.381453179806507,2.5603113868033835,14.264376044273376,144776.0
A2-3,42,int16_act,val(25C),1,22119,1.0438658929243403,0.864848811317299,2.8246008157730103,144776.0
