exp_group,seed,group,keras_fp32,tflite_fp32,tflite_f16,int8_dynamic,int8_full,int8_full_f32io,int16_act,legacy_int8_209632
A2-3,7,ood(-10C),10.95294682184855,10.952947128070942,10.952970352424861,10.952947128070942,10.968504852804351,10.968504852804351,10.520958031578127,10.968504852804351
A2-3,7,ood(-20C),14.116489489873251,14.116489328852602,14.116546818501373,14.116489328852602,14.133291546791419,14.133291546791419,13.563740296217897,14.133291546791419
A2-3,7,ood(0C),8.631808227962917,8.631808452741067,8.631904875550912,8.631808452741067,8.67292872634444,8.67292872634444,8.429941219242023,8.67292872634444
A2-3,7,ood(10C),3.1914448605643377,3.1914449678377967,3.191614693505595,3.1914449678377967,3.1980298839027594,3.1980298839027594,3.2233420482154647,3.1980298839027594
A2-3,7,test_id(25C),0.6047257408499718,0.6047257291512206,0.6043328123532974,0.6047257291512206,0.6213108054722661,0.6213108054722661,1.2899576403665098,0.6213108054722661
A2-3,7,val(25C),0.892227053642273,0.8922270239167212,0.8916902780198663,0.8922270239167212,0.8937463905853513,0.8937463905853513,1.075626186774272,0.8937463905853513
A2-3,13,ood(-10C),11.641766336229113,11.641766277330781,11.642214164462347,11.641766277330781,11.55323182702386,11.55323182702386,11.791748855271003,
A2-3,13,ood(-20C),15.081352392832438,15.081352464481487,15.08165865348877,15.081352464481487,14.927046444814879,14.927046444814879,14.933808363729973,
A2-3,13,ood(0C),9.009448793199327,9.009448686308666,9.010136460162276,9.009448686308666,8.985543469663423,8.985543469663423,9.702003857268005,
A2-3,13,ood(10C),3.444671286476983,3.444671382969125,3.44542487825749,3.444671382969125,3.4088270440444908,3.4088270440444908,4.240418336441981,
A2-3,13,test_id(25C),0.6218992993235588,0.6218992740863508,0.6212250585545491,0.6218992740863508,0.6365643423532992,0.6365643423532992,1.8383024339914318,
A2-3,13,val(25C),1.0724773406982422,1.0724772346537776,1.0712919045856086,1.0724772346537776,1.0824397870649642,1.0824397870649642,0.8946142547991026,
A2-3,42,ood(-10C),11.391428841484917,11.391428923208709,11.391040893279857,11.391428923208709,11.32751605032366,11.32751605032366,11.06966865949855,
A2-3,42,ood(-20C),14.706223487854004,14.706223537169528,14.705927770574938,14.706223537169528,14.606736602222437,14.606736602222437,14.269924091896494,
A2-3,42,ood(0C),8.830005115932888,8.830005117241951,8.829437232765446,8.830005117241951,8.811451373588447,8.811451373588447,8.882735356155422,
A2-3,42,ood(10C),3.3497175640530057,3.3497176527707473,3.3491994432342405,3.3497176527707473,3.3093376990049106,3.3093376990049106,3.4492387383181615,
A2-3,42,test_id(25C),0.6357607990503311,0.6357608820037177,0.6363015902590011,0.6357608820037177,0.6657354496256216,0.6657354496256216,1.3848620448656683,
A2-3,42,val(25C),1.0619885921478271,1.0619885559039266,1.0629503803256002,1.0619885559039266,1.0887317016551064,1.0887317016551064,1.0438658929243403,
