bias_pp,cycle_id,initial_abs_err_pp,ekf_peak_err_first300s_pp,ekf_t_to_1pp_s,ekf_final_abs_err_pp,ekf_steady_RMSE_pp,fused_steady_RMSE_pp
-20.000000,03-18-17_02.17 25degC_Cycle_1_Pan18650PF,20.906392,20.758781,,4.078777,9.666043,7.849717
-20.000000,03-19-17_03.25 25degC_Cycle_2_Pan18650PF,20.002425,19.998201,,3.068137,9.120544,7.237761
-20.000000,03-19-17_09.07 25degC_Cycle_3_Pan18650PF,20.303834,20.160460,,4.754923,9.531642,7.743887
-20.000000,03-19-17_14.31 25degC_Cycle_4_Pan18650PF,19.821822,19.769583,,3.910475,8.888113,6.953487
-20.000000,03-27-17_09.06 10degC_HWFET_Pan18650PF,22.646468,22.498548,,8.706778,13.454168,11.086525
-20.000000,03-27-17_09.06 10degC_LA92_Pan18650PF,22.637964,22.508466,,5.425952,9.623473,8.027199
-10.000000,03-18-17_02.17 25degC_Cycle_1_Pan18650PF,10.906392,10.860612,,4.077543,6.078321,4.031862
-10.000000,03-19-17_03.25 25degC_Cycle_2_Pan18650PF,10.002425,10.060181,,3.068018,5.818641,3.601043
-10.000000,03-19-17_09.07 25degC_Cycle_3_Pan18650PF,10.303834,10.261560,,4.627131,5.679739,3.723588
-10.000000,03-19-17_14.31 25degC_Cycle_4_Pan18650PF,9.821822,9.842180,,3.910475,5.805059,3.492824
-10.000000,03-27-17_09.06 10degC_HWFET_Pan18650PF,12.646468,12.600889,,8.706201,10.246446,7.690382
-10.000000,03-27-17_09.06 10degC_LA92_Pan18650PF,12.637964,12.616406,,5.391306,7.788618,6.062170
-5.000000,03-18-17_02.17 25degC_Cycle_1_Pan18650PF,5.906392,5.894809,,4.076709,4.319496,2.005645
-5.000000,03-19-17_03.25 25degC_Cycle_2_Pan18650PF,5.002425,5.084612,,3.067899,4.225737,1.726613
-5.000000,03-19-17_09.07 25degC_Cycle_3_Pan18650PF,5.303834,5.294277,,4.550123,3.848095,1.666881
-5.000000,03-19-17_14.31 25degC_Cycle_4_Pan18650PF,4.821822,4.873204,,3.910475,4.355767,1.718297
-5.000000,03-27-17_09.06 10degC_HWFET_Pan18650PF,7.646468,7.641138,,8.705018,8.498765,5.862603
-5.000000,03-27-17_09.06 10degC_LA92_Pan18650PF,7.637964,7.660627,,5.366559,6.632071,4.809454
0.000000,03-18-17_02.17 25degC_Cycle_1_Pan18650PF,0.906392,1.065704,0.000000,4.075732,3.132854,0.482624
0.000000,03-19-17_03.25 25degC_Cycle_2_Pan18650PF,0.002425,0.514849,0.000000,3.067772,3.120118,0.650329
0.000000,03-19-17_09.07 25degC_Cycle_3_Pan18650PF,0.303834,0.454854,0.000000,4.483547,2.744835,0.436776
0.000000,03-19-17_14.31 25degC_Cycle_4_Pan18650PF,0.178178,0.321209,0.000000,3.910475,3.428988,0.822561
0.000000,03-27-17_09.06 10degC_HWFET_Pan18650PF,2.646468,3.061668,,8.702840,6.892994,4.212429
0.000000,03-27-17_09.06 10degC_LA92_Pan18650PF,2.637964,3.060065,,5.339031,5.586912,3.669442
5.000000,03-18-17_02.17 25degC_Cycle_1_Pan18650PF,4.093608,4.026228,1422.000000,4.074958,2.797060,1.203807
5.000000,03-19-17_03.25 25degC_Cycle_2_Pan18650PF,4.997575,4.884230,1902.000000,3.067646,2.895828,1.766177
5.000000,03-19-17_09.07 25degC_Cycle_3_Pan18650PF,4.696166,4.625715,1563.000000,4.437513,2.522184,1.231844
5.000000,03-19-17_14.31 25degC_Cycle_4_Pan18650PF,5.178178,5.063389,1531.000000,3.910475,3.242864,1.699439
5.000000,03-27-17_09.06 10degC_HWFET_Pan18650PF,2.353532,2.278488,286.000000,8.697761,5.763616,3.194532
5.000000,03-27-17_09.06 10degC_LA92_Pan18650PF,2.362036,2.244255,247.000000,5.311707,4.937447,3.007483
10.000000,03-18-17_02.17 25degC_Cycle_1_Pan18650PF,9.093608,8.966767,2181.000000,4.074411,2.924858,1.984681
10.000000,03-19-17_03.25 25degC_Cycle_2_Pan18650PF,9.997575,9.824576,2815.000000,3.067536,3.274151,2.841347
10.000000,03-19-17_09.07 25degC_Cycle_3_Pan18650PF,9.696166,9.570939,2278.000000,4.406360,2.680765,1.889244
10.000000,03-19-17_14.31 25degC_Cycle_4_Pan18650PF,10.178178,10.020204,2552.000000,3.910475,3.473038,2.569521
10.000000,03-27-17_09.06 10degC_HWFET_Pan18650PF,7.353532,7.208940,1409.000000,8.692002,5.233343,3.042767
10.000000,03-27-17_09.06 10degC_LA92_Pan18650PF,7.362036,7.165074,1388.000000,5.288003,4.673377,2.840322
20.000000,03-18-17_02.17 25degC_Cycle_1_Pan18650PF,19.093608,18.685265,3418.000000,4.073311,4.249671,3.971497
20.000000,03-19-17_03.25 25degC_Cycle_2_Pan18650PF,19.997575,19.404343,4118.000000,3.067332,4.756445,4.811959
20.000000,03-19-17_09.07 25degC_Cycle_3_Pan18650PF,19.696166,19.156662,3269.000000,4.338373,4.333991,4.080855
20.000000,03-19-17_14.31 25degC_Cycle_4_Pan18650PF,20.029371,19.386449,4051.000000,3.910475,4.764967,4.490040
20.000000,03-27-17_09.06 10degC_HWFET_Pan18650PF,17.353532,17.147210,2160.000000,8.675858,5.533501,4.306235
20.000000,03-27-17_09.06 10degC_LA92_Pan18650PF,17.362036,17.103860,2517.000000,5.248785,4.801200,3.311366
