cycle_id,date,temperature_c,test_type,split,n_samples,dod_end_Ah,Cn_S1_Ah,Cn_S2_Ah,S1_rmse_pp,S1_mae_pp,S1_max_pp,S1_end_pp,S2_rmse_pp,S2_mae_pp,S2_max_pp,S2_end_pp,S3_uniform2.80_max_pp,S3_uniform2.80_end_pp,S4_uniform2.35_max_pp,S4_uniform2.35_end_pp,analytical_S3_pp,analytical_S4_pp
03-18-17_02.17 25degC_Cycle_1_Pan18650PF,2017-03-18,25.000000,cycle,test_id,10984,2.695570,2.757600,2.800000,2.669221,2.287648,4.799591,4.799591,1.846184,1.582266,3.319667,3.319667,3.319667,3.319667,18.964615,7.049310,3.319667,21.754417
03-19-17_03.25 25degC_Cycle_2_Pan18650PF,2017-03-19,25.000000,cycle,test_id,11148,2.711400,2.754800,2.800000,2.895001,2.498279,4.927825,4.927825,1.961693,1.692868,3.339163,3.339163,3.339163,3.339163,18.961922,6.503448,3.339163,21.882172
03-19-17_09.07 25degC_Cycle_3_Pan18650PF,2017-03-19,25.000000,cycle,test_id,10265,2.530310,2.754800,2.800000,2.677662,2.352124,4.598703,4.598703,1.814421,1.593832,3.116145,3.116145,3.116145,3.116145,18.963734,12.747931,3.116145,20.420697
03-19-17_14.31 25degC_Cycle_4_Pan18650PF,2017-03-19,25.000000,cycle,test_id,12107,2.798170,2.754800,2.800000,2.931345,2.509660,5.006212,3.511379,2.049566,1.743518,3.446022,3.446022,3.446022,3.446022,18.964879,3.511379,3.446022,22.582443
03-20-17_01.43 25degC_US06_Pan18650PF,2017-03-20,25.000000,us06,train,4819,2.585960,2.752000,2.800000,2.861360,2.466420,4.795458,4.795458,1.900239,1.637958,3.184680,3.184680,3.184680,3.184680,18.965437,10.828966,3.184680,20.869817
03-20-17_05.56 25degC_HWFTa_Pan18650PF,2017-03-20,25.000000,hwfet,train,7613,2.708080,2.752000,2.800000,2.923419,2.508937,5.021920,5.021920,1.941453,1.666193,3.335074,3.335074,3.335074,3.335074,18.964775,6.617931,3.335074,21.855378
03-20-17_19.27 25degC_HWFTb_Pan18650PF,2017-03-20,25.000000,hwfet,train,7598,2.703040,2.752000,2.800000,2.919998,2.506108,5.012574,5.012574,1.939180,1.664314,3.328867,3.328867,3.328867,3.328867,18.961215,6.791724,3.328867,21.814703
03-21-17_00.29 25degC_UDDS_Pan18650PF,2017-03-21,25.000000,udds,val,22448,2.701490,2.749200,2.800000,2.925436,2.519023,5.109788,5.109788,1.904737,1.640123,3.326958,3.326958,3.326958,3.326958,18.965215,6.845172,3.326958,21.802194
03-21-17_09.38 25degC_LA92_Pan18650PF,2017-03-21,25.000000,la92,train,14104,2.587030,2.749200,2.800000,2.826490,2.436831,4.893291,4.893291,1.840314,1.586608,3.185998,3.185998,3.185998,3.185998,18.964483,10.792069,3.185998,20.878452
03-21-17_16.27 25degC_NN_Pan18650PF,2017-03-21,25.000000,nn,train,11734,2.549620,2.749200,2.800000,2.785663,2.411585,4.822531,4.822531,1.813732,1.570171,3.139926,3.139926,3.139926,3.139926,18.964673,12.082069,3.139926,20.576537
03-27-17_09.06 10degC_HWFET_Pan18650PF,2017-03-27,10.000000,hwfet,test_ood,10592,2.548580,2.732400,2.800000,2.553042,1.787912,5.391176,5.391176,1.486335,1.040890,3.138645,3.138645,3.138645,3.138645,18.964701,12.117931,3.138645,20.568144
03-27-17_09.06 10degC_LA92_Pan18650PF,2017-03-27,10.000000,la92,test_ood,16146,2.373300,2.732400,2.800000,2.568823,1.962442,5.020395,5.020395,1.495522,1.142498,2.922783,2.922783,2.922783,2.922783,18.965437,18.162069,2.922783,19.153558
03-27-17_09.06 10degC_NN_Pan18650PF,2017-03-27,10.000000,nn,test_ood,14079,2.360930,2.732400,2.800000,2.511443,1.886034,4.994228,4.994228,1.462117,1.098015,2.907549,2.907549,2.907549,2.907549,18.952953,18.588621,2.907549,19.053727
03-27-17_09.06 10degC_UDDS_Pan18650PF,2017-03-27,10.000000,udds,test_ood,24610,2.578380,2.732400,2.800000,2.895730,2.310692,5.454214,5.454214,1.685842,1.345243,3.175345,3.175345,3.175345,3.175345,18.964018,11.090345,3.175345,20.808643
03-27-17_09.06 10degC_US06_Pan18650PF,2017-03-27,10.000000,us06,test_ood,4211,2.279290,2.732400,2.800000,2.912143,2.517537,4.821529,4.821529,1.695397,1.465665,2.807007,2.807007,2.807007,2.807007,18.394857,18.394857,2.807007,18.394857
03-28-17_12.51 10degC_Cycle_1_Pan18650PF,2017-03-28,10.000000,cycle,test_ood,9396,2.191000,2.729600,2.800000,2.775506,2.400198,4.717110,4.717110,1.587642,1.372958,2.698276,2.698276,2.698276,2.698276,17.682318,17.682318,2.698276,17.682318
03-28-17_18.18 10degC_Cycle_2_Pan18650PF,2017-03-28,10.000000,cycle,test_ood,8124,2.131330,2.729600,2.800000,2.554555,2.212802,4.588644,4.588644,1.461254,1.265764,2.624791,2.624791,2.624791,2.624791,17.200756,17.200756,2.624791,17.200756
04-05-17_17.04 10degC_Cycle_3_Pan18650PF,2017-04-05,10.000000,cycle,test_ood,10098,2.540610,2.707200,2.800000,3.670293,3.227462,6.240810,6.240810,1.840102,1.618088,3.128830,3.128830,3.128830,3.128830,18.964930,12.392759,3.128830,20.503822
04-05-17_22.50 10degC_Cycle_4_Pan18650PF,2017-04-05,10.000000,cycle,test_ood,9918,2.485740,2.707200,2.800000,3.412826,2.894477,6.106026,6.106026,1.711020,1.451146,3.061256,3.061256,3.061256,3.061256,18.964761,14.284828,3.061256,20.060998
05-30-17_12.56 0degC_Cycle_1_Pan18650PF,2017-05-30,0.000000,cycle,test_ood,8816,2.610000,2.553000,2.350000,7.464477,6.488791,11.965625,10.000000,11.002909,9.736645,18.957841,10.000000,3.214286,3.214286,18.957841,10.000000,3.214286,21.063830
05-30-17_20.16 0degC_Cycle_2_Pan18650PF,2017-05-30,0.000000,cycle,test_ood,8389,2.610000,2.553000,2.350000,7.408853,6.475712,11.965997,10.000000,11.256952,9.999599,18.962280,10.000000,3.214286,3.214286,18.962280,10.000000,3.214286,21.063830
06-01-17_10.36 0degC_LA92_Pan18650PF,2017-06-01,0.000000,la92,test_ood,15406,2.320020,2.547400,2.350000,4.744257,2.981739,11.074208,11.074208,8.021287,5.041335,18.723566,18.723566,2.857167,2.857167,18.723566,18.723566,2.857167,18.723566
06-01-17_10.36 0degC_NN_Pan18650PF,2017-06-01,0.000000,nn,test_ood,13477,2.320020,2.547400,2.350000,4.542371,2.695023,11.074208,11.074208,7.679951,4.556574,18.723566,18.723566,2.857167,2.857167,18.723566,18.723566,2.857167,18.723566
06-01-17_15.36 0degC_Cycle_3_Pan18650PF,2017-06-01,0.000000,cycle,test_ood,6260,2.320120,2.547400,2.350000,6.097552,5.354259,11.074685,11.074685,10.309352,9.052639,18.724373,18.724373,2.857291,2.857291,18.724373,18.724373,2.857291,18.724373
06-01-17_22.03 0degC_Cycle_4_Pan18650PF,2017-06-01,0.000000,cycle,test_ood,7718,2.320130,2.547400,2.350000,6.705129,5.710399,11.074733,11.074733,11.336605,9.654779,18.724453,18.724453,2.857303,2.857303,18.724453,18.724453,2.857303,18.724453
06-02-17_04.58 0degC_US06_Pan18650PF,2017-06-02,0.000000,us06,test_ood,3673,2.320080,2.544600,2.350000,6.764058,5.827652,11.174825,11.174825,11.333560,9.764560,18.724050,18.724050,2.857241,2.857241,18.724050,18.724050,2.857241,18.724050
06-02-17_10.43 0degC_HWFET_Pan18650PF,2017-06-02,0.000000,hwfet,test_ood,5999,2.320040,2.544600,2.350000,6.622017,5.687087,11.174633,11.174633,11.095563,9.529036,18.723727,18.723727,2.857192,2.857192,18.723727,18.723727,2.857192,18.723727
06-02-17_17.14 0degC_UDDS_Pan18650PF,2017-06-02,0.000000,udds,test_ood,12869,2.320100,2.544600,2.350000,6.467160,5.577220,11.174921,11.174921,10.836092,9.344946,18.724211,18.724211,2.857266,2.857266,18.724211,18.724211,2.857266,18.724211
06-07-17_08.39 n10degC_HWFET_Pan18650PF,2017-06-07,-10.000000,hwfet,test_ood,12280,2.030060,2.530600,2.350000,3.951945,2.197224,10.219786,10.219786,6.335411,3.522396,16.383463,16.383463,2.500074,2.500074,16.383463,16.383463,2.500074,16.383463
06-07-17_08.39 n10degC_LA92_Pan18650PF,2017-06-07,-10.000000,la92,test_ood,14094,2.030010,2.530600,2.350000,4.186238,2.524354,10.219534,10.219534,6.711009,4.046823,16.383059,16.383059,2.500012,2.500012,16.383059,16.383059,2.500012,16.383059
06-07-17_08.39 n10degC_UDDS_Pan18650PF,2017-06-07,-10.000000,udds,test_ood,18115,2.030030,2.530600,2.350000,4.627435,3.109936,10.219635,10.219635,7.418297,4.985577,16.383221,16.383221,2.500037,2.500037,16.383221,16.383221,2.500037,16.383221
06-07-17_08.39 n10degC_US06_Pan18650PF,2017-06-07,-10.000000,us06,test_ood,10258,2.030060,2.530600,2.350000,3.451696,1.643117,10.219786,10.219786,5.533455,2.634100,16.383463,16.383463,2.500074,2.500074,16.383463,16.383463,2.500074,16.383463
06-10-17_11.25 n10degC_Cycle_1_Pan18650PF,2017-06-10,-10.000000,cycle,test_ood,6035,2.030010,2.522100,2.350000,6.064651,5.212486,10.487002,10.487002,9.474352,8.143077,16.383059,16.383059,2.500012,2.500012,16.383059,16.383059,2.500012,16.383059
06-10-17_18.35 n10degC_Cycle_2_Pan18650PF,2017-06-10,-10.000000,cycle,test_ood,5983,2.030040,2.522100,2.350000,6.348998,5.499939,10.487157,10.487157,9.918565,8.592144,16.383302,16.383302,2.500049,2.500049,16.383302,16.383302,2.500049,16.383302
06-11-17_01.39 n10degC_Cycle_3_Pan18650PF,2017-06-11,-10.000000,cycle,test_ood,5697,2.030040,2.519300,2.350000,6.132902,5.484519,10.576711,10.576711,9.499852,8.495508,16.383302,16.383302,2.500049,2.500049,16.383302,16.383302,2.500049,16.383302
06-11-17_08.42 n10degC_Cycle_4_Pan18650PF,2017-06-11,-10.000000,cycle,test_ood,6120,2.030010,2.519300,2.350000,6.200091,5.195314,10.576554,10.576554,9.603927,8.047529,16.383059,16.383059,2.500012,2.500012,16.383059,16.383059,2.500012,16.383059
06-14-17_13.12 n10degC_NN_Pan18650PF,2017-06-14,-10.000000,nn,test_ood,5268,2.030180,2.510900,2.350000,6.497866,5.641270,10.847321,10.847321,9.814759,8.520907,16.384431,16.384431,2.500222,2.500222,16.384431,16.384431,2.500222,16.384431
06-23-17_23.35 n20degC_HWFET_Pan18650PF,2017-06-23,-20.000000,hwfet,test_ood,11371,1.740000,2.485700,2.350000,3.676652,1.928320,10.000186,10.000186,5.162863,2.707803,14.042553,14.042553,2.142857,2.142857,14.042553,14.042553,2.142857,14.042553
06-23-17_23.35 n20degC_LA92_Pan18650PF,2017-06-23,-20.000000,la92,test_ood,12850,1.740050,2.485700,2.350000,3.943082,2.258102,10.000473,10.000473,5.536991,3.170893,14.042957,14.042957,2.142919,2.142919,14.042957,14.042957,2.142919,14.042957
06-23-17_23.35 n20degC_NN_Pan18650PF,2017-06-23,-20.000000,nn,test_ood,11679,1.740120,2.485700,2.350000,3.917492,2.139923,10.000875,10.000875,5.501057,3.004942,14.043522,14.043522,2.143005,2.143005,14.043522,14.043522,2.143005,14.043522
06-23-17_23.35 n20degC_UDDS_Pan18650PF,2017-06-23,-20.000000,udds,test_ood,16082,1.740080,2.485700,2.350000,4.341064,2.800758,10.000646,10.000646,6.095849,3.932906,14.043199,14.043199,2.142956,2.142956,14.043199,14.043199,2.142956,14.043199
06-24-17_04.29 n20degC_Cycle_1_Pan18650PF,2017-06-24,-20.000000,cycle,test_ood,5081,1.740030,2.482900,2.350000,5.853381,5.108559,10.079387,10.079387,8.155042,7.117342,14.042795,14.042795,2.142894,2.142894,14.042795,14.042795,2.142894,14.042795
06-24-17_11.58 n20degC_Cycle_2_Pan18650PF,2017-06-24,-20.000000,cycle,test_ood,5047,1.740020,2.482900,2.350000,6.445060,5.575853,10.079329,10.079329,8.979381,7.768386,14.042715,14.042715,2.142882,2.142882,14.042715,14.042715,2.142882,14.042715
06-24-17_19.29 n20degC_Cycle_3_Pan18650PF,2017-06-24,-20.000000,cycle,test_ood,5024,1.740020,2.482900,2.350000,6.378087,5.779187,10.079329,10.079329,8.886073,8.051673,14.042715,14.042715,2.142882,2.142882,14.042715,14.042715,2.142882,14.042715
06-25-17_03.01 n20degC_Cycle_4_Pan18650PF,2017-06-25,-20.000000,cycle,test_ood,5044,1.740090,2.480100,2.350000,5.947833,4.955731,10.158945,10.158945,8.222024,6.850585,14.043280,14.043280,2.142968,2.142968,14.043280,14.043280,2.142968,14.043280
06-25-17_10.31 n20degC_US06_Pan18650PF,2017-06-25,-20.000000,us06,test_ood,2662,1.740120,2.480100,2.350000,6.471832,5.626522,10.159120,10.159120,8.946377,7.777857,14.043522,14.043522,2.143005,2.143005,14.043522,14.043522,2.143005,14.043522
06-30-17_19.27 n20degC_trise_Cycle_1_Pan18650PF,2017-06-30,-20.000000,cycle,test_ood_trise,6948,2.320060,2.466100,2.350000,8.267536,7.129197,14.076565,14.076565,10.997032,9.482873,18.723888,18.723888,2.857217,2.857217,18.723888,18.723888,2.857217,18.723888
07-01-17_01.30 n20degC_trise_Cycle_2_Pan18650PF,2017-07-01,-20.000000,cycle,test_ood_trise,6968,2.320030,2.463300,2.350000,8.677507,7.566119,14.183439,14.183439,11.455232,9.988081,18.723646,18.723646,2.857180,2.857180,18.723646,18.723646,2.857180,18.723646
07-01-17_07.36 n20degC_trise_Cycle_3_Pan18650PF,2017-07-01,-20.000000,cycle,test_ood_trise,6089,2.320010,2.463300,2.350000,7.994255,7.102099,14.183316,14.183316,10.553267,9.375525,18.723485,18.723485,2.857155,2.857155,18.723485,18.723485,2.857155,18.723485
07-01-17_13.42 n20degC_trise_Cycle_4_Pan18650PF,2017-07-01,-20.000000,cycle,test_ood_trise,7596,2.320020,2.463300,2.350000,8.821534,7.543736,14.183377,14.183377,11.645362,9.958533,18.723566,18.723566,2.857167,2.857167,18.723566,18.723566,2.857167,18.723566
07-01-17_19.59 n20degC_trise_US06_Pan18650PF,2017-07-01,-20.000000,us06,test_ood_trise,3534,2.320050,2.463300,2.350000,8.925723,7.751030,14.183561,14.183561,11.782903,10.232183,18.723808,18.723808,2.857204,2.857204,18.723808,18.723808,2.857204,18.723808
07-09-17_19.11 10degC_trise_Cycle_1_Pan18650PF,2017-07-09,10.000000,cycle,test_ood_trise,9819,2.320010,2.440900,2.350000,8.613560,7.457775,15.048606,15.048606,10.716996,9.278968,18.723485,18.723485,2.857155,2.857155,18.723485,18.723485,2.857155,18.723485
07-10-17_01.57 10degC_trise_Cycle_2_Pan18650PF,2017-07-10,10.000000,cycle,test_ood_trise,9835,2.320050,2.438100,2.350000,9.076240,7.870784,15.158148,15.158148,11.211248,9.722232,18.723808,18.723808,2.857204,2.857204,18.723808,18.723808,2.857204,18.723808
07-10-17_08.45 10degC_trise_Cycle_3_Pan18650PF,2017-07-10,10.000000,cycle,test_ood_trise,9827,2.320010,2.438100,2.350000,9.112952,8.019411,15.157887,15.157887,11.256597,9.905822,18.723485,18.723485,2.857155,2.857155,18.723485,18.723485,2.857155,18.723485
07-10-17_15.34 10degC_trise_Cycle_4_Pan18650PF,2017-07-10,10.000000,cycle,test_ood_trise,9663,2.320030,2.438100,2.350000,8.503507,7.233521,15.158017,15.158017,10.503792,8.935067,18.723646,18.723646,2.857180,2.857180,18.723646,18.723646,2.857180,18.723646
