method,eval_group,n_files,RMSE,MAE,MAX
M1_Coulomb,Cycle_25C,4,0.179878406809314,0.15791569077168174,0.5132037322026675
M2_EKF,Cycle_25C,4,2.734231529735525,2.208759661497962,8.660662136880635
M3_A2-0,Cycle_25C,4,0.5961722135543823,0.4603882059454918,2.909290313720703
M4_A2-3,Cycle_25C,4,0.6047257408499718,0.4189935624599457,4.295446872711182
M5_pureNN,Cycle_25C,4,1.2342704480118452,0.9823271073762507,5.9125101223730825
M6_A2-4,Cycle_25C,4,0.6094674468040466,0.4584975466132164,3.841010570526123
M1_Coulomb,UDDS_10C,1,0.08189236769606512,0.06697731631362276,0.15030183199506997
M2_EKF,UDDS_10C,1,3.2887552927018113,2.7941035195172788,7.548236856654135
M3_A2-0,UDDS_10C,1,2.1851649284362793,1.9604647159576416,5.567136287689209
M4_A2-3,UDDS_10C,1,1.8244484663009644,1.616666555404663,4.251128196716309
M5_pureNN,UDDS_10C,1,10.197026774098047,8.5662272674068,21.2615144100631
M6_A2-4,UDDS_10C,1,2.2673892974853516,2.1341092586517334,5.121613502502441
M1_Coulomb,HWFET_10C,1,0.01892207333744255,0.012728803100279462,0.046307459820052466
M2_EKF,HWFET_10C,1,4.9070738149558375,3.7762642701144595,13.630748691868272
M3_A2-0,HWFET_10C,1,3.0105068683624268,2.346204996109009,7.275753021240234
M4_A2-3,HWFET_10C,1,3.0536739826202393,2.3612775802612305,8.269197463989258
M5_pureNN,HWFET_10C,1,8.39292450912154,7.337888911634749,17.565942757451193
M6_A2-4,HWFET_10C,1,3.114415168762207,2.6815578937530518,7.217926025390625
M1_Coulomb,US06_10C,1,0.5926063853666366,0.5702486577984147,0.8252109409177033
M2_EKF,US06_10C,1,5.550873072733233,5.191477334746276,8.188910571174931
M3_A2-0,US06_10C,1,3.8886351585388184,3.841597080230713,5.384282112121582
M4_A2-3,US06_10C,1,3.7901229858398438,3.710860013961792,5.586505889892578
M5_pureNN,US06_10C,1,8.978337214024853,8.173364546864438,17.451671523263677
M6_A2-4,US06_10C,1,3.9344444274902344,3.8855440616607666,5.5174126625061035
M1_Coulomb,UDDS_0C,1,0.09420353812357646,0.0898934080019087,0.14469318535194065
M2_EKF,UDDS_0C,1,8.99386602164477,8.697544893648866,12.172268924905685
M3_A2-0,UDDS_0C,1,8.412688255310059,8.316762924194336,10.477437973022461
M4_A2-3,UDDS_0C,1,7.779473781585693,7.6710052490234375,9.90226936340332
M5_pureNN,UDDS_0C,1,16.658137208337656,14.831790859649105,27.519163129740743
M6_A2-4,UDDS_0C,1,8.495901107788086,8.431901931762695,10.668010711669922
M1_Coulomb,HWFET_0C,1,0.010491715406567941,0.009789369114769133,0.021622289044531673
M2_EKF,HWFET_0C,1,13.113545252606858,12.961694343725842,15.748888284345874
M3_A2-0,HWFET_0C,1,11.78377628326416,11.752158164978027,13.855072975158691
M4_A2-3,HWFET_0C,1,11.335948944091797,11.264732360839844,13.571345329284668
M5_pureNN,HWFET_0C,1,16.738531670456506,14.977362012505552,28.33126974044174
M6_A2-4,HWFET_0C,1,11.775381088256836,11.74613094329834,13.900402069091797
M1_Coulomb,US06_0C,1,0.3405198583017985,0.3133642755991914,0.5243421294830103
M2_EKF,US06_0C,1,12.463619713245782,12.299201605282146,15.82127883058981
M3_A2-0,US06_0C,1,11.125539779663086,10.955185890197754,13.26343059539795
M4_A2-3,US06_0C,1,10.837942123413086,10.672550201416016,13.397930145263672
M5_pureNN,US06_0C,1,17.423782615506585,15.391666986883035,35.287683644459165
M6_A2-4,US06_0C,1,11.122243881225586,10.986584663391113,13.521797180175781
M1_Coulomb,UDDS_-10C,1,0.026712827199601046,0.017613954559605686,0.07612683184532454
M2_EKF,UDDS_-10C,1,9.29264444685814,6.853901898329504,18.127777629045198
M3_A2-0,UDDS_-10C,1,9.1405029296875,6.871776580810547,17.001096725463867
M4_A2-3,UDDS_-10C,1,8.520352363586426,6.218847751617432,16.275569915771484
M5_pureNN,UDDS_-10C,1,16.988063669829,12.963382553015787,46.47503174102645
M6_A2-4,UDDS_-10C,1,9.262864112854004,7.565578937530518,17.1636905670166
M1_Coulomb,HWFET_-10C,1,0.008972696952194366,0.004927677294738224,0.043780108128632644
M2_EKF,HWFET_-10C,1,7.35324354699834,4.629982917176471,17.820207666507038
M3_A2-0,HWFET_-10C,1,6.87654447555542,4.375667095184326,16.3129940032959
M4_A2-3,HWFET_-10C,1,6.533112049102783,3.8973238468170166,15.723469734191895
M5_pureNN,HWFET_-10C,1,16.578108254252868,11.258210431589745,45.87537379574336
M6_A2-4,HWFET_-10C,1,7.063889980316162,5.3010077476501465,16.01534652709961
M1_Coulomb,US06_-10C,1,0.08878319899528939,0.04240454886821601,0.2858255755223471
M2_EKF,US06_-10C,1,4.971117657493705,2.8419370031341926,14.78312982525246
M3_A2-0,US06_-10C,1,4.2619309425354,2.4267542362213135,12.466804504394531
M4_A2-3,US06_-10C,1,4.164860725402832,2.0977420806884766,12.25189208984375
M5_pureNN,US06_-10C,1,14.789937146649352,9.458740757428751,53.288094984163045
M6_A2-4,US06_-10C,1,4.61161994934082,3.5074591636657715,12.416631698608398
M1_Coulomb,UDDS_-20C,1,0.0369194341145534,0.02574512540583631,0.08173657298202741
M2_EKF,UDDS_-20C,1,9.457568946753392,6.779894416163219,20.444221237952075
M3_A2-0,UDDS_-20C,1,9.608464241027832,7.001723766326904,19.711769104003906
M4_A2-3,UDDS_-20C,1,8.97247314453125,6.324042797088623,18.537385940551758
M5_pureNN,UDDS_-20C,1,20.714647137702883,14.314923481454231,72.72415136157396
M6_A2-4,UDDS_-20C,1,9.97879695892334,8.141904830932617,19.139684677124023
M1_Coulomb,HWFET_-20C,1,0.008407795748738754,0.004320117674485622,0.028903938748725544
M2_EKF,HWFET_-20C,1,4.836625075837714,2.9081952140640017,14.895293537374377
M3_A2-0,HWFET_-20C,1,4.735891819000244,2.984473943710327,14.229043006896973
M4_A2-3,HWFET_-20C,1,4.311870574951172,2.366898775100708,13.366796493530273
M5_pureNN,HWFET_-20C,1,23.30942894087886,13.956170559080727,66.96883051766005
M6_A2-4,HWFET_-20C,1,5.298985958099365,4.391679763793945,14.480937957763672
M1_Coulomb,US06_-20C,1,0.4124010462320339,0.3800556472297136,0.6296536004148534
M2_EKF,US06_-20C,1,23.590572256056397,23.153989979772824,30.231803743649778
M3_A2-0,US06_-20C,1,22.66972541809082,22.380008697509766,28.53833770751953
M4_A2-3,US06_-20C,1,22.22442626953125,21.899885177612305,28.42702865600586
M5_pureNN,US06_-20C,1,37.82288959028017,32.3566301935082,72.13953588033544
M6_A2-4,US06_-20C,1,22.454357147216797,22.187725067138672,27.89353370666504
