cycle_id,method,RMSE,MAE,MAX,n_samples,battery,cycle_index,temp_C,capacity_Ah
B0005_dis000,EKF,33.485872557404406,33.056148486830814,48.0623160160222,3391,B0005,0,24.0,1.8564874208181574
B0005_dis000,EKF+NN_A2-3,31.252025604248047,30.88294219970703,45.743446350097656,3362,B0005,0,24.0,1.8564874208181574
B0005_dis084,EKF,7.4872107160629655,6.690278075394923,12.412252031663378,2768,B0005,84,24.0,1.538236598942558
B0005_dis084,EKF+NN_A2-3,10.309924125671387,8.911612510681152,17.51006507873535,2739,B0005,84,24.0,1.538236598942558
B0005_dis-02,EKF,7.216965389703855,6.543706693451476,11.157301144185263,2503,B0005,-2,24.0,1.3090153642307354
B0005_dis-02,EKF+NN_A2-3,9.889349937438965,8.782018661499023,16.271690368652344,2474,B0005,-2,24.0,1.3090153642307354
B0006_dis000,EKF,31.777877271320225,31.55363991400145,43.01093331043786,3391,B0006,0,24.0,2.035337591005598
B0006_dis000,EKF+NN_A2-3,29.61197853088379,29.45545768737793,36.854835510253906,3362,B0006,0,24.0,2.035337591005598
B0006_dis084,EKF,6.196981010813329,4.679766951995981,13.15532653987076,2768,B0006,84,24.0,1.4516292657521335
B0006_dis084,EKF+NN_A2-3,6.59001350402832,5.907958030700684,11.583930969238281,2739,B0006,84,24.0,1.4516292657521335
B0006_dis-02,EKF,7.035031359112535,5.56947290486124,14.326655044082038,2503,B0006,-2,24.0,1.1749748834769171
B0006_dis-02,EKF+NN_A2-3,7.246125221252441,6.461036205291748,12.53607177734375,2474,B0006,-2,24.0,1.1749748834769171
B0007_dis000,EKF,33.089790393300426,32.67039369127102,49.35841809497975,3391,B0007,0,24.0,1.89105229539079
B0007_dis000,EKF+NN_A2-3,30.728118896484375,30.410503387451172,46.44090270996094,3362,B0007,0,24.0,1.89105229539079
B0007_dis084,EKF,7.825854010782693,6.72333996517488,13.845078778100747,2768,B0007,84,24.0,1.6006603374309376
B0007_dis084,EKF+NN_A2-3,10.67342758178711,8.872775077819824,19.023887634277344,2739,B0007,84,24.0,1.6006603374309376
B0007_dis-02,EKF,7.354560195649036,6.40501790302988,12.454232619401367,2503,B0007,-2,24.0,1.4217865046055154
B0007_dis-02,EKF+NN_A2-3,9.907927513122559,8.371370315551758,17.589113235473633,2474,B0007,-2,24.0,1.4217865046055154
B0018_dis000,EKF,6.5231275040770145,5.724884821384755,11.209227926007358,3135,B0018,0,24.0,1.8550045207910817
B0018_dis000,EKF+NN_A2-3,8.303633689880371,7.185775279998779,14.095779418945312,3106,B0018,0,24.0,1.8550045207910817
B0018_dis066,EKF,6.9579947001034075,6.011122839259952,11.790554452266827,2735,B0018,66,24.0,1.5222595950771978
B0018_dis066,EKF+NN_A2-3,9.544569969177246,8.206743240356445,16.91254234313965,2706,B0018,66,24.0,1.5222595950771978
B0018_dis-02,EKF,6.393817886722848,5.549457472140147,11.39155849062231,2454,B0018,-2,24.0,1.3547969729652622
B0018_dis-02,EKF+NN_A2-3,8.598074913024902,7.507339000701904,14.77708911895752,2425,B0018,-2,24.0,1.3547969729652622
