config,exp_a,exp_b,eval_group,n,delta,ci_lo,ci_hi,ratio,sign_agree,excl_zero
A2-1−A2-4 | base,A2-1,A2-4,test_id(25C),4,-0.04446998015046118,-0.13781452592241067,0.04887456562148833,0.7160742563645847,9/10,False
A2-1−A2-4 | base,A2-1,A2-4,ood(10C),9,0.2141598674986097,0.18991900716826826,0.23840072782895116,1.2531383798157512,9/10,True
A2-1−A2-4 | base,A2-1,A2-4,ood(0C),9,0.4089923434787328,0.2967547508650482,0.5212299360924174,1.5062464898773242,10/10,True
A2-1−A2-4 | base,A2-1,A2-4,ood(-10C),9,0.553400142987569,0.3912323020670181,0.7155679839081199,1.7591759682974384,10/10,True
A2-1−A2-4 | base,A2-1,A2-4,ood(-20C),9,0.6153807931476172,0.4319997119281791,0.7987618743670553,1.6041662536060641,10/10,True
A2-1−A2-4 | ocvT,A2-1,A2-4,test_id(25C),4,-0.04446998015046118,-0.13781452592241067,0.04887456562148833,0.7160742563645847,9/10,False
A2-1−A2-4 | ocvT,A2-1,A2-4,ood(10C),9,0.20628259446885833,0.18246046101890204,0.23010472791881462,1.2270464574558175,9/10,True
A2-1−A2-4 | ocvT,A2-1,A2-4,ood(0C),9,0.39418176015218115,0.2830335581986942,0.5053299621056682,1.4314745231332155,9/10,True
A2-1−A2-4 | ocvT,A2-1,A2-4,ood(-10C),9,0.5493618143929376,0.38645110594878207,0.7122725228370932,1.7761537072532403,10/10,True
A2-1−A2-4 | ocvT,A2-1,A2-4,ood(-20C),9,0.6154205958048506,0.43375815098235415,0.7970830406273471,1.7225403421771557,10/10,True
!!作废!! M1配平-混口径(见 p9_04),A2-1,A2-K0,test_id(25C),4,-0.03132931739091872,-0.07840617516466217,0.01574754038282472,0.3121879998468082,7/10,False
!!作废!! M1配平-混口径(见 p9_04),A2-1,A2-K0,ood(10C),9,-0.10412915415234036,-0.1535501213302626,-0.05470818697441813,0.6448766619414376,8/10,True
!!作废!! M1配平-混口径(见 p9_04),A2-1,A2-K0,ood(0C),9,-0.544231531355116,-0.8853441000702233,-0.20311896264000873,2.172500889577983,9/10,True
!!作废!! M1配平-混口径(见 p9_04),A2-1,A2-K0,ood(-10C),9,-0.28320706155565056,-1.8397613826462726,1.2733472595349715,0.9712332517393137,8/10,False
!!作废!! M1配平-混口径(见 p9_04),A2-1,A2-K0,ood(-20C),9,-0.3501224729749885,-0.7047412016850549,0.004496255735078003,1.0669410942201272,7/10,False
