cycle_id,T,variant,rmse
03-27-17_09.06 10degC_HWFET_Pan18650PF,10.0,base,4.9070738149558375
03-27-17_09.06 10degC_HWFET_Pan18650PF,10.0,ocvT,4.713845057064796
03-27-17_09.06 10degC_LA92_Pan18650PF,10.0,base,4.319895029226218
03-27-17_09.06 10degC_LA92_Pan18650PF,10.0,ocvT,4.062493734196873
03-27-17_09.06 10degC_NN_Pan18650PF,10.0,base,3.837663792081816
03-27-17_09.06 10degC_NN_Pan18650PF,10.0,ocvT,3.5946451423270207
03-27-17_09.06 10degC_UDDS_Pan18650PF,10.0,base,3.2887552927018118
03-27-17_09.06 10degC_UDDS_Pan18650PF,10.0,ocvT,3.038416010895528
03-27-17_09.06 10degC_US06_Pan18650PF,10.0,base,5.550873072733233
03-27-17_09.06 10degC_US06_Pan18650PF,10.0,ocvT,5.118412940155387
03-28-17_12.51 10degC_Cycle_1_Pan18650PF,10.0,base,4.629360022145899
03-28-17_12.51 10degC_Cycle_1_Pan18650PF,10.0,ocvT,4.239113062748851
03-28-17_18.18 10degC_Cycle_2_Pan18650PF,10.0,base,5.562726204622161
03-28-17_18.18 10degC_Cycle_2_Pan18650PF,10.0,ocvT,5.170912872242594
04-05-17_17.04 10degC_Cycle_3_Pan18650PF,10.0,base,5.992115025666661
04-05-17_17.04 10degC_Cycle_3_Pan18650PF,10.0,ocvT,5.599910405355781
04-05-17_22.50 10degC_Cycle_4_Pan18650PF,10.0,base,4.294460354824011
04-05-17_22.50 10degC_Cycle_4_Pan18650PF,10.0,ocvT,3.955950513553741
05-30-17_12.56 0degC_Cycle_1_Pan18650PF,0.0,base,11.794908649707835
05-30-17_12.56 0degC_Cycle_1_Pan18650PF,0.0,ocvT,10.962632919408074
05-30-17_20.16 0degC_Cycle_2_Pan18650PF,0.0,base,11.904937634836395
05-30-17_20.16 0degC_Cycle_2_Pan18650PF,0.0,ocvT,11.010362393501705
06-01-17_10.36 0degC_LA92_Pan18650PF,0.0,base,6.672680156935701
06-01-17_10.36 0degC_LA92_Pan18650PF,0.0,ocvT,6.102831558596855
06-01-17_10.36 0degC_NN_Pan18650PF,0.0,base,5.798505068796094
06-01-17_10.36 0degC_NN_Pan18650PF,0.0,ocvT,5.335075111153715
06-01-17_15.36 0degC_Cycle_3_Pan18650PF,0.0,base,11.009983707724
06-01-17_15.36 0degC_Cycle_3_Pan18650PF,0.0,ocvT,10.023914616529906
06-01-17_22.03 0degC_Cycle_4_Pan18650PF,0.0,base,9.492065878108589
06-01-17_22.03 0degC_Cycle_4_Pan18650PF,0.0,ocvT,8.396097847774552
06-02-17_04.58 0degC_US06_Pan18650PF,0.0,base,12.463619713245782
06-02-17_04.58 0degC_US06_Pan18650PF,0.0,ocvT,10.170616622740312
06-02-17_10.43 0degC_HWFET_Pan18650PF,0.0,base,13.113545252606858
06-02-17_10.43 0degC_HWFET_Pan18650PF,0.0,ocvT,11.991195864110749
06-02-17_17.14 0degC_UDDS_Pan18650PF,0.0,base,8.99386602164477
06-02-17_17.14 0degC_UDDS_Pan18650PF,0.0,ocvT,7.967323877670375
06-07-17_08.39 n10degC_HWFET_Pan18650PF,-10.0,base,7.35324354699834
06-07-17_08.39 n10degC_HWFET_Pan18650PF,-10.0,ocvT,7.272043550321094
06-07-17_08.39 n10degC_LA92_Pan18650PF,-10.0,base,7.847711700265142
06-07-17_08.39 n10degC_LA92_Pan18650PF,-10.0,ocvT,7.64681954421568
06-07-17_08.39 n10degC_UDDS_Pan18650PF,-10.0,base,9.29264444685814
06-07-17_08.39 n10degC_UDDS_Pan18650PF,-10.0,ocvT,8.905697404329551
06-07-17_08.39 n10degC_US06_Pan18650PF,-10.0,base,4.971117657493705
06-07-17_08.39 n10degC_US06_Pan18650PF,-10.0,ocvT,4.958736330946428
06-10-17_11.25 n10degC_Cycle_1_Pan18650PF,-10.0,base,12.554023711153103
06-10-17_11.25 n10degC_Cycle_1_Pan18650PF,-10.0,ocvT,12.37231342174916
06-10-17_18.35 n10degC_Cycle_2_Pan18650PF,-10.0,base,18.117217206873395
06-10-17_18.35 n10degC_Cycle_2_Pan18650PF,-10.0,ocvT,17.67755355861163
06-11-17_01.39 n10degC_Cycle_3_Pan18650PF,-10.0,base,18.40977460567472
06-11-17_01.39 n10degC_Cycle_3_Pan18650PF,-10.0,ocvT,18.060846776067432
06-11-17_08.42 n10degC_Cycle_4_Pan18650PF,-10.0,base,11.62136701925029
06-11-17_08.42 n10degC_Cycle_4_Pan18650PF,-10.0,ocvT,11.422260637216407
06-14-17_13.12 n10degC_NN_Pan18650PF,-10.0,base,17.63327270431421
06-14-17_13.12 n10degC_NN_Pan18650PF,-10.0,ocvT,11.391579980887167
06-23-17_23.35 n20degC_HWFET_Pan18650PF,-20.0,base,4.836625075837714
06-23-17_23.35 n20degC_HWFET_Pan18650PF,-20.0,ocvT,4.630959670265178
06-23-17_23.35 n20degC_LA92_Pan18650PF,-20.0,base,5.575738249441533
06-23-17_23.35 n20degC_LA92_Pan18650PF,-20.0,ocvT,5.136210972485214
06-23-17_23.35 n20degC_NN_Pan18650PF,-20.0,base,4.420842799982319
06-23-17_23.35 n20degC_NN_Pan18650PF,-20.0,ocvT,4.1288155023602044
06-23-17_23.35 n20degC_UDDS_Pan18650PF,-20.0,base,9.457568946753392
06-23-17_23.35 n20degC_UDDS_Pan18650PF,-20.0,ocvT,8.623822609570478
06-24-17_04.29 n20degC_Cycle_1_Pan18650PF,-20.0,base,23.10187248669592
06-24-17_04.29 n20degC_Cycle_1_Pan18650PF,-20.0,ocvT,21.404994944970586
06-24-17_11.58 n20degC_Cycle_2_Pan18650PF,-20.0,base,22.32484488239873
06-24-17_11.58 n20degC_Cycle_2_Pan18650PF,-20.0,ocvT,19.817493271244235
06-24-17_19.29 n20degC_Cycle_3_Pan18650PF,-20.0,base,22.530333163149347
06-24-17_19.29 n20degC_Cycle_3_Pan18650PF,-20.0,ocvT,21.034159382941105
06-25-17_03.01 n20degC_Cycle_4_Pan18650PF,-20.0,base,18.61126149021963
06-25-17_03.01 n20degC_Cycle_4_Pan18650PF,-20.0,ocvT,17.17141115900688
06-25-17_10.31 n20degC_US06_Pan18650PF,-20.0,base,23.5905722560564
06-25-17_10.31 n20degC_US06_Pan18650PF,-20.0,ocvT,22.61629166769502
