exp,seed,eval_group,cycle_id,RMSE
A2-2,7,ood(10C),03-27-17_09.06 10degC_HWFET_Pan18650PF,3.1819558143615723
A2-2,13,ood(10C),03-27-17_09.06 10degC_HWFET_Pan18650PF,3.321211338043213
A2-2,42,ood(10C),03-27-17_09.06 10degC_HWFET_Pan18650PF,3.1544268131256104
A2-2,101,ood(10C),03-27-17_09.06 10degC_HWFET_Pan18650PF,3.064575433731079
A2-2,202,ood(10C),03-27-17_09.06 10degC_HWFET_Pan18650PF,3.1849143505096436
A2-2,303,ood(10C),03-27-17_09.06 10degC_HWFET_Pan18650PF,3.4000942707061768
A2-2,404,ood(10C),03-27-17_09.06 10degC_HWFET_Pan18650PF,2.8586981296539307
A2-2,505,ood(10C),03-27-17_09.06 10degC_HWFET_Pan18650PF,3.361787796020508
A2-2,606,ood(10C),03-27-17_09.06 10degC_HWFET_Pan18650PF,2.9851486682891846
A2-2,707,ood(10C),03-27-17_09.06 10degC_HWFET_Pan18650PF,3.2763283252716064
A2-2,7,ood(10C),03-27-17_09.06 10degC_LA92_Pan18650PF,3.300624370574951
A2-2,13,ood(10C),03-27-17_09.06 10degC_LA92_Pan18650PF,3.3169002532958984
A2-2,42,ood(10C),03-27-17_09.06 10degC_LA92_Pan18650PF,3.3576576709747314
A2-2,101,ood(10C),03-27-17_09.06 10degC_LA92_Pan18650PF,3.3517911434173584
A2-2,202,ood(10C),03-27-17_09.06 10degC_LA92_Pan18650PF,3.4003067016601562
A2-2,303,ood(10C),03-27-17_09.06 10degC_LA92_Pan18650PF,2.959009885787964
A2-2,404,ood(10C),03-27-17_09.06 10degC_LA92_Pan18650PF,3.2200756072998047
A2-2,505,ood(10C),03-27-17_09.06 10degC_LA92_Pan18650PF,3.577031135559082
A2-2,606,ood(10C),03-27-17_09.06 10degC_LA92_Pan18650PF,3.119372844696045
A2-2,707,ood(10C),03-27-17_09.06 10degC_LA92_Pan18650PF,3.536602020263672
A2-2,7,ood(10C),03-27-17_09.06 10degC_NN_Pan18650PF,2.7680447101593018
A2-2,13,ood(10C),03-27-17_09.06 10degC_NN_Pan18650PF,2.8036305904388428
A2-2,42,ood(10C),03-27-17_09.06 10degC_NN_Pan18650PF,2.768063545227051
A2-2,101,ood(10C),03-27-17_09.06 10degC_NN_Pan18650PF,2.7656424045562744
A2-2,202,ood(10C),03-27-17_09.06 10degC_NN_Pan18650PF,2.8376479148864746
A2-2,303,ood(10C),03-27-17_09.06 10degC_NN_Pan18650PF,2.4399988651275635
A2-2,404,ood(10C),03-27-17_09.06 10degC_NN_Pan18650PF,2.615586996078491
A2-2,505,ood(10C),03-27-17_09.06 10degC_NN_Pan18650PF,2.987945795059204
A2-2,606,ood(10C),03-27-17_09.06 10degC_NN_Pan18650PF,2.571669340133667
A2-2,707,ood(10C),03-27-17_09.06 10degC_NN_Pan18650PF,2.94704532623291
A2-2,7,ood(10C),03-27-17_09.06 10degC_UDDS_Pan18650PF,2.272414207458496
A2-2,13,ood(10C),03-27-17_09.06 10degC_UDDS_Pan18650PF,2.2220892906188965
A2-2,42,ood(10C),03-27-17_09.06 10degC_UDDS_Pan18650PF,2.284386157989502
A2-2,101,ood(10C),03-27-17_09.06 10degC_UDDS_Pan18650PF,2.2009549140930176
A2-2,202,ood(10C),03-27-17_09.06 10degC_UDDS_Pan18650PF,2.2922542095184326
A2-2,303,ood(10C),03-27-17_09.06 10degC_UDDS_Pan18650PF,1.9414136409759521
A2-2,404,ood(10C),03-27-17_09.06 10degC_UDDS_Pan18650PF,2.0400137901306152
A2-2,505,ood(10C),03-27-17_09.06 10degC_UDDS_Pan18650PF,2.494351863861084
A2-2,606,ood(10C),03-27-17_09.06 10degC_UDDS_Pan18650PF,2.021411895751953
A2-2,707,ood(10C),03-27-17_09.06 10degC_UDDS_Pan18650PF,2.3914954662323
A2-2,7,ood(10C),03-27-17_09.06 10degC_US06_Pan18650PF,3.8493492603302
A2-2,13,ood(10C),03-27-17_09.06 10degC_US06_Pan18650PF,3.9004876613616943
A2-2,42,ood(10C),03-27-17_09.06 10degC_US06_Pan18650PF,3.867751121520996
A2-2,101,ood(10C),03-27-17_09.06 10degC_US06_Pan18650PF,3.9786736965179443
A2-2,202,ood(10C),03-27-17_09.06 10degC_US06_Pan18650PF,4.113736152648926
A2-2,303,ood(10C),03-27-17_09.06 10degC_US06_Pan18650PF,3.503077983856201
A2-2,404,ood(10C),03-27-17_09.06 10degC_US06_Pan18650PF,3.8195056915283203
A2-2,505,ood(10C),03-27-17_09.06 10degC_US06_Pan18650PF,4.142956733703613
A2-2,606,ood(10C),03-27-17_09.06 10degC_US06_Pan18650PF,3.7319512367248535
A2-2,707,ood(10C),03-27-17_09.06 10degC_US06_Pan18650PF,4.267724514007568
A2-2,7,ood(10C),03-28-17_12.51 10degC_Cycle_1_Pan18650PF,3.5877840518951416
A2-2,13,ood(10C),03-28-17_12.51 10degC_Cycle_1_Pan18650PF,3.5687148571014404
A2-2,42,ood(10C),03-28-17_12.51 10degC_Cycle_1_Pan18650PF,3.6354482173919678
A2-2,101,ood(10C),03-28-17_12.51 10degC_Cycle_1_Pan18650PF,3.6239173412323
A2-2,202,ood(10C),03-28-17_12.51 10degC_Cycle_1_Pan18650PF,3.6928658485412598
A2-2,303,ood(10C),03-28-17_12.51 10degC_Cycle_1_Pan18650PF,3.1417012214660645
A2-2,404,ood(10C),03-28-17_12.51 10degC_Cycle_1_Pan18650PF,3.4814765453338623
A2-2,505,ood(10C),03-28-17_12.51 10degC_Cycle_1_Pan18650PF,3.824049234390259
A2-2,606,ood(10C),03-28-17_12.51 10degC_Cycle_1_Pan18650PF,3.353034019470215
A2-2,707,ood(10C),03-28-17_12.51 10degC_Cycle_1_Pan18650PF,3.826876401901245
A2-2,7,ood(10C),03-28-17_18.18 10degC_Cycle_2_Pan18650PF,4.672185897827148
A2-2,13,ood(10C),03-28-17_18.18 10degC_Cycle_2_Pan18650PF,4.6632466316223145
A2-2,42,ood(10C),03-28-17_18.18 10degC_Cycle_2_Pan18650PF,4.685346603393555
A2-2,101,ood(10C),03-28-17_18.18 10degC_Cycle_2_Pan18650PF,4.753688812255859
A2-2,202,ood(10C),03-28-17_18.18 10degC_Cycle_2_Pan18650PF,4.784654140472412
A2-2,303,ood(10C),03-28-17_18.18 10degC_Cycle_2_Pan18650PF,4.266650676727295
A2-2,404,ood(10C),03-28-17_18.18 10degC_Cycle_2_Pan18650PF,4.588951110839844
A2-2,505,ood(10C),03-28-17_18.18 10degC_Cycle_2_Pan18650PF,4.951313495635986
A2-2,606,ood(10C),03-28-17_18.18 10degC_Cycle_2_Pan18650PF,4.4169769287109375
A2-2,707,ood(10C),03-28-17_18.18 10degC_Cycle_2_Pan18650PF,4.958651065826416
A2-2,7,ood(10C),04-05-17_17.04 10degC_Cycle_3_Pan18650PF,4.653955936431885
A2-2,13,ood(10C),04-05-17_17.04 10degC_Cycle_3_Pan18650PF,4.61539363861084
A2-2,42,ood(10C),04-05-17_17.04 10degC_Cycle_3_Pan18650PF,4.706391334533691
A2-2,101,ood(10C),04-05-17_17.04 10degC_Cycle_3_Pan18650PF,4.673224449157715
A2-2,202,ood(10C),04-05-17_17.04 10degC_Cycle_3_Pan18650PF,4.829997539520264
A2-2,303,ood(10C),04-05-17_17.04 10degC_Cycle_3_Pan18650PF,4.279214382171631
A2-2,404,ood(10C),04-05-17_17.04 10degC_Cycle_3_Pan18650PF,4.5482354164123535
A2-2,505,ood(10C),04-05-17_17.04 10degC_Cycle_3_Pan18650PF,4.919974327087402
A2-2,606,ood(10C),04-05-17_17.04 10degC_Cycle_3_Pan18650PF,4.4233479499816895
A2-2,707,ood(10C),04-05-17_17.04 10degC_Cycle_3_Pan18650PF,4.936368942260742
A2-2,7,ood(10C),04-05-17_22.50 10degC_Cycle_4_Pan18650PF,3.0223262310028076
A2-2,13,ood(10C),04-05-17_22.50 10degC_Cycle_4_Pan18650PF,3.028452157974243
A2-2,42,ood(10C),04-05-17_22.50 10degC_Cycle_4_Pan18650PF,3.0025827884674072
A2-2,101,ood(10C),04-05-17_22.50 10degC_Cycle_4_Pan18650PF,3.058039665222168
A2-2,202,ood(10C),04-05-17_22.50 10degC_Cycle_4_Pan18650PF,3.1078579425811768
A2-2,303,ood(10C),04-05-17_22.50 10degC_Cycle_4_Pan18650PF,2.75150203704834
A2-2,404,ood(10C),04-05-17_22.50 10degC_Cycle_4_Pan18650PF,2.8480429649353027
A2-2,505,ood(10C),04-05-17_22.50 10degC_Cycle_4_Pan18650PF,3.272451639175415
A2-2,606,ood(10C),04-05-17_22.50 10degC_Cycle_4_Pan18650PF,2.792774200439453
A2-2,707,ood(10C),04-05-17_22.50 10degC_Cycle_4_Pan18650PF,3.2585642337799072
