cycle_id,n,ekf_RMSE,nn_RMSE,ekf_MAE,nn_MAE,ekf_MAX,nn_MAX,exp,seed,eval_group,ref
03-21-17_00.29 25degC_UDDS_Pan18650PF,22119,1.5091198682785034,1.0440362691879272,1.4729361534118652,0.9049355387687683,2.8923842906951904,4.361695766448975,A2-0,7,val(25C),S1
03-18-17_02.17 25degC_Cycle_1_Pan18650PF,10655,0.5577367544174194,0.7471683025360107,0.4274957478046417,0.6116927862167358,2.8576183319091797,3.2053141593933105,A2-0,7,test_id(25C),S1
03-19-17_03.25 25degC_Cycle_2_Pan18650PF,10819,0.7980073094367981,0.7091434001922607,0.6773711442947388,0.4865049421787262,3.8061656951904297,3.615640640258789,A2-0,7,test_id(25C),S1
03-19-17_09.07 25degC_Cycle_3_Pan18650PF,9936,0.5716968774795532,0.43248456716537476,0.526796817779541,0.32221516966819763,1.0240869522094727,1.4018217325210571,A2-0,7,test_id(25C),S1
03-19-17_14.31 25degC_Cycle_4_Pan18650PF,11778,0.9032625555992126,0.8733615279197693,0.7918484807014465,0.5686728954315186,3.374241828918457,4.4850873947143555,A2-0,7,test_id(25C),S1
03-27-17_09.06 10degC_HWFET_Pan18650PF,10263,2.4030654430389404,2.5509064197540283,1.952929139137268,1.9507488012313843,8.288605690002441,7.600108623504639,A2-0,7,ood(10C),S1
03-27-17_09.06 10degC_LA92_Pan18650PF,15817,1.838112235069275,2.4519498348236084,1.6532007455825806,2.0947070121765137,3.1014151573181152,4.15280818939209,A2-0,7,ood(10C),S1
03-27-17_09.06 10degC_NN_Pan18650PF,13750,1.384708285331726,1.9338328838348389,1.2487564086914062,1.631914734840393,2.603825330734253,3.6463701725006104,A2-0,7,ood(10C),S1
03-27-17_09.06 10degC_UDDS_Pan18650PF,24281,0.7483742237091064,1.2032610177993774,0.6570649743080139,1.0753345489501953,2.0992648601531982,3.116933822631836,A2-0,7,ood(10C),S1
03-27-17_09.06 10degC_US06_Pan18650PF,3882,2.582253932952881,3.246302843093872,2.5074548721313477,3.2034339904785156,3.63446307182312,4.399476051330566,A2-0,7,ood(10C),S1
03-28-17_12.51 10degC_Cycle_1_Pan18650PF,9067,1.8653419017791748,2.6316733360290527,1.7895753383636475,2.5710561275482178,2.5742242336273193,3.6103978157043457,A2-0,7,ood(10C),S1
03-28-17_18.18 10degC_Cycle_2_Pan18650PF,7795,3.0697789192199707,3.839731454849243,3.0289480686187744,3.806806802749634,4.284008502960205,5.16021728515625,A2-0,7,ood(10C),S1
04-05-17_17.04 10degC_Cycle_3_Pan18650PF,9769,2.631728172302246,3.391510486602783,2.4990668296813965,3.260439157485962,6.371574878692627,5.997991561889648,A2-0,7,ood(10C),S1
04-05-17_22.50 10degC_Cycle_4_Pan18650PF,9589,1.091448426246643,1.7820991277694702,1.0099141597747803,1.6686670780181885,1.8464959859848022,3.4725775718688965,A2-0,7,ood(10C),S1
05-30-17_12.56 0degC_Cycle_1_Pan18650PF,8487,4.934931755065918,5.102080345153809,4.733814239501953,4.77237606048584,7.470005512237549,7.636952877044678,A2-0,7,ood(0C),S1
05-30-17_20.16 0degC_Cycle_2_Pan18650PF,8060,5.283172130584717,5.465381622314453,4.996809482574463,5.015091896057129,9.116023063659668,9.70903205871582,A2-0,7,ood(0C),S1
06-01-17_10.36 0degC_LA92_Pan18650PF,15077,2.095378875732422,2.518110990524292,1.7240800857543945,1.8613533973693848,3.831493616104126,4.834432125091553,A2-0,7,ood(0C),S1
06-01-17_10.36 0degC_NN_Pan18650PF,13148,1.457082748413086,1.7887004613876343,1.2210693359375,1.2438435554504395,3.2343292236328125,4.202735900878906,A2-0,7,ood(0C),S1
06-01-17_15.36 0degC_Cycle_3_Pan18650PF,5931,6.142489433288574,6.710387706756592,5.865081310272217,6.401360511779785,8.96208667755127,9.955397605895996,A2-0,7,ood(0C),S1
06-01-17_22.03 0degC_Cycle_4_Pan18650PF,7389,3.171359062194824,3.788213014602661,3.049534559249878,3.671274185180664,4.093801021575928,5.040246963500977,A2-0,7,ood(0C),S1
06-02-17_04.58 0degC_US06_Pan18650PF,3344,6.671102523803711,7.37136173248291,6.200530529022217,6.835368633270264,8.390694618225098,9.31384563446045,A2-0,7,ood(0C),S1
06-02-17_10.43 0degC_HWFET_Pan18650PF,5670,7.212000370025635,7.8265886306762695,6.990440368652344,7.614394664764404,9.013738632202148,9.978856086730957,A2-0,7,ood(0C),S1
06-02-17_17.14 0degC_UDDS_Pan18650PF,12540,3.190485954284668,3.734060287475586,2.9935877323150635,3.561495780944824,4.677614212036133,5.5853753089904785,A2-0,7,ood(0C),S1
06-07-17_08.39 n10degC_HWFET_Pan18650PF,11951,3.4016926288604736,3.622659206390381,2.381418228149414,2.386423349380493,8.346379280090332,9.017364501953125,A2-0,7,ood(-10C),S1
06-07-17_08.39 n10degC_LA92_Pan18650PF,13765,3.662468671798706,3.93904447555542,2.644167900085449,2.7021095752716064,8.308347702026367,9.287036895751953,A2-0,7,ood(-10C),S1
06-07-17_08.39 n10degC_UDDS_Pan18650PF,17786,4.724403381347656,4.999700546264648,3.6963131427764893,3.818146228790283,8.852611541748047,9.41143798828125,A2-0,7,ood(-10C),S1
06-07-17_08.39 n10degC_US06_Pan18650PF,9929,1.5720794200897217,1.8130550384521484,1.2001672983169556,1.1559621095657349,4.790685653686523,5.595953464508057,A2-0,7,ood(-10C),S1
06-10-17_11.25 n10degC_Cycle_1_Pan18650PF,5706,6.60512638092041,7.0794758796691895,6.451104164123535,6.919254302978516,8.205490112304688,8.985997200012207,A2-0,7,ood(-10C),S1
06-10-17_18.35 n10degC_Cycle_2_Pan18650PF,5654,12.16176986694336,12.616857528686523,12.135697364807129,12.58751106262207,13.866462707519531,14.706058502197266,A2-0,7,ood(-10C),S1
06-11-17_01.39 n10degC_Cycle_3_Pan18650PF,5368,12.64407730102539,13.125354766845703,12.542119026184082,13.02292251586914,16.49686050415039,17.184301376342773,A2-0,7,ood(-10C),S1
06-11-17_08.42 n10degC_Cycle_4_Pan18650PF,5791,5.355126857757568,5.775150299072266,4.935229301452637,5.32030725479126,8.565593719482422,9.783125877380371,A2-0,7,ood(-10C),S1
06-14-17_13.12 n10degC_NN_Pan18650PF,4939,11.515380859375,12.033276557922363,11.487773895263672,12.005724906921387,13.074525833129883,13.952425956726074,A2-0,7,ood(-10C),S1
06-23-17_23.35 n20degC_HWFET_Pan18650PF,11042,1.3390394449234009,1.4313526153564453,0.9279404282569885,0.9531838893890381,4.9586405754089355,5.464208602905273,A2-0,7,ood(-20C),S1
06-23-17_23.35 n20degC_LA92_Pan18650PF,12521,1.699766755104065,1.8741371631622314,1.2532685995101929,1.3308051824569702,5.283014297485352,6.100824356079102,A2-0,7,ood(-20C),S1
06-23-17_23.35 n20degC_NN_Pan18650PF,11350,1.1017630100250244,1.0536328554153442,0.8814716339111328,0.7153593301773071,3.7301185131073,4.376717567443848,A2-0,7,ood(-20C),S1
06-23-17_23.35 n20degC_UDDS_Pan18650PF,15753,5.160928726196289,5.3328728675842285,3.931597948074341,4.007169723510742,10.603472709655762,11.211380004882812,A2-0,7,ood(-20C),S1
06-24-17_04.29 n20degC_Cycle_1_Pan18650PF,4752,17.6080379486084,17.996118545532227,17.551179885864258,17.93610954284668,20.16110610961914,20.53327751159668,A2-0,7,ood(-20C),S1
06-24-17_11.58 n20degC_Cycle_2_Pan18650PF,4718,16.20331382751465,16.581287384033203,16.175241470336914,16.557594299316406,19.785266876220703,20.234153747558594,A2-0,7,ood(-20C),S1
06-24-17_19.29 n20degC_Cycle_3_Pan18650PF,4695,16.29913330078125,16.659135818481445,16.251310348510742,16.60543441772461,21.421072006225586,21.700193405151367,A2-0,7,ood(-20C),S1
06-25-17_03.01 n20degC_Cycle_4_Pan18650PF,4715,13.217724800109863,13.588399887084961,13.189414978027344,13.560623168945312,15.192038536071777,15.851003646850586,A2-0,7,ood(-20C),S1
06-25-17_10.31 n20degC_US06_Pan18650PF,2333,17.03714370727539,17.53500747680664,16.91422462463379,17.41258430480957,20.965356826782227,22.18524169921875,A2-0,7,ood(-20C),S1
03-21-17_00.29 25degC_UDDS_Pan18650PF,22119,1.5091198682785034,0.9589056968688965,1.4729361534118652,0.8208260536193848,2.8923842906951904,3.58528470993042,A2-0,13,val(25C),S1
03-18-17_02.17 25degC_Cycle_1_Pan18650PF,10655,0.5577367544174194,0.7302535176277161,0.4274957478046417,0.607749879360199,2.8576183319091797,2.063615560531616,A2-0,13,test_id(25C),S1
03-19-17_03.25 25degC_Cycle_2_Pan18650PF,10819,0.7980073094367981,0.773029625415802,0.6773711442947388,0.47937294840812683,3.8061656951904297,5.835777282714844,A2-0,13,test_id(25C),S1
03-19-17_09.07 25degC_Cycle_3_Pan18650PF,9936,0.5716968774795532,0.4571135938167572,0.526796817779541,0.3337845504283905,1.0240869522094727,1.5618994235992432,A2-0,13,test_id(25C),S1
03-19-17_14.31 25degC_Cycle_4_Pan18650PF,11778,0.9032625555992126,0.924974799156189,0.7918484807014465,0.565772294998169,3.374241828918457,4.800229072570801,A2-0,13,test_id(25C),S1
03-27-17_09.06 10degC_HWFET_Pan18650PF,10263,2.4030654430389404,3.0464344024658203,1.952929139137268,2.3964648246765137,8.288605690002441,10.706209182739258,A2-0,13,ood(10C),S1
03-27-17_09.06 10degC_LA92_Pan18650PF,15817,1.838112235069275,3.0999298095703125,1.6532007455825806,2.761894941329956,3.1014151573181152,5.439128875732422,A2-0,13,ood(10C),S1
03-27-17_09.06 10degC_NN_Pan18650PF,13750,1.384708285331726,2.565089225769043,1.2487564086914062,2.2565767765045166,2.603825330734253,4.946070671081543,A2-0,13,ood(10C),S1
03-27-17_09.06 10degC_UDDS_Pan18650PF,24281,0.7483742237091064,1.918122410774231,0.6570649743080139,1.7704328298568726,2.0992648601531982,4.781548976898193,A2-0,13,ood(10C),S1
03-27-17_09.06 10degC_US06_Pan18650PF,3882,2.582253932952881,3.9520108699798584,2.5074548721313477,3.8379199504852295,3.63446307182312,5.661420822143555,A2-0,13,ood(10C),S1
03-28-17_12.51 10degC_Cycle_1_Pan18650PF,9067,1.8653419017791748,3.2802040576934814,1.7895753383636475,3.168973445892334,2.5742242336273193,4.748025417327881,A2-0,13,ood(10C),S1
03-28-17_18.18 10degC_Cycle_2_Pan18650PF,7795,3.0697789192199707,4.406095027923584,3.0289480686187744,4.339269161224365,4.284008502960205,6.0508575439453125,A2-0,13,ood(10C),S1
04-05-17_17.04 10degC_Cycle_3_Pan18650PF,9769,2.631728172302246,4.0629658699035645,2.4990668296813965,3.9415369033813477,6.371574878692627,7.79669189453125,A2-0,13,ood(10C),S1
04-05-17_22.50 10degC_Cycle_4_Pan18650PF,9589,1.091448426246643,2.4033021926879883,1.0099141597747803,2.311631441116333,1.8464959859848022,4.107093334197998,A2-0,13,ood(10C),S1
05-30-17_12.56 0degC_Cycle_1_Pan18650PF,8487,4.934931755065918,6.956796646118164,4.733814239501953,6.8173441886901855,7.470005512237549,11.179256439208984,A2-0,13,ood(0C),S1
05-30-17_20.16 0degC_Cycle_2_Pan18650PF,8060,5.283172130584717,7.180454254150391,4.996809482574463,6.925550937652588,9.116023063659668,10.787571907043457,A2-0,13,ood(0C),S1
06-01-17_10.36 0degC_LA92_Pan18650PF,15077,2.095378875732422,3.4795656204223633,1.7240800857543945,2.910799980163574,3.831493616104126,6.3989338874816895,A2-0,13,ood(0C),S1
06-01-17_10.36 0degC_NN_Pan18650PF,13148,1.457082748413086,2.672677516937256,1.2210693359375,2.2305197715759277,3.2343292236328125,5.631424903869629,A2-0,13,ood(0C),S1
06-01-17_15.36 0degC_Cycle_3_Pan18650PF,5931,6.142489433288574,7.560654163360596,5.865081310272217,7.167103290557861,8.96208667755127,10.877933502197266,A2-0,13,ood(0C),S1
06-01-17_22.03 0degC_Cycle_4_Pan18650PF,7389,3.171359062194824,4.989558219909668,3.049534559249878,4.931835651397705,4.093801021575928,6.10558557510376,A2-0,13,ood(0C),S1
06-02-17_04.58 0degC_US06_Pan18650PF,3344,6.671102523803711,8.234278678894043,6.200530529022217,7.803615093231201,8.390694618225098,10.275979042053223,A2-0,13,ood(0C),S1
06-02-17_10.43 0degC_HWFET_Pan18650PF,5670,7.212000370025635,8.622668266296387,6.990440368652344,8.501988410949707,9.013738632202148,10.789517402648926,A2-0,13,ood(0C),S1
06-02-17_17.14 0degC_UDDS_Pan18650PF,12540,3.190485954284668,4.968504428863525,2.9935877323150635,4.890413761138916,4.677614212036133,6.720978736877441,A2-0,13,ood(0C),S1
06-07-17_08.39 n10degC_HWFET_Pan18650PF,11951,3.4016926288604736,4.782648086547852,2.381418228149414,3.55631685256958,8.346379280090332,11.090897560119629,A2-0,13,ood(-10C),S1
06-07-17_08.39 n10degC_LA92_Pan18650PF,13765,3.662468671798706,5.152378082275391,2.644167900085449,3.9457027912139893,8.308347702026367,10.985368728637695,A2-0,13,ood(-10C),S1
06-07-17_08.39 n10degC_UDDS_Pan18650PF,17786,4.724403381347656,6.409867763519287,3.6963131427764893,5.2422990798950195,8.852611541748047,11.534797668457031,A2-0,13,ood(-10C),S1
06-07-17_08.39 n10degC_US06_Pan18650PF,9929,1.5720794200897217,2.6888933181762695,1.2001672983169556,2.082340955734253,4.790685653686523,7.72373104095459,A2-0,13,ood(-10C),S1
06-10-17_11.25 n10degC_Cycle_1_Pan18650PF,5706,6.60512638092041,8.679144859313965,6.451104164123535,8.538613319396973,8.205490112304688,10.902961730957031,A2-0,13,ood(-10C),S1
06-10-17_18.35 n10degC_Cycle_2_Pan18650PF,5654,12.16176986694336,14.252437591552734,12.135697364807129,14.230859756469727,13.866462707519531,15.717824935913086,A2-0,13,ood(-10C),S1
06-11-17_01.39 n10degC_Cycle_3_Pan18650PF,5368,12.64407730102539,14.68950080871582,12.542119026184082,14.620656967163086,16.49686050415039,17.923686981201172,A2-0,13,ood(-10C),S1
06-11-17_08.42 n10degC_Cycle_4_Pan18650PF,5791,5.355126857757568,7.388486385345459,4.935229301452637,6.8646416664123535,8.565593719482422,11.362297058105469,A2-0,13,ood(-10C),S1
06-14-17_13.12 n10degC_NN_Pan18650PF,4939,11.515380859375,13.57284164428711,11.487773895263672,13.553853988647461,13.074525833129883,14.871957778930664,A2-0,13,ood(-10C),S1
06-23-17_23.35 n20degC_HWFET_Pan18650PF,11042,1.3390394449234009,2.7757809162139893,0.9279404282569885,2.2231454849243164,4.9586405754089355,7.790765285491943,A2-0,13,ood(-20C),S1
06-23-17_23.35 n20degC_LA92_Pan18650PF,12521,1.699766755104065,3.291025400161743,1.2532685995101929,2.6560757160186768,5.283014297485352,8.309727668762207,A2-0,13,ood(-20C),S1
06-23-17_23.35 n20degC_NN_Pan18650PF,11350,1.1017630100250244,2.0191903114318848,0.8814716339111328,1.5875608921051025,3.7301185131073,6.793816566467285,A2-0,13,ood(-20C),S1
06-23-17_23.35 n20degC_UDDS_Pan18650PF,15753,5.160928726196289,7.0041327476501465,3.931597948074341,5.541951656341553,10.603472709655762,13.60309886932373,A2-0,13,ood(-20C),S1
06-24-17_04.29 n20degC_Cycle_1_Pan18650PF,4752,17.6080379486084,20.001354217529297,17.551179885864258,19.954877853393555,20.16110610961914,22.74884796142578,A2-0,13,ood(-20C),S1
06-24-17_11.58 n20degC_Cycle_2_Pan18650PF,4718,16.20331382751465,18.5350341796875,16.175241470336914,18.502195358276367,19.785266876220703,22.095834732055664,A2-0,13,ood(-20C),S1
06-24-17_19.29 n20degC_Cycle_3_Pan18650PF,4695,16.29913330078125,18.69394302368164,16.251310348510742,18.657024383544922,21.421072006225586,24.11954689025879,A2-0,13,ood(-20C),S1
06-25-17_03.01 n20degC_Cycle_4_Pan18650PF,4715,13.217724800109863,15.609885215759277,13.189414978027344,15.58696460723877,15.192038536071777,17.904359817504883,A2-0,13,ood(-20C),S1
06-25-17_10.31 n20degC_US06_Pan18650PF,2333,17.03714370727539,19.30397605895996,16.91422462463379,19.17055892944336,20.965356826782227,23.534231185913086,A2-0,13,ood(-20C),S1
03-21-17_00.29 25degC_UDDS_Pan18650PF,22119,1.5091198682785034,1.0068070888519287,1.4729361534118652,0.8546338677406311,2.8923842906951904,3.845229148864746,A2-0,42,val(25C),S1
03-18-17_02.17 25degC_Cycle_1_Pan18650PF,10655,0.5577367544174194,0.7172539234161377,0.4274957478046417,0.5968477129936218,2.8576183319091797,1.7040395736694336,A2-0,42,test_id(25C),S1
03-19-17_03.25 25degC_Cycle_2_Pan18650PF,10819,0.7980073094367981,0.6634761691093445,0.6773711442947388,0.44373008608818054,3.8061656951904297,3.603604793548584,A2-0,42,test_id(25C),S1
03-19-17_09.07 25degC_Cycle_3_Pan18650PF,9936,0.5716968774795532,0.45447948575019836,0.526796817779541,0.35534703731536865,1.0240869522094727,1.7208688259124756,A2-0,42,test_id(25C),S1
03-19-17_14.31 25degC_Cycle_4_Pan18650PF,11778,0.9032625555992126,0.6728492975234985,0.7918484807014465,0.4517073631286621,3.374241828918457,3.410383462905884,A2-0,42,test_id(25C),S1
03-27-17_09.06 10degC_HWFET_Pan18650PF,10263,2.4030654430389404,2.440009117126465,1.952929139137268,1.9592281579971313,8.288605690002441,7.412379264831543,A2-0,42,ood(10C),S1
03-27-17_09.06 10degC_LA92_Pan18650PF,15817,1.838112235069275,2.5897390842437744,1.6532007455825806,2.3248980045318604,3.1014151573181152,4.405583381652832,A2-0,42,ood(10C),S1
03-27-17_09.06 10degC_NN_Pan18650PF,13750,1.384708285331726,2.028428077697754,1.2487564086914062,1.8207587003707886,2.603825330734253,3.9532992839813232,A2-0,42,ood(10C),S1
03-27-17_09.06 10degC_UDDS_Pan18650PF,24281,0.7483742237091064,1.4234546422958374,0.6570649743080139,1.3263059854507446,2.0992648601531982,4.017749786376953,A2-0,42,ood(10C),S1
03-27-17_09.06 10degC_US06_Pan18650PF,3882,2.582253932952881,3.2347254753112793,2.5074548721313477,3.194166898727417,3.63446307182312,4.449477195739746,A2-0,42,ood(10C),S1
03-28-17_12.51 10degC_Cycle_1_Pan18650PF,9067,1.8653419017791748,2.779294490814209,1.7895753383636475,2.7006468772888184,2.5742242336273193,3.9699387550354004,A2-0,42,ood(10C),S1
03-28-17_18.18 10degC_Cycle_2_Pan18650PF,7795,3.0697789192199707,3.9069766998291016,3.0289480686187744,3.8664252758026123,4.284008502960205,5.462065696716309,A2-0,42,ood(10C),S1
04-05-17_17.04 10degC_Cycle_3_Pan18650PF,9769,2.631728172302246,3.5367491245269775,2.4990668296813965,3.405606508255005,6.371574878692627,6.138998985290527,A2-0,42,ood(10C),S1
04-05-17_22.50 10degC_Cycle_4_Pan18650PF,9589,1.091448426246643,1.8975692987442017,1.0099141597747803,1.7560575008392334,1.8464959859848022,3.0150651931762695,A2-0,42,ood(10C),S1
05-30-17_12.56 0degC_Cycle_1_Pan18650PF,8487,4.934931755065918,5.43756628036499,4.733814239501953,5.0553879737854,7.470005512237549,8.192535400390625,A2-0,42,ood(0C),S1
05-30-17_20.16 0degC_Cycle_2_Pan18650PF,8060,5.283172130584717,5.77596378326416,4.996809482574463,5.260551929473877,9.116023063659668,10.203203201293945,A2-0,42,ood(0C),S1
06-01-17_10.36 0degC_LA92_Pan18650PF,15077,2.095378875732422,2.8539066314697266,1.7240800857543945,2.4220190048217773,3.831493616104126,5.032938480377197,A2-0,42,ood(0C),S1
06-01-17_10.36 0degC_NN_Pan18650PF,13148,1.457082748413086,2.0772640705108643,1.2210693359375,1.7685353755950928,3.2343292236328125,4.440059661865234,A2-0,42,ood(0C),S1
06-01-17_15.36 0degC_Cycle_3_Pan18650PF,5931,6.142489433288574,6.941256999969482,5.865081310272217,6.583376884460449,8.96208667755127,10.227819442749023,A2-0,42,ood(0C),S1
06-01-17_22.03 0degC_Cycle_4_Pan18650PF,7389,3.171359062194824,4.179481029510498,3.049534559249878,4.074361801147461,4.093801021575928,5.41039514541626,A2-0,42,ood(0C),S1
06-02-17_04.58 0degC_US06_Pan18650PF,3344,6.671102523803711,7.430613994598389,6.200530529022217,6.855778217315674,8.390694618225098,9.760169982910156,A2-0,42,ood(0C),S1
06-02-17_10.43 0degC_HWFET_Pan18650PF,5670,7.212000370025635,7.777283191680908,6.990440368652344,7.556681156158447,9.013738632202148,10.185797691345215,A2-0,42,ood(0C),S1
06-02-17_17.14 0degC_UDDS_Pan18650PF,12540,3.190485954284668,4.26576042175293,2.9935877323150635,4.114893436431885,4.677614212036133,6.023867607116699,A2-0,42,ood(0C),S1
06-07-17_08.39 n10degC_HWFET_Pan18650PF,11951,3.4016926288604736,3.9721853733062744,2.381418228149414,2.96236252784729,8.346379280090332,10.11490249633789,A2-0,42,ood(-10C),S1
06-07-17_08.39 n10degC_LA92_Pan18650PF,13765,3.662468671798706,4.372113227844238,2.644167900085449,3.3490235805511475,8.308347702026367,9.863116264343262,A2-0,42,ood(-10C),S1
06-07-17_08.39 n10degC_UDDS_Pan18650PF,17786,4.724403381347656,5.585173606872559,3.6963131427764893,4.570890426635742,8.852611541748047,10.460539817810059,A2-0,42,ood(-10C),S1
06-07-17_08.39 n10degC_US06_Pan18650PF,9929,1.5720794200897217,2.049185276031494,1.2001672983169556,1.644155740737915,4.790685653686523,5.581895351409912,A2-0,42,ood(-10C),S1
06-10-17_11.25 n10degC_Cycle_1_Pan18650PF,5706,6.60512638092041,7.580795764923096,6.451104164123535,7.44894552230835,8.205490112304688,9.753732681274414,A2-0,42,ood(-10C),S1
06-10-17_18.35 n10degC_Cycle_2_Pan18650PF,5654,12.16176986694336,13.228889465332031,12.135697364807129,13.208148956298828,13.866462707519531,14.748739242553711,A2-0,42,ood(-10C),S1
06-11-17_01.39 n10degC_Cycle_3_Pan18650PF,5368,12.64407730102539,13.622177124023438,12.542119026184082,13.529695510864258,16.49686050415039,17.04483413696289,A2-0,42,ood(-10C),S1
06-11-17_08.42 n10degC_Cycle_4_Pan18650PF,5791,5.355126857757568,6.323070049285889,4.935229301452637,5.829475402832031,8.565593719482422,10.501581192016602,A2-0,42,ood(-10C),S1
06-14-17_13.12 n10degC_NN_Pan18650PF,4939,11.515380859375,12.533230781555176,11.487773895263672,12.50500202178955,13.074525833129883,13.907773971557617,A2-0,42,ood(-10C),S1
06-23-17_23.35 n20degC_HWFET_Pan18650PF,11042,1.3390394449234009,2.006002187728882,0.9279404282569885,1.6627799272537231,4.9586405754089355,6.667133331298828,A2-0,42,ood(-20C),S1
06-23-17_23.35 n20degC_LA92_Pan18650PF,12521,1.699766755104065,2.438491106033325,1.2532685995101929,2.0593554973602295,5.283014297485352,6.792271614074707,A2-0,42,ood(-20C),S1
06-23-17_23.35 n20degC_NN_Pan18650PF,11350,1.1017630100250244,1.5133788585662842,0.8814716339111328,1.1695935726165771,3.7301185131073,4.992068290710449,A2-0,42,ood(-20C),S1
06-23-17_23.35 n20degC_UDDS_Pan18650PF,15753,5.160928726196289,5.984999179840088,3.931597948074341,4.805744171142578,10.603472709655762,12.461769104003906,A2-0,42,ood(-20C),S1
06-24-17_04.29 n20degC_Cycle_1_Pan18650PF,4752,17.6080379486084,18.596744537353516,17.551179885864258,18.545196533203125,20.16110610961914,21.37652015686035,A2-0,42,ood(-20C),S1
06-24-17_11.58 n20degC_Cycle_2_Pan18650PF,4718,16.20331382751465,17.278945922851562,16.175241470336914,17.245098114013672,19.785266876220703,20.838651657104492,A2-0,42,ood(-20C),S1
06-24-17_19.29 n20degC_Cycle_3_Pan18650PF,4695,16.29913330078125,17.25836753845215,16.251310348510742,17.216264724731445,21.421072006225586,22.86958122253418,A2-0,42,ood(-20C),S1
06-25-17_03.01 n20degC_Cycle_4_Pan18650PF,4715,13.217724800109863,14.299888610839844,13.189414978027344,14.268568992614746,15.192038536071777,16.475021362304688,A2-0,42,ood(-20C),S1
06-25-17_10.31 n20degC_US06_Pan18650PF,2333,17.03714370727539,18.068815231323242,16.91422462463379,17.93934440612793,20.965356826782227,22.70032501220703,A2-0,42,ood(-20C),S1
03-21-17_00.29 25degC_UDDS_Pan18650PF,22119,1.5091198682785034,1.080152988433838,1.4729361534118652,0.9363548159599304,2.8923842906951904,4.025827407836914,A2-0,101,val(25C),S1
03-18-17_02.17 25degC_Cycle_1_Pan18650PF,10655,0.5577367544174194,0.6965458393096924,0.4274957478046417,0.5884595513343811,2.8576183319091797,2.3541884422302246,A2-0,101,test_id(25C),S1
03-19-17_03.25 25degC_Cycle_2_Pan18650PF,10819,0.7980073094367981,0.6909316778182983,0.6773711442947388,0.4563565254211426,3.8061656951904297,3.433681011199951,A2-0,101,test_id(25C),S1
03-19-17_09.07 25degC_Cycle_3_Pan18650PF,9936,0.5716968774795532,0.41288986802101135,0.526796817779541,0.2818402051925659,1.0240869522094727,1.6981067657470703,A2-0,101,test_id(25C),S1
03-19-17_14.31 25degC_Cycle_4_Pan18650PF,11778,0.9032625555992126,0.6360763907432556,0.7918484807014465,0.48390811681747437,3.374241828918457,3.2403948307037354,A2-0,101,test_id(25C),S1
03-27-17_09.06 10degC_HWFET_Pan18650PF,10263,2.4030654430389404,2.6800601482391357,1.952929139137268,2.04156494140625,8.288605690002441,8.084792137145996,A2-0,101,ood(10C),S1
03-27-17_09.06 10degC_LA92_Pan18650PF,15817,1.838112235069275,2.423593521118164,1.6532007455825806,2.071823835372925,3.1014151573181152,4.06226921081543,A2-0,101,ood(10C),S1
03-27-17_09.06 10degC_NN_Pan18650PF,13750,1.384708285331726,1.8929141759872437,1.2487564086914062,1.5944992303848267,2.603825330734253,3.456207275390625,A2-0,101,ood(10C),S1
03-27-17_09.06 10degC_UDDS_Pan18650PF,24281,0.7483742237091064,1.202339768409729,0.6570649743080139,1.0763750076293945,2.0992648601531982,3.1843667030334473,A2-0,101,ood(10C),S1
03-27-17_09.06 10degC_US06_Pan18650PF,3882,2.582253932952881,3.241551399230957,2.5074548721313477,3.2040414810180664,3.63446307182312,4.275477409362793,A2-0,101,ood(10C),S1
03-28-17_12.51 10degC_Cycle_1_Pan18650PF,9067,1.8653419017791748,2.601482629776001,1.7895753383636475,2.558617353439331,2.5742242336273193,3.405571222305298,A2-0,101,ood(10C),S1
03-28-17_18.18 10degC_Cycle_2_Pan18650PF,7795,3.0697789192199707,3.838096857070923,3.0289480686187744,3.8103787899017334,4.284008502960205,5.374628067016602,A2-0,101,ood(10C),S1
04-05-17_17.04 10degC_Cycle_3_Pan18650PF,9769,2.631728172302246,3.3587474822998047,2.4990668296813965,3.2267985343933105,6.371574878692627,7.382237434387207,A2-0,101,ood(10C),S1
04-05-17_22.50 10degC_Cycle_4_Pan18650PF,9589,1.091448426246643,1.7888166904449463,1.0099141597747803,1.6974623203277588,1.8464959859848022,2.74269700050354,A2-0,101,ood(10C),S1
05-30-17_12.56 0degC_Cycle_1_Pan18650PF,8487,4.934931755065918,5.785735607147217,4.733814239501953,5.592029571533203,7.470005512237549,8.967686653137207,A2-0,101,ood(0C),S1
05-30-17_20.16 0degC_Cycle_2_Pan18650PF,8060,5.283172130584717,6.097026824951172,4.996809482574463,5.767096519470215,9.116023063659668,10.146190643310547,A2-0,101,ood(0C),S1
06-01-17_10.36 0degC_LA92_Pan18650PF,15077,2.095378875732422,2.643887519836426,1.7240800857543945,2.0020463466644287,3.831493616104126,4.76667594909668,A2-0,101,ood(0C),S1
06-01-17_10.36 0degC_NN_Pan18650PF,13148,1.457082748413086,1.8831323385238647,1.2210693359375,1.3534245491027832,3.2343292236328125,4.167672157287598,A2-0,101,ood(0C),S1
06-01-17_15.36 0degC_Cycle_3_Pan18650PF,5931,6.142489433288574,6.881772994995117,5.865081310272217,6.556137561798096,8.96208667755127,10.173644065856934,A2-0,101,ood(0C),S1
06-01-17_22.03 0degC_Cycle_4_Pan18650PF,7389,3.171359062194824,3.99075984954834,3.049534559249878,3.894005298614502,4.093801021575928,5.089694976806641,A2-0,101,ood(0C),S1
06-02-17_04.58 0degC_US06_Pan18650PF,3344,6.671102523803711,7.446750640869141,6.200530529022217,6.899565696716309,8.390694618225098,9.630285263061523,A2-0,101,ood(0C),S1
06-02-17_10.43 0degC_HWFET_Pan18650PF,5670,7.212000370025635,7.988089561462402,6.990440368652344,7.78122091293335,9.013738632202148,10.068570137023926,A2-0,101,ood(0C),S1
06-02-17_17.14 0degC_UDDS_Pan18650PF,12540,3.190485954284668,3.993656635284424,2.9935877323150635,3.827688694000244,4.677614212036133,5.681015968322754,A2-0,101,ood(0C),S1
06-07-17_08.39 n10degC_HWFET_Pan18650PF,11951,3.4016926288604736,3.8540759086608887,2.381418228149414,2.506157636642456,8.346379280090332,9.144685745239258,A2-0,101,ood(-10C),S1
06-07-17_08.39 n10degC_LA92_Pan18650PF,13765,3.662468671798706,4.180261611938477,2.644167900085449,2.8657896518707275,8.308347702026367,9.223827362060547,A2-0,101,ood(-10C),S1
06-07-17_08.39 n10degC_UDDS_Pan18650PF,17786,4.724403381347656,5.3295769691467285,3.6963131427764893,4.094179630279541,8.852611541748047,9.776721954345703,A2-0,101,ood(-10C),S1
06-07-17_08.39 n10degC_US06_Pan18650PF,9929,1.5720794200897217,1.8729442358016968,1.2001672983169556,1.1231595277786255,4.790685653686523,5.500394344329834,A2-0,101,ood(-10C),S1
06-10-17_11.25 n10degC_Cycle_1_Pan18650PF,5706,6.60512638092041,7.4262003898620605,6.451104164123535,7.293733596801758,8.205490112304688,8.942340850830078,A2-0,101,ood(-10C),S1
06-10-17_18.35 n10degC_Cycle_2_Pan18650PF,5654,12.16176986694336,13.000621795654297,12.135697364807129,12.976137161254883,13.866462707519531,14.910391807556152,A2-0,101,ood(-10C),S1
06-11-17_01.39 n10degC_Cycle_3_Pan18650PF,5368,12.64407730102539,13.481298446655273,12.542119026184082,13.38448429107666,16.49686050415039,17.41669273376465,A2-0,101,ood(-10C),S1
06-11-17_08.42 n10degC_Cycle_4_Pan18650PF,5791,5.355126857757568,6.119591236114502,4.935229301452637,5.644433975219727,8.565593719482422,9.493947982788086,A2-0,101,ood(-10C),S1
06-14-17_13.12 n10degC_NN_Pan18650PF,4939,11.515380859375,12.362313270568848,11.487773895263672,12.334484100341797,13.074525833129883,14.057489395141602,A2-0,101,ood(-10C),S1
06-23-17_23.35 n20degC_HWFET_Pan18650PF,11042,1.3390394449234009,1.6933512687683105,0.9279404282569885,1.110058069229126,4.9586405754089355,5.792338848114014,A2-0,101,ood(-20C),S1
06-23-17_23.35 n20degC_LA92_Pan18650PF,12521,1.699766755104065,2.1730096340179443,1.2532685995101929,1.5216174125671387,5.283014297485352,6.1865315437316895,A2-0,101,ood(-20C),S1
06-23-17_23.35 n20degC_NN_Pan18650PF,11350,1.1017630100250244,1.1277189254760742,0.8814716339111328,0.6006997227668762,3.7301185131073,4.654315948486328,A2-0,101,ood(-20C),S1
06-23-17_23.35 n20degC_UDDS_Pan18650PF,15753,5.160928726196289,5.761237144470215,3.931597948074341,4.29148006439209,10.603472709655762,11.523398399353027,A2-0,101,ood(-20C),S1
06-24-17_04.29 n20degC_Cycle_1_Pan18650PF,4752,17.6080379486084,18.452701568603516,17.551179885864258,18.395273208618164,20.16110610961914,21.116680145263672,A2-0,101,ood(-20C),S1
06-24-17_11.58 n20degC_Cycle_2_Pan18650PF,4718,16.20331382751465,17.039581298828125,16.175241470336914,17.011550903320312,19.785266876220703,20.666736602783203,A2-0,101,ood(-20C),S1
06-24-17_19.29 n20degC_Cycle_3_Pan18650PF,4695,16.29913330078125,17.128944396972656,16.251310348510742,17.08235740661621,21.421072006225586,22.48362922668457,A2-0,101,ood(-20C),S1
06-25-17_03.01 n20degC_Cycle_4_Pan18650PF,4715,13.217724800109863,14.082636833190918,13.189414978027344,14.051249504089355,15.192038536071777,16.435503005981445,A2-0,101,ood(-20C),S1
06-25-17_10.31 n20degC_US06_Pan18650PF,2333,17.03714370727539,17.947021484375,16.91422462463379,17.83384895324707,20.965356826782227,21.969858169555664,A2-0,101,ood(-20C),S1
03-21-17_00.29 25degC_UDDS_Pan18650PF,22119,1.5091198682785034,1.0582656860351562,1.4729361534118652,0.9140238165855408,2.8923842906951904,3.8319339752197266,A2-0,202,val(25C),S1
03-18-17_02.17 25degC_Cycle_1_Pan18650PF,10655,0.5577367544174194,0.7229868173599243,0.4274957478046417,0.591137707233429,2.8576183319091797,2.617757558822632,A2-0,202,test_id(25C),S1
03-19-17_03.25 25degC_Cycle_2_Pan18650PF,10819,0.7980073094367981,0.7142772674560547,0.6773711442947388,0.485049843788147,3.8061656951904297,3.932509422302246,A2-0,202,test_id(25C),S1
03-19-17_09.07 25degC_Cycle_3_Pan18650PF,9936,0.5716968774795532,0.4683433771133423,0.526796817779541,0.3211635947227478,1.0240869522094727,1.6760834455490112,A2-0,202,test_id(25C),S1
03-19-17_14.31 25degC_Cycle_4_Pan18650PF,11778,0.9032625555992126,0.7910338044166565,0.7918484807014465,0.5335351228713989,3.374241828918457,3.7729837894439697,A2-0,202,test_id(25C),S1
03-27-17_09.06 10degC_HWFET_Pan18650PF,10263,2.4030654430389404,2.614041566848755,1.952929139137268,2.1242034435272217,8.288605690002441,8.23054027557373,A2-0,202,ood(10C),S1
03-27-17_09.06 10degC_LA92_Pan18650PF,15817,1.838112235069275,2.4478607177734375,1.6532007455825806,2.1827831268310547,3.1014151573181152,4.275576591491699,A2-0,202,ood(10C),S1
03-27-17_09.06 10degC_NN_Pan18650PF,13750,1.384708285331726,1.932604193687439,1.2487564086914062,1.7182029485702515,2.603825330734253,3.7057504653930664,A2-0,202,ood(10C),S1
03-27-17_09.06 10degC_UDDS_Pan18650PF,24281,0.7483742237091064,1.267876386642456,0.6570649743080139,1.1827486753463745,2.0992648601531982,3.1255345344543457,A2-0,202,ood(10C),S1
03-27-17_09.06 10degC_US06_Pan18650PF,3882,2.582253932952881,3.219320297241211,2.5074548721313477,3.160796642303467,3.63446307182312,4.570851802825928,A2-0,202,ood(10C),S1
03-28-17_12.51 10degC_Cycle_1_Pan18650PF,9067,1.8653419017791748,2.637601137161255,1.7895753383636475,2.5784642696380615,2.5742242336273193,3.7588863372802734,A2-0,202,ood(10C),S1
03-28-17_18.18 10degC_Cycle_2_Pan18650PF,7795,3.0697789192199707,3.8140828609466553,3.0289480686187744,3.7751662731170654,4.284008502960205,5.635705471038818,A2-0,202,ood(10C),S1
04-05-17_17.04 10degC_Cycle_3_Pan18650PF,9769,2.631728172302246,3.3900821208953857,2.4990668296813965,3.24788498878479,6.371574878692627,6.681606769561768,A2-0,202,ood(10C),S1
04-05-17_22.50 10degC_Cycle_4_Pan18650PF,9589,1.091448426246643,1.8218798637390137,1.0099141597747803,1.7099308967590332,1.8464959859848022,2.8762478828430176,A2-0,202,ood(10C),S1
05-30-17_12.56 0degC_Cycle_1_Pan18650PF,8487,4.934931755065918,5.794557094573975,4.733814239501953,5.566349983215332,7.470005512237549,9.42402458190918,A2-0,202,ood(0C),S1
05-30-17_20.16 0degC_Cycle_2_Pan18650PF,8060,5.283172130584717,6.078315734863281,4.996809482574463,5.722228527069092,9.116023063659668,10.453832626342773,A2-0,202,ood(0C),S1
06-01-17_10.36 0degC_LA92_Pan18650PF,15077,2.095378875732422,2.6580617427825928,1.7240800857543945,2.2242770195007324,3.831493616104126,4.713222026824951,A2-0,202,ood(0C),S1
06-01-17_10.36 0degC_NN_Pan18650PF,13148,1.457082748413086,1.9238725900650024,1.2210693359375,1.6125940084457397,3.2343292236328125,4.170690536499023,A2-0,202,ood(0C),S1
06-01-17_15.36 0degC_Cycle_3_Pan18650PF,5931,6.142489433288574,6.795267105102539,5.865081310272217,6.455806732177734,8.96208667755127,10.113503456115723,A2-0,202,ood(0C),S1
06-01-17_22.03 0degC_Cycle_4_Pan18650PF,7389,3.171359062194824,3.9874331951141357,3.049534559249878,3.880974292755127,4.093801021575928,5.369248390197754,A2-0,202,ood(0C),S1
06-02-17_04.58 0degC_US06_Pan18650PF,3344,6.671102523803711,7.286987781524658,6.200530529022217,6.728215217590332,8.390694618225098,9.554716110229492,A2-0,202,ood(0C),S1
06-02-17_10.43 0degC_HWFET_Pan18650PF,5670,7.212000370025635,8.001298904418945,6.990440368652344,7.791582107543945,9.013738632202148,10.325913429260254,A2-0,202,ood(0C),S1
06-02-17_17.14 0degC_UDDS_Pan18650PF,12540,3.190485954284668,4.054317951202393,2.9935877323150635,3.8592355251312256,4.677614212036133,5.986088275909424,A2-0,202,ood(0C),S1
06-07-17_08.39 n10degC_HWFET_Pan18650PF,11951,3.4016926288604736,3.8968000411987305,2.381418228149414,2.8682093620300293,8.346379280090332,9.262846946716309,A2-0,202,ood(-10C),S1
06-07-17_08.39 n10degC_LA92_Pan18650PF,13765,3.662468671798706,4.184588432312012,2.644167900085449,3.1724867820739746,8.308347702026367,9.143199920654297,A2-0,202,ood(-10C),S1
06-07-17_08.39 n10degC_UDDS_Pan18650PF,17786,4.724403381347656,5.376272201538086,3.6963131427764893,4.371983528137207,8.852611541748047,10.014464378356934,A2-0,202,ood(-10C),S1
06-07-17_08.39 n10degC_US06_Pan18650PF,9929,1.5720794200897217,1.9174830913543701,1.2001672983169556,1.5004292726516724,4.790685653686523,5.765152454376221,A2-0,202,ood(-10C),S1
06-10-17_11.25 n10degC_Cycle_1_Pan18650PF,5706,6.60512638092041,7.401330471038818,6.451104164123535,7.287722587585449,8.205490112304688,9.11212158203125,A2-0,202,ood(-10C),S1
06-10-17_18.35 n10degC_Cycle_2_Pan18650PF,5654,12.16176986694336,12.927483558654785,12.135697364807129,12.900714874267578,13.866462707519531,14.828125,A2-0,202,ood(-10C),S1
06-11-17_01.39 n10degC_Cycle_3_Pan18650PF,5368,12.64407730102539,13.377659797668457,12.542119026184082,13.27869701385498,16.49686050415039,17.20647621154785,A2-0,202,ood(-10C),S1
06-11-17_08.42 n10degC_Cycle_4_Pan18650PF,5791,5.355126857757568,6.040674209594727,4.935229301452637,5.599563121795654,8.565593719482422,9.441744804382324,A2-0,202,ood(-10C),S1
06-14-17_13.12 n10degC_NN_Pan18650PF,4939,11.515380859375,12.270598411560059,11.487773895263672,12.235129356384277,13.074525833129883,13.999013900756836,A2-0,202,ood(-10C),S1
06-23-17_23.35 n20degC_HWFET_Pan18650PF,11042,1.3390394449234009,1.8741273880004883,0.9279404282569885,1.5652176141738892,4.9586405754089355,5.647598743438721,A2-0,202,ood(-20C),S1
06-23-17_23.35 n20degC_LA92_Pan18650PF,12521,1.699766755104065,2.2976906299591064,1.2532685995101929,1.9319030046463013,5.283014297485352,6.065281391143799,A2-0,202,ood(-20C),S1
06-23-17_23.35 n20degC_NN_Pan18650PF,11350,1.1017630100250244,1.3424954414367676,0.8814716339111328,1.044731855392456,3.7301185131073,4.470449447631836,A2-0,202,ood(-20C),S1
06-23-17_23.35 n20degC_UDDS_Pan18650PF,15753,5.160928726196289,5.846922874450684,3.931597948074341,4.664256572723389,10.603472709655762,11.32380485534668,A2-0,202,ood(-20C),S1
06-24-17_04.29 n20degC_Cycle_1_Pan18650PF,4752,17.6080379486084,18.378021240234375,17.551179885864258,18.315439224243164,20.16110610961914,21.396520614624023,A2-0,202,ood(-20C),S1
06-24-17_11.58 n20degC_Cycle_2_Pan18650PF,4718,16.20331382751465,16.93355369567871,16.175241470336914,16.897600173950195,19.785266876220703,20.67707633972168,A2-0,202,ood(-20C),S1
06-24-17_19.29 n20degC_Cycle_3_Pan18650PF,4695,16.29913330078125,16.98824119567871,16.251310348510742,16.946489334106445,21.421072006225586,22.222570419311523,A2-0,202,ood(-20C),S1
06-25-17_03.01 n20degC_Cycle_4_Pan18650PF,4715,13.217724800109863,14.030953407287598,13.189414978027344,13.988037109375,15.192038536071777,16.464879989624023,A2-0,202,ood(-20C),S1
06-25-17_10.31 n20degC_US06_Pan18650PF,2333,17.03714370727539,17.69198989868164,16.91422462463379,17.571313858032227,20.965356826782227,21.7971248626709,A2-0,202,ood(-20C),S1
03-21-17_00.29 25degC_UDDS_Pan18650PF,22119,1.5091198682785034,1.015852451324463,1.4729361534118652,0.8610360026359558,2.8923842906951904,3.8275673389434814,A2-0,303,val(25C),S1
03-18-17_02.17 25degC_Cycle_1_Pan18650PF,10655,0.5577367544174194,0.715183675289154,0.4274957478046417,0.5923455357551575,2.8576183319091797,2.283362865447998,A2-0,303,test_id(25C),S1
03-19-17_03.25 25degC_Cycle_2_Pan18650PF,10819,0.7980073094367981,0.7242509722709656,0.6773711442947388,0.4617902338504791,3.8061656951904297,3.882599353790283,A2-0,303,test_id(25C),S1
03-19-17_09.07 25degC_Cycle_3_Pan18650PF,9936,0.5716968774795532,0.4427875876426697,0.526796817779541,0.309548944234848,1.0240869522094727,1.4974769353866577,A2-0,303,test_id(25C),S1
03-19-17_14.31 25degC_Cycle_4_Pan18650PF,11778,0.9032625555992126,0.7286547422409058,0.7918484807014465,0.521113395690918,3.374241828918457,3.5099282264709473,A2-0,303,test_id(25C),S1
03-27-17_09.06 10degC_HWFET_Pan18650PF,10263,2.4030654430389404,2.9033401012420654,1.952929139137268,2.3744430541992188,8.288605690002441,8.314462661743164,A2-0,303,ood(10C),S1
03-27-17_09.06 10degC_LA92_Pan18650PF,15817,1.838112235069275,2.810253858566284,1.6532007455825806,2.5220773220062256,3.1014151573181152,4.591548919677734,A2-0,303,ood(10C),S1
03-27-17_09.06 10degC_NN_Pan18650PF,13750,1.384708285331726,2.254760980606079,1.2487564086914062,2.0278987884521484,2.603825330734253,3.9870028495788574,A2-0,303,ood(10C),S1
03-27-17_09.06 10degC_UDDS_Pan18650PF,24281,0.7483742237091064,1.5795564651489258,0.6570649743080139,1.4744610786437988,2.0992648601531982,3.388568639755249,A2-0,303,ood(10C),S1
03-27-17_09.06 10degC_US06_Pan18650PF,3882,2.582253932952881,3.5187995433807373,2.5074548721313477,3.476661205291748,3.63446307182312,4.734251499176025,A2-0,303,ood(10C),S1
03-28-17_12.51 10degC_Cycle_1_Pan18650PF,9067,1.8653419017791748,2.9884393215179443,1.7895753383636475,2.9380946159362793,2.5742242336273193,3.9908947944641113,A2-0,303,ood(10C),S1
03-28-17_18.18 10degC_Cycle_2_Pan18650PF,7795,3.0697789192199707,4.218473434448242,3.0289480686187744,4.187933921813965,4.284008502960205,5.711130142211914,A2-0,303,ood(10C),S1
04-05-17_17.04 10degC_Cycle_3_Pan18650PF,9769,2.631728172302246,3.735247850418091,2.4990668296813965,3.6190755367279053,6.371574878692627,6.9303789138793945,A2-0,303,ood(10C),S1
04-05-17_22.50 10degC_Cycle_4_Pan18650PF,9589,1.091448426246643,2.1568551063537598,1.0099141597747803,2.0750577449798584,1.8464959859848022,3.144537925720215,A2-0,303,ood(10C),S1
05-30-17_12.56 0degC_Cycle_1_Pan18650PF,8487,4.934931755065918,6.17336893081665,4.733814239501953,5.990248680114746,7.470005512237549,9.357553482055664,A2-0,303,ood(0C),S1
05-30-17_20.16 0degC_Cycle_2_Pan18650PF,8060,5.283172130584717,6.5118088722229,4.996809482574463,6.1768975257873535,9.116023063659668,10.624021530151367,A2-0,303,ood(0C),S1
06-01-17_10.36 0degC_LA92_Pan18650PF,15077,2.095378875732422,3.0505406856536865,1.7240800857543945,2.6068294048309326,3.831493616104126,5.395918846130371,A2-0,303,ood(0C),S1
06-01-17_10.36 0degC_NN_Pan18650PF,13148,1.457082748413086,2.270838975906372,1.2210693359375,1.9566813707351685,3.2343292236328125,4.604173183441162,A2-0,303,ood(0C),S1
06-01-17_15.36 0degC_Cycle_3_Pan18650PF,5931,6.142489433288574,7.225674629211426,5.865081310272217,6.874905109405518,8.96208667755127,10.611252784729004,A2-0,303,ood(0C),S1
06-01-17_22.03 0degC_Cycle_4_Pan18650PF,7389,3.171359062194824,4.423630714416504,3.049534559249878,4.331178665161133,4.093801021575928,5.732293128967285,A2-0,303,ood(0C),S1
06-02-17_04.58 0degC_US06_Pan18650PF,3344,6.671102523803711,7.736216068267822,6.200530529022217,7.170788764953613,8.390694618225098,10.149097442626953,A2-0,303,ood(0C),S1
06-02-17_10.43 0degC_HWFET_Pan18650PF,5670,7.212000370025635,8.406734466552734,6.990440368652344,8.204716682434082,9.013738632202148,10.568843841552734,A2-0,303,ood(0C),S1
06-02-17_17.14 0degC_UDDS_Pan18650PF,12540,3.190485954284668,4.443190574645996,2.9935877323150635,4.2864155769348145,4.677614212036133,6.330092430114746,A2-0,303,ood(0C),S1
06-07-17_08.39 n10degC_HWFET_Pan18650PF,11951,3.4016926288604736,4.2298712730407715,2.381418228149414,3.2061712741851807,8.346379280090332,9.564885139465332,A2-0,303,ood(-10C),S1
06-07-17_08.39 n10degC_LA92_Pan18650PF,13765,3.662468671798706,4.591686248779297,2.644167900085449,3.5646603107452393,8.308347702026367,9.907035827636719,A2-0,303,ood(-10C),S1
06-07-17_08.39 n10degC_UDDS_Pan18650PF,17786,4.724403381347656,5.800512790679932,3.6963131427764893,4.7823591232299805,8.852611541748047,10.410626411437988,A2-0,303,ood(-10C),S1
06-07-17_08.39 n10degC_US06_Pan18650PF,9929,1.5720794200897217,2.2916100025177,1.2001672983169556,1.8583883047103882,4.790685653686523,6.249917984008789,A2-0,303,ood(-10C),S1
06-10-17_11.25 n10degC_Cycle_1_Pan18650PF,5706,6.60512638092041,7.9053144454956055,6.451104164123535,7.785395622253418,8.205490112304688,9.427966117858887,A2-0,303,ood(-10C),S1
06-10-17_18.35 n10degC_Cycle_2_Pan18650PF,5654,12.16176986694336,13.486668586730957,12.135697364807129,13.464290618896484,13.866462707519531,15.207619667053223,A2-0,303,ood(-10C),S1
06-11-17_01.39 n10degC_Cycle_3_Pan18650PF,5368,12.64407730102539,13.962190628051758,12.542119026184082,13.873213768005371,16.49686050415039,17.731082916259766,A2-0,303,ood(-10C),S1
06-11-17_08.42 n10degC_Cycle_4_Pan18650PF,5791,5.355126857757568,6.595348358154297,4.935229301452637,6.114669322967529,8.565593719482422,10.242429733276367,A2-0,303,ood(-10C),S1
06-14-17_13.12 n10degC_NN_Pan18650PF,4939,11.515380859375,12.808941841125488,11.487773895263672,12.781562805175781,13.074525833129883,14.409591674804688,A2-0,303,ood(-10C),S1
06-23-17_23.35 n20degC_HWFET_Pan18650PF,11042,1.3390394449234009,2.2078497409820557,0.9279404282569885,1.8732329607009888,4.9586405754089355,6.370765686035156,A2-0,303,ood(-20C),S1
06-23-17_23.35 n20degC_LA92_Pan18650PF,12521,1.699766755104065,2.7033519744873047,1.2532685995101929,2.2871193885803223,5.283014297485352,6.859498500823975,A2-0,303,ood(-20C),S1
06-23-17_23.35 n20degC_NN_Pan18650PF,11350,1.1017630100250244,1.6157095432281494,0.8814716339111328,1.2908822298049927,3.7301185131073,5.259991645812988,A2-0,303,ood(-20C),S1
06-23-17_23.35 n20degC_UDDS_Pan18650PF,15753,5.160928726196289,6.299622058868408,3.931597948074341,5.060836315155029,10.603472709655762,12.269657135009766,A2-0,303,ood(-20C),S1
06-24-17_04.29 n20degC_Cycle_1_Pan18650PF,4752,17.6080379486084,19.044946670532227,17.551179885864258,18.990375518798828,20.16110610961914,21.852840423583984,A2-0,303,ood(-20C),S1
06-24-17_11.58 n20degC_Cycle_2_Pan18650PF,4718,16.20331382751465,17.612682342529297,16.175241470336914,17.584327697753906,19.785266876220703,21.112516403198242,A2-0,303,ood(-20C),S1
06-24-17_19.29 n20degC_Cycle_3_Pan18650PF,4695,16.29913330078125,17.715009689331055,16.251310348510742,17.674041748046875,21.421072006225586,22.810997009277344,A2-0,303,ood(-20C),S1
06-25-17_03.01 n20degC_Cycle_4_Pan18650PF,4715,13.217724800109863,14.6774320602417,13.189414978027344,14.644891738891602,15.192038536071777,17.283716201782227,A2-0,303,ood(-20C),S1
06-25-17_10.31 n20degC_US06_Pan18650PF,2333,17.03714370727539,18.411836624145508,16.91422462463379,18.302982330322266,20.965356826782227,22.54011344909668,A2-0,303,ood(-20C),S1
03-21-17_00.29 25degC_UDDS_Pan18650PF,22119,1.5091198682785034,1.0434985160827637,1.4729361534118652,0.9213986396789551,2.8923842906951904,3.485300064086914,A2-0,404,val(25C),S1
03-18-17_02.17 25degC_Cycle_1_Pan18650PF,10655,0.5577367544174194,0.7032902836799622,0.4274957478046417,0.5795009732246399,2.8576183319091797,2.2095718383789062,A2-0,404,test_id(25C),S1
03-19-17_03.25 25degC_Cycle_2_Pan18650PF,10819,0.7980073094367981,0.6920093297958374,0.6773711442947388,0.471824049949646,3.8061656951904297,4.476004123687744,A2-0,404,test_id(25C),S1
03-19-17_09.07 25degC_Cycle_3_Pan18650PF,9936,0.5716968774795532,0.4344484508037567,0.526796817779541,0.31643936038017273,1.0240869522094727,1.604106068611145,A2-0,404,test_id(25C),S1
03-19-17_14.31 25degC_Cycle_4_Pan18650PF,11778,0.9032625555992126,0.6588770151138306,0.7918484807014465,0.484739750623703,3.374241828918457,3.0710699558258057,A2-0,404,test_id(25C),S1
03-27-17_09.06 10degC_HWFET_Pan18650PF,10263,2.4030654430389404,2.3574137687683105,1.952929139137268,1.8882713317871094,8.288605690002441,7.4190216064453125,A2-0,404,ood(10C),S1
03-27-17_09.06 10degC_LA92_Pan18650PF,15817,1.838112235069275,2.41428279876709,1.6532007455825806,2.1490066051483154,3.1014151573181152,4.3635783195495605,A2-0,404,ood(10C),S1
03-27-17_09.06 10degC_NN_Pan18650PF,13750,1.384708285331726,1.8844451904296875,1.2487564086914062,1.6616805791854858,2.603825330734253,3.7545714378356934,A2-0,404,ood(10C),S1
03-27-17_09.06 10degC_UDDS_Pan18650PF,24281,0.7483742237091064,1.1890549659729004,0.6570649743080139,1.1048833131790161,2.0992648601531982,3.2001309394836426,A2-0,404,ood(10C),S1
03-27-17_09.06 10degC_US06_Pan18650PF,3882,2.582253932952881,3.2187321186065674,2.5074548721313477,3.145615816116333,3.63446307182312,4.626541614532471,A2-0,404,ood(10C),S1
03-28-17_12.51 10degC_Cycle_1_Pan18650PF,9067,1.8653419017791748,2.5202245712280273,1.7895753383636475,2.456664562225342,2.5742242336273193,3.5025737285614014,A2-0,404,ood(10C),S1
03-28-17_18.18 10degC_Cycle_2_Pan18650PF,7795,3.0697789192199707,3.7228548526763916,3.0289480686187744,3.6759400367736816,4.284008502960205,5.486856460571289,A2-0,404,ood(10C),S1
04-05-17_17.04 10degC_Cycle_3_Pan18650PF,9769,2.631728172302246,3.2632737159729004,2.4990668296813965,3.1211626529693604,6.371574878692627,6.05077600479126,A2-0,404,ood(10C),S1
04-05-17_22.50 10degC_Cycle_4_Pan18650PF,9589,1.091448426246643,1.7262212038040161,1.0099141597747803,1.5995720624923706,1.8464959859848022,2.9444942474365234,A2-0,404,ood(10C),S1
05-30-17_12.56 0degC_Cycle_1_Pan18650PF,8487,4.934931755065918,5.304117679595947,4.733814239501953,5.0207414627075195,7.470005512237549,8.166836738586426,A2-0,404,ood(0C),S1
05-30-17_20.16 0degC_Cycle_2_Pan18650PF,8060,5.283172130584717,5.686398029327393,4.996809482574463,5.3096842765808105,9.116023063659668,10.19858455657959,A2-0,404,ood(0C),S1
06-01-17_10.36 0degC_LA92_Pan18650PF,15077,2.095378875732422,2.545064926147461,1.7240800857543945,2.105949640274048,3.831493616104126,4.5040693283081055,A2-0,404,ood(0C),S1
06-01-17_10.36 0degC_NN_Pan18650PF,13148,1.457082748413086,1.7876970767974854,1.2210693359375,1.4794450998306274,3.2343292236328125,3.8809401988983154,A2-0,404,ood(0C),S1
06-01-17_15.36 0degC_Cycle_3_Pan18650PF,5931,6.142489433288574,6.6322021484375,5.865081310272217,6.274665832519531,8.96208667755127,10.037195205688477,A2-0,404,ood(0C),S1
06-01-17_22.03 0degC_Cycle_4_Pan18650PF,7389,3.171359062194824,3.7859370708465576,3.049534559249878,3.6681559085845947,4.093801021575928,5.261427879333496,A2-0,404,ood(0C),S1
06-02-17_04.58 0degC_US06_Pan18650PF,3344,6.671102523803711,7.181690692901611,6.200530529022217,6.62789249420166,8.390694618225098,9.484827995300293,A2-0,404,ood(0C),S1
06-02-17_10.43 0degC_HWFET_Pan18650PF,5670,7.212000370025635,7.424051761627197,6.990440368652344,7.17393684387207,9.013738632202148,10.084471702575684,A2-0,404,ood(0C),S1
06-02-17_17.14 0degC_UDDS_Pan18650PF,12540,3.190485954284668,3.913623332977295,2.9935877323150635,3.702500104904175,4.677614212036133,5.879496097564697,A2-0,404,ood(0C),S1
06-07-17_08.39 n10degC_HWFET_Pan18650PF,11951,3.4016926288604736,3.620673894882202,2.381418228149414,2.6143698692321777,8.346379280090332,8.748433113098145,A2-0,404,ood(-10C),S1
06-07-17_08.39 n10degC_LA92_Pan18650PF,13765,3.662468671798706,4.035211563110352,2.644167900085449,2.986816644668579,8.308347702026367,9.010700225830078,A2-0,404,ood(-10C),S1
06-07-17_08.39 n10degC_UDDS_Pan18650PF,17786,4.724403381347656,5.2169904708862305,3.6963131427764893,4.18556547164917,8.852611541748047,9.620238304138184,A2-0,404,ood(-10C),S1
06-07-17_08.39 n10degC_US06_Pan18650PF,9929,1.5720794200897217,1.7560203075408936,1.2001672983169556,1.3194913864135742,4.790685653686523,5.082816123962402,A2-0,404,ood(-10C),S1
06-10-17_11.25 n10degC_Cycle_1_Pan18650PF,5706,6.60512638092041,7.1122517585754395,6.451104164123535,6.9954986572265625,8.205490112304688,8.491373062133789,A2-0,404,ood(-10C),S1
06-10-17_18.35 n10degC_Cycle_2_Pan18650PF,5654,12.16176986694336,12.681782722473145,12.135697364807129,12.652718544006348,13.866462707519531,14.610544204711914,A2-0,404,ood(-10C),S1
06-11-17_01.39 n10degC_Cycle_3_Pan18650PF,5368,12.64407730102539,13.145553588867188,12.542119026184082,13.043067932128906,16.49686050415039,16.80852699279785,A2-0,404,ood(-10C),S1
06-11-17_08.42 n10degC_Cycle_4_Pan18650PF,5791,5.355126857757568,5.8609466552734375,4.935229301452637,5.416899681091309,8.565593719482422,9.285144805908203,A2-0,404,ood(-10C),S1
06-14-17_13.12 n10degC_NN_Pan18650PF,4939,11.515380859375,12.074575424194336,11.487773895263672,12.039121627807617,13.074525833129883,13.770710945129395,A2-0,404,ood(-10C),S1
06-23-17_23.35 n20degC_HWFET_Pan18650PF,11042,1.3390394449234009,1.667614221572876,0.9279404282569885,1.3258920907974243,4.9586405754089355,5.423382759094238,A2-0,404,ood(-20C),S1
06-23-17_23.35 n20degC_LA92_Pan18650PF,12521,1.699766755104065,2.1064116954803467,1.2532685995101929,1.6954766511917114,5.283014297485352,5.925558567047119,A2-0,404,ood(-20C),S1
06-23-17_23.35 n20degC_NN_Pan18650PF,11350,1.1017630100250244,1.171688199043274,0.8814716339111328,0.8697215914726257,3.7301185131073,4.245370864868164,A2-0,404,ood(-20C),S1
06-23-17_23.35 n20degC_UDDS_Pan18650PF,15753,5.160928726196289,5.680056571960449,3.931597948074341,4.438241481781006,10.603472709655762,11.347869873046875,A2-0,404,ood(-20C),S1
06-24-17_04.29 n20degC_Cycle_1_Pan18650PF,4752,17.6080379486084,18.21660804748535,17.551179885864258,18.15093231201172,20.16110610961914,21.349136352539062,A2-0,404,ood(-20C),S1
06-24-17_11.58 n20degC_Cycle_2_Pan18650PF,4718,16.20331382751465,16.740554809570312,16.175241470336914,16.711219787597656,19.785266876220703,19.956340789794922,A2-0,404,ood(-20C),S1
06-24-17_19.29 n20degC_Cycle_3_Pan18650PF,4695,16.29913330078125,16.829185485839844,16.251310348510742,16.78610610961914,21.421072006225586,22.389320373535156,A2-0,404,ood(-20C),S1
06-25-17_03.01 n20degC_Cycle_4_Pan18650PF,4715,13.217724800109863,13.85336971282959,13.189414978027344,13.808320045471191,15.192038536071777,16.30225944519043,A2-0,404,ood(-20C),S1
06-25-17_10.31 n20degC_US06_Pan18650PF,2333,17.03714370727539,17.510114669799805,16.91422462463379,17.39603614807129,20.965356826782227,21.670541763305664,A2-0,404,ood(-20C),S1
03-21-17_00.29 25degC_UDDS_Pan18650PF,22119,1.5091198682785034,1.052146553993225,1.4729361534118652,0.8990664482116699,2.8923842906951904,3.572582244873047,A2-0,505,val(25C),S1
03-18-17_02.17 25degC_Cycle_1_Pan18650PF,10655,0.5577367544174194,0.724200427532196,0.4274957478046417,0.595496416091919,2.8576183319091797,2.4142189025878906,A2-0,505,test_id(25C),S1
03-19-17_03.25 25degC_Cycle_2_Pan18650PF,10819,0.7980073094367981,0.7210284471511841,0.6773711442947388,0.4879496097564697,3.8061656951904297,4.471988201141357,A2-0,505,test_id(25C),S1
03-19-17_09.07 25degC_Cycle_3_Pan18650PF,9936,0.5716968774795532,0.42158982157707214,0.526796817779541,0.2890496551990509,1.0240869522094727,1.6959235668182373,A2-0,505,test_id(25C),S1
03-19-17_14.31 25degC_Cycle_4_Pan18650PF,11778,0.9032625555992126,0.605300784111023,0.7918484807014465,0.43740490078926086,3.374241828918457,4.145591735839844,A2-0,505,test_id(25C),S1
03-27-17_09.06 10degC_HWFET_Pan18650PF,10263,2.4030654430389404,2.812842607498169,1.952929139137268,2.3687572479248047,8.288605690002441,8.818570137023926,A2-0,505,ood(10C),S1
03-27-17_09.06 10degC_LA92_Pan18650PF,15817,1.838112235069275,2.653148889541626,1.6532007455825806,2.419278383255005,3.1014151573181152,4.21232795715332,A2-0,505,ood(10C),S1
03-27-17_09.06 10degC_NN_Pan18650PF,13750,1.384708285331726,2.139575242996216,1.2487564086914062,1.958666443824768,2.603825330734253,3.7089486122131348,A2-0,505,ood(10C),S1
03-27-17_09.06 10degC_UDDS_Pan18650PF,24281,0.7483742237091064,1.5213629007339478,0.6570649743080139,1.441001057624817,2.0992648601531982,3.4686391353607178,A2-0,505,ood(10C),S1
03-27-17_09.06 10degC_US06_Pan18650PF,3882,2.582253932952881,3.420227527618408,2.5074548721313477,3.3881752490997314,3.63446307182312,4.491865634918213,A2-0,505,ood(10C),S1
03-28-17_12.51 10degC_Cycle_1_Pan18650PF,9067,1.8653419017791748,2.871777057647705,1.7895753383636475,2.8354697227478027,2.5742242336273193,3.660281181335449,A2-0,505,ood(10C),S1
03-28-17_18.18 10degC_Cycle_2_Pan18650PF,7795,3.0697789192199707,4.087775230407715,3.0289480686187744,4.063912391662598,4.284008502960205,5.733546257019043,A2-0,505,ood(10C),S1
04-05-17_17.04 10degC_Cycle_3_Pan18650PF,9769,2.631728172302246,3.617020845413208,2.4990668296813965,3.4778385162353516,6.371574878692627,6.169681072235107,A2-0,505,ood(10C),S1
04-05-17_22.50 10degC_Cycle_4_Pan18650PF,9589,1.091448426246643,2.080305814743042,1.0099141597747803,1.990417718887329,1.8464959859848022,3.2553954124450684,A2-0,505,ood(10C),S1
05-30-17_12.56 0degC_Cycle_1_Pan18650PF,8487,4.934931755065918,5.810871124267578,4.733814239501953,5.463256359100342,7.470005512237549,9.646991729736328,A2-0,505,ood(0C),S1
05-30-17_20.16 0degC_Cycle_2_Pan18650PF,8060,5.283172130584717,6.120047092437744,4.996809482574463,5.6172590255737305,9.116023063659668,10.738973617553711,A2-0,505,ood(0C),S1
06-01-17_10.36 0degC_LA92_Pan18650PF,15077,2.095378875732422,2.9953904151916504,1.7240800857543945,2.585660219192505,3.831493616104126,4.877014636993408,A2-0,505,ood(0C),S1
06-01-17_10.36 0degC_NN_Pan18650PF,13148,1.457082748413086,2.255157709121704,1.2210693359375,1.9680780172348022,3.2343292236328125,4.271141529083252,A2-0,505,ood(0C),S1
06-01-17_15.36 0degC_Cycle_3_Pan18650PF,5931,6.142489433288574,7.288349628448486,5.865081310272217,6.919676303863525,8.96208667755127,10.509805679321289,A2-0,505,ood(0C),S1
06-01-17_22.03 0degC_Cycle_4_Pan18650PF,7389,3.171359062194824,4.403752326965332,3.049534559249878,4.29856014251709,4.093801021575928,5.846895217895508,A2-0,505,ood(0C),S1
06-02-17_04.58 0degC_US06_Pan18650PF,3344,6.671102523803711,7.663219928741455,6.200530529022217,7.087681293487549,8.390694618225098,10.037134170532227,A2-0,505,ood(0C),S1
06-02-17_10.43 0degC_HWFET_Pan18650PF,5670,7.212000370025635,8.39732837677002,6.990440368652344,8.175973892211914,9.013738632202148,10.74000072479248,A2-0,505,ood(0C),S1
06-02-17_17.14 0degC_UDDS_Pan18650PF,12540,3.190485954284668,4.532179832458496,2.9935877323150635,4.343394756317139,4.677614212036133,6.451696395874023,A2-0,505,ood(0C),S1
06-07-17_08.39 n10degC_HWFET_Pan18650PF,11951,3.4016926288604736,4.300969123840332,2.381418228149414,3.3375391960144043,8.346379280090332,9.466110229492188,A2-0,505,ood(-10C),S1
06-07-17_08.39 n10degC_LA92_Pan18650PF,13765,3.662468671798706,4.607015609741211,2.644167900085449,3.647805690765381,8.308347702026367,9.519137382507324,A2-0,505,ood(-10C),S1
06-07-17_08.39 n10degC_UDDS_Pan18650PF,17786,4.724403381347656,5.8745222091674805,3.6963131427764893,4.898257732391357,8.852611541748047,10.179605484008789,A2-0,505,ood(-10C),S1
06-07-17_08.39 n10degC_US06_Pan18650PF,9929,1.5720794200897217,2.249485492706299,1.2001672983169556,1.8964684009552002,4.790685653686523,5.901426315307617,A2-0,505,ood(-10C),S1
06-10-17_11.25 n10degC_Cycle_1_Pan18650PF,5706,6.60512638092041,7.988746166229248,6.451104164123535,7.880560398101807,8.205490112304688,9.315587043762207,A2-0,505,ood(-10C),S1
06-10-17_18.35 n10degC_Cycle_2_Pan18650PF,5654,12.16176986694336,13.529955863952637,12.135697364807129,13.50294017791748,13.866462707519531,15.494057655334473,A2-0,505,ood(-10C),S1
06-11-17_01.39 n10degC_Cycle_3_Pan18650PF,5368,12.64407730102539,14.008825302124023,12.542119026184082,13.908858299255371,16.49686050415039,17.781681060791016,A2-0,505,ood(-10C),S1
06-11-17_08.42 n10degC_Cycle_4_Pan18650PF,5791,5.355126857757568,6.571051120758057,4.935229301452637,6.142736434936523,8.565593719482422,9.532281875610352,A2-0,505,ood(-10C),S1
06-14-17_13.12 n10degC_NN_Pan18650PF,4939,11.515380859375,12.867814064025879,11.487773895263672,12.83346939086914,13.074525833129883,14.598715782165527,A2-0,505,ood(-10C),S1
06-23-17_23.35 n20degC_HWFET_Pan18650PF,11042,1.3390394449234009,2.386425733566284,0.9279404282569885,2.1090149879455566,4.9586405754089355,6.288515567779541,A2-0,505,ood(-20C),S1
06-23-17_23.35 n20degC_LA92_Pan18650PF,12521,1.699766755104065,2.8205878734588623,1.2532685995101929,2.4780850410461426,5.283014297485352,6.523755073547363,A2-0,505,ood(-20C),S1
06-23-17_23.35 n20degC_NN_Pan18650PF,11350,1.1017630100250244,1.7783640623092651,0.8814716339111328,1.5115708112716675,3.7301185131073,5.139701843261719,A2-0,505,ood(-20C),S1
06-23-17_23.35 n20degC_UDDS_Pan18650PF,15753,5.160928726196289,6.426044940948486,3.931597948074341,5.266720294952393,10.603472709655762,11.756624221801758,A2-0,505,ood(-20C),S1
06-24-17_04.29 n20degC_Cycle_1_Pan18650PF,4752,17.6080379486084,19.133773803710938,17.551179885864258,19.076799392700195,20.16110610961914,22.1735897064209,A2-0,505,ood(-20C),S1
06-24-17_11.58 n20degC_Cycle_2_Pan18650PF,4718,16.20331382751465,17.696115493774414,16.175241470336914,17.667278289794922,19.785266876220703,21.06223487854004,A2-0,505,ood(-20C),S1
06-24-17_19.29 n20degC_Cycle_3_Pan18650PF,4695,16.29913330078125,17.751798629760742,16.251310348510742,17.71132469177246,21.421072006225586,23.234895706176758,A2-0,505,ood(-20C),S1
06-25-17_03.01 n20degC_Cycle_4_Pan18650PF,4715,13.217724800109863,14.773957252502441,13.189414978027344,14.736075401306152,15.192038536071777,17.115385055541992,A2-0,505,ood(-20C),S1
06-25-17_10.31 n20degC_US06_Pan18650PF,2333,17.03714370727539,18.27241325378418,16.91422462463379,18.1755313873291,20.965356826782227,21.93364143371582,A2-0,505,ood(-20C),S1
03-21-17_00.29 25degC_UDDS_Pan18650PF,22119,1.5091198682785034,0.9984211325645447,1.4729361534118652,0.8746711611747742,2.8923842906951904,3.8165955543518066,A2-0,606,val(25C),S1
03-18-17_02.17 25degC_Cycle_1_Pan18650PF,10655,0.5577367544174194,0.7019631266593933,0.4274957478046417,0.5716664791107178,2.8576183319091797,2.0325608253479004,A2-0,606,test_id(25C),S1
03-19-17_03.25 25degC_Cycle_2_Pan18650PF,10819,0.7980073094367981,0.7355585098266602,0.6773711442947388,0.5042656064033508,3.8061656951904297,3.6523942947387695,A2-0,606,test_id(25C),S1
03-19-17_09.07 25degC_Cycle_3_Pan18650PF,9936,0.5716968774795532,0.4405648410320282,0.526796817779541,0.3034510612487793,1.0240869522094727,1.5954653024673462,A2-0,606,test_id(25C),S1
03-19-17_14.31 25degC_Cycle_4_Pan18650PF,11778,0.9032625555992126,0.6471594572067261,0.7918484807014465,0.4843960702419281,3.374241828918457,3.1257622241973877,A2-0,606,test_id(25C),S1
03-27-17_09.06 10degC_HWFET_Pan18650PF,10263,2.4030654430389404,2.9205338954925537,1.952929139137268,2.2872560024261475,8.288605690002441,8.271023750305176,A2-0,606,ood(10C),S1
03-27-17_09.06 10degC_LA92_Pan18650PF,15817,1.838112235069275,2.6193618774414062,1.6532007455825806,2.2636308670043945,3.1014151573181152,4.647733688354492,A2-0,606,ood(10C),S1
03-27-17_09.06 10degC_NN_Pan18650PF,13750,1.384708285331726,2.1237146854400635,1.2487564086914062,1.8115897178649902,2.603825330734253,3.982198715209961,A2-0,606,ood(10C),S1
03-27-17_09.06 10degC_UDDS_Pan18650PF,24281,0.7483742237091064,1.4478970766067505,0.6570649743080139,1.2999285459518433,2.0992648601531982,3.2190499305725098,A2-0,606,ood(10C),S1
03-27-17_09.06 10degC_US06_Pan18650PF,3882,2.582253932952881,3.384428024291992,2.5074548721313477,3.340381145477295,3.63446307182312,4.967677593231201,A2-0,606,ood(10C),S1
03-28-17_12.51 10degC_Cycle_1_Pan18650PF,9067,1.8653419017791748,2.845747947692871,1.7895753383636475,2.7969162464141846,2.5742242336273193,3.998687267303467,A2-0,606,ood(10C),S1
03-28-17_18.18 10degC_Cycle_2_Pan18650PF,7795,3.0697789192199707,4.055511474609375,3.0289480686187744,4.026978015899658,4.284008502960205,5.524680137634277,A2-0,606,ood(10C),S1
04-05-17_17.04 10degC_Cycle_3_Pan18650PF,9769,2.631728172302246,3.584073543548584,2.4990668296813965,3.469520092010498,6.371574878692627,6.231731414794922,A2-0,606,ood(10C),S1
04-05-17_22.50 10degC_Cycle_4_Pan18650PF,9589,1.091448426246643,2.0392086505889893,1.0099141597747803,1.9599618911743164,1.8464959859848022,3.127380609512329,A2-0,606,ood(10C),S1
05-30-17_12.56 0degC_Cycle_1_Pan18650PF,8487,4.934931755065918,5.893163204193115,4.733814239501953,5.673339366912842,7.470005512237549,9.358043670654297,A2-0,606,ood(0C),S1
05-30-17_20.16 0degC_Cycle_2_Pan18650PF,8060,5.283172130584717,6.199914932250977,4.996809482574463,5.834985733032227,9.116023063659668,10.408370971679688,A2-0,606,ood(0C),S1
06-01-17_10.36 0degC_LA92_Pan18650PF,15077,2.095378875732422,2.7722909450531006,1.7240800857543945,2.1299710273742676,3.831493616104126,4.898536682128906,A2-0,606,ood(0C),S1
06-01-17_10.36 0degC_NN_Pan18650PF,13148,1.457082748413086,2.0246310234069824,1.2210693359375,1.4920681715011597,3.2343292236328125,4.627437114715576,A2-0,606,ood(0C),S1
06-01-17_15.36 0degC_Cycle_3_Pan18650PF,5931,6.142489433288574,7.068746566772461,5.865081310272217,6.747230052947998,8.96208667755127,10.108795166015625,A2-0,606,ood(0C),S1
06-01-17_22.03 0degC_Cycle_4_Pan18650PF,7389,3.171359062194824,4.199270725250244,3.049534559249878,4.105464935302734,4.093801021575928,5.406068801879883,A2-0,606,ood(0C),S1
06-02-17_04.58 0degC_US06_Pan18650PF,3344,6.671102523803711,7.579042434692383,6.200530529022217,7.04330587387085,8.390694618225098,9.516511917114258,A2-0,606,ood(0C),S1
06-02-17_10.43 0degC_HWFET_Pan18650PF,5670,7.212000370025635,8.299095153808594,6.990440368652344,8.098892211914062,9.013738632202148,10.330805778503418,A2-0,606,ood(0C),S1
06-02-17_17.14 0degC_UDDS_Pan18650PF,12540,3.190485954284668,4.223099708557129,2.9935877323150635,4.074787139892578,4.677614212036133,5.9803571701049805,A2-0,606,ood(0C),S1
06-07-17_08.39 n10degC_HWFET_Pan18650PF,11951,3.4016926288604736,4.04573392868042,2.381418228149414,2.6738953590393066,8.346379280090332,9.672050476074219,A2-0,606,ood(-10C),S1
06-07-17_08.39 n10degC_LA92_Pan18650PF,13765,3.662468671798706,4.317994117736816,2.644167900085449,3.000187873840332,8.308347702026367,9.662200927734375,A2-0,606,ood(-10C),S1
06-07-17_08.39 n10degC_UDDS_Pan18650PF,17786,4.724403381347656,5.523932456970215,3.6963131427764893,4.269947052001953,8.852611541748047,10.371623992919922,A2-0,606,ood(-10C),S1
06-07-17_08.39 n10degC_US06_Pan18650PF,9929,1.5720794200897217,1.950294017791748,1.2001672983169556,1.2151275873184204,4.790685653686523,5.55682897567749,A2-0,606,ood(-10C),S1
06-10-17_11.25 n10degC_Cycle_1_Pan18650PF,5706,6.60512638092041,7.657858848571777,6.451104164123535,7.523046493530273,8.205490112304688,9.560564041137695,A2-0,606,ood(-10C),S1
06-10-17_18.35 n10degC_Cycle_2_Pan18650PF,5654,12.16176986694336,13.231952667236328,12.135697364807129,13.207036972045898,13.866462707519531,15.040314674377441,A2-0,606,ood(-10C),S1
06-11-17_01.39 n10degC_Cycle_3_Pan18650PF,5368,12.64407730102539,13.69501781463623,12.542119026184082,13.60150146484375,16.49686050415039,17.678178787231445,A2-0,606,ood(-10C),S1
06-11-17_08.42 n10degC_Cycle_4_Pan18650PF,5791,5.355126857757568,6.3223652839660645,4.935229301452637,5.835426330566406,8.565593719482422,9.734383583068848,A2-0,606,ood(-10C),S1
06-14-17_13.12 n10degC_NN_Pan18650PF,4939,11.515380859375,12.558968544006348,11.487773895263672,12.53269100189209,13.074525833129883,14.34712028503418,A2-0,606,ood(-10C),S1
06-23-17_23.35 n20degC_HWFET_Pan18650PF,11042,1.3390394449234009,1.840038537979126,0.9279404282569885,1.256145715713501,4.9586405754089355,6.305454730987549,A2-0,606,ood(-20C),S1
06-23-17_23.35 n20degC_LA92_Pan18650PF,12521,1.699766755104065,2.299976348876953,1.2532685995101929,1.650568962097168,5.283014297485352,6.581442356109619,A2-0,606,ood(-20C),S1
06-23-17_23.35 n20degC_NN_Pan18650PF,11350,1.1017630100250244,1.2235583066940308,0.8814716339111328,0.6842858791351318,3.7301185131073,5.001544952392578,A2-0,606,ood(-20C),S1
06-23-17_23.35 n20degC_UDDS_Pan18650PF,15753,5.160928726196289,5.94777250289917,3.931597948074341,4.4670729637146,10.603472709655762,12.037728309631348,A2-0,606,ood(-20C),S1
06-24-17_04.29 n20degC_Cycle_1_Pan18650PF,4752,17.6080379486084,18.66846466064453,17.551179885864258,18.613950729370117,20.16110610961914,21.389562606811523,A2-0,606,ood(-20C),S1
06-24-17_11.58 n20degC_Cycle_2_Pan18650PF,4718,16.20331382751465,17.26763916015625,16.175241470336914,17.238866806030273,19.785266876220703,21.247037887573242,A2-0,606,ood(-20C),S1
06-24-17_19.29 n20degC_Cycle_3_Pan18650PF,4695,16.29913330078125,17.354923248291016,16.251310348510742,17.312585830688477,21.421072006225586,22.533113479614258,A2-0,606,ood(-20C),S1
06-25-17_03.01 n20degC_Cycle_4_Pan18650PF,4715,13.217724800109863,14.29830265045166,13.189414978027344,14.270237922668457,15.192038536071777,16.584110260009766,A2-0,606,ood(-20C),S1
06-25-17_10.31 n20degC_US06_Pan18650PF,2333,17.03714370727539,18.035804748535156,16.91422462463379,17.918537139892578,20.965356826782227,22.102413177490234,A2-0,606,ood(-20C),S1
03-21-17_00.29 25degC_UDDS_Pan18650PF,22119,1.5091198682785034,1.100767731666565,1.4729361534118652,0.921579897403717,2.8923842906951904,3.9680376052856445,A2-0,707,val(25C),S1
03-18-17_02.17 25degC_Cycle_1_Pan18650PF,10655,0.5577367544174194,0.7298441529273987,0.4274957478046417,0.6174566149711609,2.8576183319091797,1.9169002771377563,A2-0,707,test_id(25C),S1
03-19-17_03.25 25degC_Cycle_2_Pan18650PF,10819,0.7980073094367981,0.6194825768470764,0.6773711442947388,0.41423043608665466,3.8061656951904297,2.3825345039367676,A2-0,707,test_id(25C),S1
03-19-17_09.07 25degC_Cycle_3_Pan18650PF,9936,0.5716968774795532,0.37947750091552734,0.526796817779541,0.2888064682483673,1.0240869522094727,1.4665579795837402,A2-0,707,test_id(25C),S1
03-19-17_14.31 25degC_Cycle_4_Pan18650PF,11778,0.9032625555992126,0.6200416684150696,0.7918484807014465,0.47113627195358276,3.374241828918457,2.665184736251831,A2-0,707,test_id(25C),S1
03-27-17_09.06 10degC_HWFET_Pan18650PF,10263,2.4030654430389404,2.3839170932769775,1.952929139137268,1.8435122966766357,8.288605690002441,6.921000003814697,A2-0,707,ood(10C),S1
03-27-17_09.06 10degC_LA92_Pan18650PF,15817,1.838112235069275,2.546358585357666,1.6532007455825806,2.218306064605713,3.1014151573181152,4.007261753082275,A2-0,707,ood(10C),S1
03-27-17_09.06 10degC_NN_Pan18650PF,13750,1.384708285331726,1.9652587175369263,1.2487564086914062,1.7050505876541138,2.603825330734253,3.4893627166748047,A2-0,707,ood(10C),S1
03-27-17_09.06 10degC_UDDS_Pan18650PF,24281,0.7483742237091064,1.3276727199554443,0.6570649743080139,1.2113591432571411,2.0992648601531982,2.5296311378479004,A2-0,707,ood(10C),S1
03-27-17_09.06 10degC_US06_Pan18650PF,3882,2.582253932952881,3.2459328174591064,2.5074548721313477,3.2213501930236816,3.63446307182312,4.194087982177734,A2-0,707,ood(10C),S1
03-28-17_12.51 10degC_Cycle_1_Pan18650PF,9067,1.8653419017791748,2.7063214778900146,1.7895753383636475,2.6615123748779297,2.5742242336273193,3.517974376678467,A2-0,707,ood(10C),S1
03-28-17_18.18 10degC_Cycle_2_Pan18650PF,7795,3.0697789192199707,3.9411728382110596,3.0289480686187744,3.915958881378174,4.284008502960205,5.259252548217773,A2-0,707,ood(10C),S1
04-05-17_17.04 10degC_Cycle_3_Pan18650PF,9769,2.631728172302246,3.445614814758301,2.4990668296813965,3.3233776092529297,6.371574878692627,5.688007354736328,A2-0,707,ood(10C),S1
04-05-17_22.50 10degC_Cycle_4_Pan18650PF,9589,1.091448426246643,1.845755696296692,1.0099141597747803,1.7228258848190308,1.8464959859848022,2.980635404586792,A2-0,707,ood(10C),S1
05-30-17_12.56 0degC_Cycle_1_Pan18650PF,8487,4.934931755065918,5.370683193206787,4.733814239501953,5.023347854614258,7.470005512237549,8.091874122619629,A2-0,707,ood(0C),S1
05-30-17_20.16 0degC_Cycle_2_Pan18650PF,8060,5.283172130584717,5.768330097198486,4.996809482574463,5.307495594024658,9.116023063659668,10.14537525177002,A2-0,707,ood(0C),S1
06-01-17_10.36 0degC_LA92_Pan18650PF,15077,2.095378875732422,2.741816997528076,1.7240800857543945,2.1490912437438965,3.831493616104126,4.690908432006836,A2-0,707,ood(0C),S1
06-01-17_10.36 0degC_NN_Pan18650PF,13148,1.457082748413086,1.9669007062911987,1.2210693359375,1.4918265342712402,3.2343292236328125,4.2287068367004395,A2-0,707,ood(0C),S1
06-01-17_15.36 0degC_Cycle_3_Pan18650PF,5931,6.142489433288574,6.9855427742004395,5.865081310272217,6.6306304931640625,8.96208667755127,10.261035919189453,A2-0,707,ood(0C),S1
06-01-17_22.03 0degC_Cycle_4_Pan18650PF,7389,3.171359062194824,4.080012321472168,3.049534559249878,3.9615657329559326,4.093801021575928,5.3515625,A2-0,707,ood(0C),S1
06-02-17_04.58 0degC_US06_Pan18650PF,3344,6.671102523803711,7.460597515106201,6.200530529022217,6.85356330871582,8.390694618225098,9.638147354125977,A2-0,707,ood(0C),S1
06-02-17_10.43 0degC_HWFET_Pan18650PF,5670,7.212000370025635,7.754673480987549,6.990440368652344,7.473942279815674,9.013738632202148,10.23615837097168,A2-0,707,ood(0C),S1
06-02-17_17.14 0degC_UDDS_Pan18650PF,12540,3.190485954284668,4.162510871887207,2.9935877323150635,3.9816250801086426,4.677614212036133,5.943875312805176,A2-0,707,ood(0C),S1
06-07-17_08.39 n10degC_HWFET_Pan18650PF,11951,3.4016926288604736,3.814262866973877,2.381418228149414,2.604696273803711,8.346379280090332,8.887502670288086,A2-0,707,ood(-10C),S1
06-07-17_08.39 n10degC_LA92_Pan18650PF,13765,3.662468671798706,4.254214763641357,2.644167900085449,3.0257046222686768,8.308347702026367,9.229272842407227,A2-0,707,ood(-10C),S1
06-07-17_08.39 n10degC_UDDS_Pan18650PF,17786,4.724403381347656,5.455758094787598,3.6963131427764893,4.274862766265869,8.852611541748047,9.838825225830078,A2-0,707,ood(-10C),S1
06-07-17_08.39 n10degC_US06_Pan18650PF,9929,1.5720794200897217,1.8682835102081299,1.2001672983169556,1.2537004947662354,4.790685653686523,5.0186004638671875,A2-0,707,ood(-10C),S1
06-10-17_11.25 n10degC_Cycle_1_Pan18650PF,5706,6.60512638092041,7.484044075012207,6.451104164123535,7.362378120422363,8.205490112304688,8.79823112487793,A2-0,707,ood(-10C),S1
06-10-17_18.35 n10degC_Cycle_2_Pan18650PF,5654,12.16176986694336,13.084778785705566,12.135697364807129,13.05698013305664,13.866462707519531,15.152151107788086,A2-0,707,ood(-10C),S1
06-11-17_01.39 n10degC_Cycle_3_Pan18650PF,5368,12.64407730102539,13.561763763427734,12.542119026184082,13.45522403717041,16.49686050415039,17.765615463256836,A2-0,707,ood(-10C),S1
06-11-17_08.42 n10degC_Cycle_4_Pan18650PF,5791,5.355126857757568,6.18766975402832,4.935229301452637,5.72950553894043,8.565593719482422,9.15249252319336,A2-0,707,ood(-10C),S1
06-14-17_13.12 n10degC_NN_Pan18650PF,4939,11.515380859375,12.463401794433594,11.487773895263672,12.430525779724121,13.074525833129883,14.368436813354492,A2-0,707,ood(-10C),S1
06-23-17_23.35 n20degC_HWFET_Pan18650PF,11042,1.3390394449234009,1.7492856979370117,0.9279404282569885,1.2602852582931519,4.9586405754089355,5.695652484893799,A2-0,707,ood(-20C),S1
06-23-17_23.35 n20degC_LA92_Pan18650PF,12521,1.699766755104065,2.2596611976623535,1.2532685995101929,1.6897997856140137,5.283014297485352,6.07285213470459,A2-0,707,ood(-20C),S1
06-23-17_23.35 n20degC_NN_Pan18650PF,11350,1.1017630100250244,1.2038002014160156,0.8814716339111328,0.736793577671051,3.7301185131073,4.602296352386475,A2-0,707,ood(-20C),S1
06-23-17_23.35 n20degC_UDDS_Pan18650PF,15753,5.160928726196289,5.882879257202148,3.931597948074341,4.477138996124268,10.603472709655762,11.16817855834961,A2-0,707,ood(-20C),S1
06-24-17_04.29 n20degC_Cycle_1_Pan18650PF,4752,17.6080379486084,18.54278564453125,17.551179885864258,18.485197067260742,20.16110610961914,21.345792770385742,A2-0,707,ood(-20C),S1
06-24-17_11.58 n20degC_Cycle_2_Pan18650PF,4718,16.20331382751465,17.129255294799805,16.175241470336914,17.102819442749023,19.785266876220703,20.347177505493164,A2-0,707,ood(-20C),S1
06-24-17_19.29 n20degC_Cycle_3_Pan18650PF,4695,16.29913330078125,17.208555221557617,16.251310348510742,17.165367126464844,21.421072006225586,22.343915939331055,A2-0,707,ood(-20C),S1
06-25-17_03.01 n20degC_Cycle_4_Pan18650PF,4715,13.217724800109863,14.176294326782227,13.189414978027344,14.139869689941406,15.192038536071777,16.50494956970215,A2-0,707,ood(-20C),S1
06-25-17_10.31 n20degC_US06_Pan18650PF,2333,17.03714370727539,17.874635696411133,16.91422462463379,17.779008865356445,20.965356826782227,21.78019142150879,A2-0,707,ood(-20C),S1
